checkpoint_sha256,collision,collision_steps,condition,dropped,failure_stage,first_action,goal_id,initial_rgbd_robot_camera_pose_sha256,instantaneous_success_v1,instruction,longest_stable_seconds,max_lift_m,mode,model,object_id,placement_error_m,placement_error_xyz_m,policy_p50_ms,policy_p95_ms,preprocess_p50_ms,preprocess_p95_ms,released_in_tray,scene_seed,selected_grasped,selected_lifted,simulation_seconds,stable_success,steps,success,target_approached,total_p50_ms,total_p95_ms,training_seed,transport_reached,wall_seconds,wrong_destination,wrong_object_lifted,wrong_target
444aa2e097000653ffff70bcc420740f13ffd7e1b26c6bd3e1e444eb4bea9263,True,1,nominal,False,selection,"[0.7788550853729248, 0.8620492815971375, -0.8020815849304199, 0.0009666529949754477, 0.0050670308992266655, -0.0034149184357374907, -1.0]",0,618cc0427a67668783ba9996d3e5ea40b6817b7e279bfdb37542daa992f1c499,False,Place the red cube in the blue receptacle.,0.0,0.8207844891595659,fusion,v1_fusion,0,0.19730493122197093,0.1973499592504455,23.149099999500322,29.94844999957422,10.018799999670591,14.502044998880592,False,300000,False,False,12.0,False,240,False,False,33.3106999987649,43.60013499754132,0,False,9.596765300000698,False,True,True
444aa2e097000653ffff70bcc420740f13ffd7e1b26c6bd3e1e444eb4bea9263,False,0,nominal,False,transport,"[0.7709941267967224, 0.7881673574447632, -0.8230972290039062, 0.0011826124973595142, 0.00512431375682354, -0.0036780976224690676, -0.9997519254684448]",0,7aada1ca3067d195598a2918c62a9c0791c7da7b029c7002b44536c345d11e8f,False,Place the green cube in the blue receptacle.,0.0,0.9891865622779811,fusion,v1_fusion,1,0.36937650223767,0.36939987242272815,23.089849999450962,29.53449500091665,10.271799999827635,14.452224999877217,False,300001,True,True,12.0,False,240,False,True,33.34300000096846,43.5900650016265,0,False,9.515458700003364,True,False,False
444aa2e097000653ffff70bcc420740f13ffd7e1b26c6bd3e1e444eb4bea9263,False,0,nominal,False,unstable_placement,"[0.790071964263916, -0.8539738059043884, -0.7763209342956543, 0.006382006220519543, 0.006981397978961468, -0.009899284690618515, -1.0]",1,e28bd4c3500c7df81092fa51c89d0d40eddaf84b120100ce3396fa20b5a4d300,True,Place the red cube in the yellow receptacle.,0.39999999999995595,0.9908900251531528,fusion,v1_fusion,0,0.0674226280964629,0.07347436878222005,23.17370000127994,29.642324998349068,10.079449999466306,13.966674999210227,True,300002,True,True,12.0,False,240,False,True,33.449649998146924,43.405929998152715,0,True,9.377755699999398,False,False,False
444aa2e097000653ffff70bcc420740f13ffd7e1b26c6bd3e1e444eb4bea9263,False,0,nominal,False,grasp,"[0.7912824153900146, -0.7681102752685547, -0.7946925163269043, 0.006090410985052586, 0.007170261349529028, -0.009630716405808926, -1.0]",1,eb6ea41f8719229bd27f9abfe3f10a4adf95726b125d5d415d4321b38593de34,False,Place the green cube in the yellow receptacle.,0.0,0.8228476058072581,fusion,v1_fusion,1,0.2084373431973947,0.20847996683334907,23.11175000068033,29.467719998319808,9.694099999251193,13.880620002601063,False,300003,False,False,12.0,False,240,False,True,32.6286000017717,42.76962999920215,0,False,9.147434699996666,False,False,False
444aa2e097000653ffff70bcc420740f13ffd7e1b26c6bd3e1e444eb4bea9263,False,0,nominal,False,selection,"[0.7843431234359741, 0.8355082273483276, -0.8126435279846191, 0.0009626050014048815, 0.0052612959407269955, -0.0034766593016684055, -1.0]",0,d5229a6169580d54bedb44c8f5f3d032436c3ca095eaad25250d8856664c355a,False,Place the red cube in the blue receptacle.,0.0,0.8207844891595659,fusion,v1_fusion,0,0.3356082578604727,0.3356347319271165,23.170200000095065,29.65158499973768,10.279449999870849,14.474655000776693,False,300004,False,False,12.0,False,240,False,False,33.596850000321865,43.760860002475965,0,False,9.401919400002953,False,True,True
444aa2e097000653ffff70bcc420740f13ffd7e1b26c6bd3e1e444eb4bea9263,False,0,nominal,False,grasp,"[0.7635176777839661, 0.8580576777458191, -0.8162996768951416, 0.0010587400756776333, 0.004882403649389744, -0.0033576900605112314, -0.9735456705093384]",0,cc28020c5a50fe707c2e37857acb328d4744a94e394f140371949bab65179074,False,Place the green cube in the blue receptacle.,0.0,0.8286225059357668,fusion,v1_fusion,1,0.261321262758647,0.26135526185906344,22.989399998550653,29.58985000022949,9.7417500019219,13.816020000740535,False,300005,False,False,12.0,False,240,False,True,32.97299999940151,43.04297500220855,0,False,9.150213100001565,False,False,False
444aa2e097000653ffff70bcc420740f13ffd7e1b26c6bd3e1e444eb4bea9263,True,1,nominal,False,unstable_placement,"[0.7831771373748779, 0.864311933517456, -0.797910213470459, 0.0009283395484089851, 0.005181143060326576, -0.003391529433429241, -1.0]",1,0385b4f0895b2b4871cbc3cb841581f5bee8e86b1c72c3958786d30060a7938c,True,Place the red cube in the yellow receptacle.,0.6999999999999229,0.9894379394372326,fusion,v1_fusion,0,0.14625216821093664,0.2035471111494852,23.052750002534594,29.597474999536644,10.14729999951669,14.40427999914391,True,300006,True,True,12.0,False,240,False,True,33.24515000167594,43.4863550004593,0,True,9.489072599997598,False,False,False
444aa2e097000653ffff70bcc420740f13ffd7e1b26c6bd3e1e444eb4bea9263,False,0,nominal,False,success,"[0.7617934346199036, 0.8310521841049194, -0.8051577806472778, 0.0010393059346824884, 0.005135191138833761, -0.0033811258617788553, -0.966938853263855]",1,c69622cfeadc9bdddacdd26bcc4c4a74807498c9664b178b6e03300bc82bf6c2,True,Place the green cube in the yellow receptacle.,1.000000000000334,0.9903226290809908,fusion,v1_fusion,1,0.016639421029650124,0.0170643690302582,23.186049998912495,30.404635000923005,10.245949999443837,14.166375000058904,True,300007,True,True,9.35,True,187,True,True,33.60065000015311,43.59853000023577,0,True,7.310850300000311,False,False,False
444aa2e097000653ffff70bcc420740f13ffd7e1b26c6bd3e1e444eb4bea9263,False,0,nominal,False,selection,"[0.7839913964271545, 0.8259690999984741, -0.81415855884552, 0.001046051736921072, 0.005224325228482485, -0.003571650478988886, -1.0]",0,570a7213b7a3b0ed8621d7b9fabbda311b5712a6c5122f8729a1f4a12e93835d,False,Place the red cube in the blue receptacle.,0.0,0.8207844891595659,fusion,v1_fusion,0,0.3158570677288891,0.31588519713012486,23.08889999767416,29.49927499957994,9.994100002586492,13.983909999296884,False,300008,False,False,12.0,False,240,False,False,33.00749999834807,43.363895000948105,0,False,9.154947399998491,False,True,True
444aa2e097000653ffff70bcc420740f13ffd7e1b26c6bd3e1e444eb4bea9263,False,0,nominal,False,unstable_placement,"[0.7688353657722473, -0.8619236946105957, -0.8000785112380981, 0.006471739150583744, 0.006750467233359814, -0.009501799941062927, -0.9457664489746094]",0,b0f3241941526b230d7c1c4864775079d60f12f7e296e33507613a1d5e1f4d06,True,Place the green cube in the blue receptacle.,0.34999999999996145,0.9908274022332013,fusion,v1_fusion,1,0.037235061494109906,0.03742689090291869,23.3348500005377,29.593409999506548,10.258700001941179,14.38099999922997,True,300009,True,True,12.0,False,240,False,True,33.488900000520516,43.5039499983759,0,True,9.472235599998385,False,False,False
444aa2e097000653ffff70bcc420740f13ffd7e1b26c6bd3e1e444eb4bea9263,False,0,nominal,False,unstable_placement,"[0.7799121737480164, 0.8913264274597168, -0.7960712909698486, 0.0010385559871792793, 0.004879450891166925, -0.003306393977254629, -1.0]",1,1b9a75dbff04a39f82b9e9964b4069592c8eef3fdaf43d4c6d4d998829598005,True,Place the red cube in the yellow receptacle.,0.6999999999999229,0.9931064154197027,fusion,v1_fusion,0,0.23559622975096567,0.27559486555501367,22.96530000057828,29.40402499934862,10.0275499989948,14.151584999854094,True,300010,True,True,12.0,False,240,False,True,33.016349998433725,43.332074998943426,0,True,9.279480200002581,False,False,False
444aa2e097000653ffff70bcc420740f13ffd7e1b26c6bd3e1e444eb4bea9263,False,0,nominal,False,grasp,"[0.7677918076515198, 0.8224416971206665, -0.820541501045227, 0.0010521986987441778, 0.005151175893843174, -0.0034928282257169485, -0.9969050884246826]",1,060190a1f31221adcbb23a324297a02e64e258a35628d470f37e090fb16feecf,False,Place the green cube in the yellow receptacle.,0.0,0.8207844891595659,fusion,v1_fusion,1,0.30202080644179097,0.3020502243922285,23.097299997971277,29.443875001379638,9.785050000573392,13.909425002566422,False,300011,False,False,12.0,False,240,False,True,32.760899997811066,42.98218000149063,0,False,9.105989700001373,False,False,False
444aa2e097000653ffff70bcc420740f13ffd7e1b26c6bd3e1e444eb4bea9263,False,0,nominal,False,unstable_placement,"[0.7867410182952881, -0.8914856910705566, -0.7633917331695557, 0.006525135599076748, 0.006927823647856712, -0.009766463190317154, -0.9888395071029663]",0,1e7facf5c27b60265c8e032e7a58cc399c32ef47006c419b7010eb49eb1516bc,True,Place the red cube in the blue receptacle.,0.5999999999999339,0.9957264083912121,fusion,v1_fusion,0,0.13630245392931564,0.19870621226598248,23.046050000630203,29.569439999977476,10.060500000690809,14.437540001017624,True,300012,True,True,12.0,False,240,False,True,33.120349999080645,43.16731000053551,0,True,9.28157889999784,False,False,False
444aa2e097000653ffff70bcc420740f13ffd7e1b26c6bd3e1e444eb4bea9263,True,1,nominal,False,grasp,"[0.7787178158760071, -0.8864302635192871, -0.7887333631515503, 0.006482396274805069, 0.006764189340174198, -0.009580964222550392, -0.9663159847259521]",0,d5756ede5366e38fdc8d530a216fde85bdb6966b0a5cf3940ea0fb1ec2a8ade8,False,Place the green cube in the blue receptacle.,0.0,0.822442902940055,fusion,v1_fusion,1,0.26596267361569226,0.26599607946068127,23.000499999398016,29.44919999845297,9.663999999247608,13.008680000348248,False,300013,True,False,12.0,False,240,False,True,32.811699999001576,40.46086499965895,0,False,8.919428599998355,False,False,False
444aa2e097000653ffff70bcc420740f13ffd7e1b26c6bd3e1e444eb4bea9263,False,0,nominal,False,grasp,"[0.7712236642837524, 0.8771408200263977, -0.7902946472167969, 0.000906884204596281, 0.005022279918193817, -0.003251096233725548, -0.9964261054992676]",1,e470269c9dbba30eecd298362adb62ff9e9f342387d8ffcee27174ff33b177e6,False,Place the red cube in the yellow receptacle.,0.0,0.8207844891595659,fusion,v1_fusion,0,0.3073956824361346,0.30742458605652,23.8090499988175,32.029185002829756,9.96224999835249,14.080235000619723,False,300014,False,False,12.0,False,240,False,True,33.770199999707984,45.59546500368015,0,False,9.393067599998176,False,False,False
444aa2e097000653ffff70bcc420740f13ffd7e1b26c6bd3e1e444eb4bea9263,True,2,nominal,False,selection,"[0.7811200618743896, 0.8488237857818604, -0.806681752204895, 0.001048133708536625, 0.005196339450776577, -0.003455767408013344, -1.0]",1,3d040b71d43ddc7fdb9be4189a7d003caa5f5780032316826993650530200741,False,Place the green cube in the yellow receptacle.,0.0,0.8207844891595659,fusion,v1_fusion,1,0.27773635232483124,0.2777683422104625,23.058900000251015,30.058640001698222,10.035049999714829,14.320489999045094,False,300015,False,False,12.0,False,240,False,False,33.14285000124073,43.725169998833735,0,False,9.265356799998699,False,True,True
444aa2e097000653ffff70bcc420740f13ffd7e1b26c6bd3e1e444eb4bea9263,True,1,nominal,False,success,"[0.7822416424751282, -0.8427022695541382, -0.7726544141769409, 0.006345393136143684, 0.006978621240705252, -0.009646864607930183, -0.9966838359832764]",0,b83610388891056688ace00db02eff47d82915bdbff13cf8dc6565bee1bbbe89,True,Place the red cube in the blue receptacle.,1.000000000000334,0.9875301742361549,fusion,v1_fusion,0,0.012592868463080432,0.013149246850749927,22.84739999959129,29.723260000173468,10.151000002224464,14.492539998173015,True,300016,True,True,10.25,True,205,True,True,33.01579999970272,44.09652000031201,0,True,8.173669600000721,False,False,False
444aa2e097000653ffff70bcc420740f13ffd7e1b26c6bd3e1e444eb4bea9263,False,0,nominal,False,selection_no_approach,"[0.7808679938316345, -0.8257341384887695, -0.807684063911438, 0.006364745087921619, 0.006809566635638475, -0.009548500180244446, -0.9778484106063843]",0,ec8b657c2bfcf71b937e69429392aaf224ab9d6f86953c4e0926bf1879e4be86,False,Place the green cube in the blue receptacle.,0.0,0.8207844891595659,fusion,v1_fusion,1,0.1946359515398369,0.19468159687927247,23.09014999991632,29.486225000982813,9.6526500001346,13.150880000830512,False,300017,False,False,12.0,False,240,False,False,33.00944999864441,42.383474997404846,0,False,9.065919799999392,False,False,False
444aa2e097000653ffff70bcc420740f13ffd7e1b26c6bd3e1e444eb4bea9263,False,0,nominal,False,grasp,"[0.7716954946517944, 0.8646387457847595, -0.79683518409729, 0.0008824148681014776, 0.0051520755514502525, -0.0033038961701095104, -1.0]",1,f173d088be28c5cb58b57e1481d45ecb64944e3eedf64dd77a2f8a4298df4dd4,False,Place the red cube in the yellow receptacle.,0.0,0.8207844891595659,fusion,v1_fusion,0,0.3285353631656143,0.32856240713448626,23.124200000893325,29.55904500304314,9.977199999411823,13.990880000346804,False,300018,False,False,12.0,False,240,False,True,32.976399999824935,43.3779599969057,0,False,9.221456499999476,False,False,False
444aa2e097000653ffff70bcc420740f13ffd7e1b26c6bd3e1e444eb4bea9263,False,0,nominal,False,release,"[0.7915820479393005, -0.8854034543037415, -0.7808883190155029, 0.00650233868509531, 0.0069826515391469, -0.009821241721510887, -1.0]",1,1eadadd7ab0505b8f1ac3c594a90befdd59110d748d6e3af749a5d53c1974993,True,Place the green cube in the yellow receptacle.,0.0,1.0013189815520631,fusion,v1_fusion,1,0.1343669123372323,0.13442196231825024,22.935400000278605,29.223475002254418,9.962699999960023,14.050475000112783,False,300019,True,True,12.0,False,240,False,True,32.800749999296386,42.88449500072602,0,True,9.204259999998612,False,False,False
444aa2e097000653ffff70bcc420740f13ffd7e1b26c6bd3e1e444eb4bea9263,False,0,nominal,False,selection_no_approach,"[0.790839433670044, -0.829721212387085, -0.7757430076599121, 0.006232071667909622, 0.006893581710755825, -0.009672196581959724, -1.0]",0,62fbcff6e98309523b32f613824acc69ba62c742aa149e708b6eff42bda03b55,False,Place the red cube in the blue receptacle.,0.0,0.8207844891595659,fusion,v1_fusion,0,0.31332636236069644,0.31335471893978595,22.90184999947087,29.616125002758054,9.689499998785323,13.8952250003058,False,300020,False,False,12.0,False,240,False,False,32.81579999929818,43.33524499743362,0,False,9.073836499999743,False,False,False
444aa2e097000653ffff70bcc420740f13ffd7e1b26c6bd3e1e444eb4bea9263,False,0,nominal,False,grasp,"[0.7821997404098511, -0.8480697274208069, -0.8062291145324707, 0.006565213203430176, 0.00675897765904665, -0.00962098315358162, -0.981843113899231]",0,a221ca1c2f016a9ad2a1f58920324146d6f8982025439298f576e201a8f3dad3,False,Place the green cube in the blue receptacle.,0.0,0.8207844891595659,fusion,v1_fusion,1,0.22734344630829278,0.2273825259578612,23.721999999906984,29.737675000433228,9.75664999896253,13.6224099986066,False,300021,False,False,12.0,False,240,False,True,32.88119999706396,42.57836999877327,0,False,9.173135099998035,False,False,False
444aa2e097000653ffff70bcc420740f13ffd7e1b26c6bd3e1e444eb4bea9263,False,0,nominal,False,success,"[0.7747682332992554, -0.900964617729187, -0.7761114835739136, 0.006433491595089436, 0.006977635435760021, -0.009746549651026726, -0.9775558710098267]",1,886bd55daefcd499f9fc4c215117d0269d8b33888ff5bfde9eb688098ee99518,True,Place the red cube in the yellow receptacle.,1.000000000000334,0.9872434759951864,fusion,v1_fusion,0,0.019904460428846797,0.020261043980071718,23.10620000025665,30.26052500172227,10.189150001679081,14.52430000063032,True,300022,True,True,9.55,True,191,True,True,33.261900000070455,44.62710000007064,0,True,7.449407000000065,False,False,False
444aa2e097000653ffff70bcc420740f13ffd7e1b26c6bd3e1e444eb4bea9263,False,0,nominal,False,selection,"[0.7781022787094116, 0.8621118068695068, -0.8066973686218262, 0.001037701964378357, 0.005090669728815556, -0.0033835405483841896, -1.0]",1,b56a2a163700b02b032dd5c52e0849264dfcc224a7ea43ef5415284da4db989c,False,Place the green cube in the yellow receptacle.,0.0,0.8207844891595659,fusion,v1_fusion,1,0.32109934591278855,0.32112701611241995,22.623200000452925,30.581034996976086,10.018450000643497,14.441039999837813,False,300023,False,False,12.0,False,240,False,False,32.8305500006536,44.47106499756046,0,False,8.553324199998315,False,True,True
444aa2e097000653ffff70bcc420740f13ffd7e1b26c6bd3e1e444eb4bea9263,False,0,nominal,False,selection_no_approach,"[0.7783997654914856, 0.8542048931121826, -0.8104665279388428, 0.0010658001992851496, 0.0049901194870471954, -0.0034845422487705946, -1.0]",0,104c8e714ee847db92726d57121421538e3de3b47fa917dda0c9999b8e51ba64,False,Place the red cube in the blue receptacle.,0.0,0.8207844891595659,fusion,v1_fusion,0,0.14442447228470717,0.14448598107208174,13.670150001416914,15.199994999966293,5.945199998677708,7.078760001968476,False,300024,False,False,12.0,False,240,False,False,19.63900000191643,21.923460000107298,0,False,5.581382100001065,False,False,False
444aa2e097000653ffff70bcc420740f13ffd7e1b26c6bd3e1e444eb4bea9263,False,0,nominal,False,selection,"[0.7838602066040039, -0.7930022478103638, -0.8129308223724365, 0.006395247764885426, 0.00699045043438673, -0.009507495909929276, -1.0]",0,2a833a1cf45d9715931a6c247581b62dc40a52c66aed224288ae61ff4c95c871,False,Place the green cube in the blue receptacle.,0.0,0.8207844891595659,fusion,v1_fusion,1,0.3330538375766551,0.3330805146750298,13.510749999113614,15.179004998572054,5.911199999900418,7.529325001814867,False,300025,False,False,12.0,False,240,False,False,19.487099998514168,21.533690000796923,0,False,5.8072757000009005,False,True,True
444aa2e097000653ffff70bcc420740f13ffd7e1b26c6bd3e1e444eb4bea9263,False,0,nominal,False,unstable_placement,"[0.7776803970336914, 0.8801156878471375, -0.786534309387207, 0.0008432173635810614, 0.0052810292690992355, -0.0032626944594085217, -1.0]",1,88268cb48c7647e76522ca8736835741effb0e05b551c4205fc796ac650250c7,True,Place the red cube in the yellow receptacle.,0.8499999999999064,0.989647071211229,fusion,v1_fusion,0,0.13589627830808224,0.13596164528882604,27.385599998524413,32.58608499945694,11.25165000121342,16.218249997291423,True,300026,True,True,12.0,False,240,False,True,39.001849998385296,47.68622999854415,0,True,10.706113100000948,False,False,False
444aa2e097000653ffff70bcc420740f13ffd7e1b26c6bd3e1e444eb4bea9263,False,0,nominal,False,transport,"[0.772649884223938, 0.8409526944160461, -0.811597466468811, 0.0010520087089389563, 0.005016148556023836, -0.00346629461273551, -0.9851471185684204]",1,5d36ecf12c18bbff79658e6b83263f081dbd5ed8a5dbbe29148b635b93816aa8,False,Place the green cube in the yellow receptacle.,0.0,0.9982298892978888,fusion,v1_fusion,1,0.4238333071847924,0.42459730345648605,25.565400001141825,30.236059998242126,10.51394999922195,14.747559998795623,False,300027,True,True,12.0,False,240,False,True,36.17694999957166,44.41566500245244,0,False,10.170794699999533,True,False,False
444aa2e097000653ffff70bcc420740f13ffd7e1b26c6bd3e1e444eb4bea9263,True,2,nominal,False,selection,"[0.7799041867256165, 0.8417899012565613, -0.8164472579956055, 0.0010880508925765753, 0.005070792976766825, -0.003473839955404401, -1.0]",0,7276f65e425c44886d2322a4e4a36cc7796d6f806afb8f8033cb6dc7da0e1bd4,False,Place the red cube in the blue receptacle.,0.0,0.8207844891595659,fusion,v1_fusion,0,0.3043575706869749,0.3043867627971406,26.609049999024137,31.598505000329165,11.10884999980044,15.145979999942938,False,300028,False,False,12.0,False,240,False,False,37.77175000141142,45.89910999893618,0,False,10.591176399997494,False,True,True
444aa2e097000653ffff70bcc420740f13ffd7e1b26c6bd3e1e444eb4bea9263,False,0,nominal,False,selection,"[0.7716901898384094, 0.8044776320457458, -0.8158324956893921, 0.001146676018834114, 0.005230461247265339, -0.003626440651714802, -1.0]",0,1f0ef5b9e80d21f446c4d8e86c08183ce5a1c30753bc926223f2e5810a5f723a,False,Place the green cube in the blue receptacle.,0.0,0.8207844891595659,fusion,v1_fusion,1,0.19374253712673958,0.1937883929030629,26.540000000750297,31.56278500227927,10.638649999236804,14.988445000381034,False,300029,False,False,12.0,False,240,False,False,37.29955000017071,45.5433550016096,0,False,10.069005299999844,False,True,True
444aa2e097000653ffff70bcc420740f13ffd7e1b26c6bd3e1e444eb4bea9263,False,0,nominal,False,selection,"[0.7875522375106812, 0.8569779396057129, -0.7978091239929199, 0.0010336015839129686, 0.005110355094075203, -0.003538871882483363, -1.0]",1,b7bb5331d48012f20d6f6b15fd2a266f5e4f1e5838f733bd51a7e653a5d1d658,False,Place the red cube in the yellow receptacle.,0.0,0.8207844891595659,fusion,v1_fusion,0,0.33959064739501577,0.3396168110235589,27.661650001391536,33.49724999952741,10.846549997950206,15.71448499817052,False,300030,False,False,12.0,False,240,False,False,38.79679999954533,48.20378499898652,0,False,10.23677730000054,False,True,True
444aa2e097000653ffff70bcc420740f13ffd7e1b26c6bd3e1e444eb4bea9263,False,0,nominal,False,selection_no_approach,"[0.7846534848213196, 0.8237951397895813, -0.8027439117431641, 0.0009879423305392265, 0.005303510464727879, -0.0035952706821262836, -1.0]",1,f33e2c24702df5d93eb88b92218db997d68ee16460bb21843c660cc4922ff428,False,Place the green cube in the yellow receptacle.,0.0,0.8251447797378847,fusion,v1_fusion,1,0.2647698893335297,0.264803445652309,27.189699998416472,32.75164000115183,10.397449999800301,15.058350002254883,False,300031,False,False,12.0,False,240,False,False,38.21519999837619,46.06071999787673,0,False,9.675515599999926,False,False,False
444aa2e097000653ffff70bcc420740f13ffd7e1b26c6bd3e1e444eb4bea9263,False,0,nominal,False,selection_no_approach,"[0.7798448801040649, 0.8799836039543152, -0.8011088371276855, 0.0009232247248291969, 0.004980476573109627, -0.003326175734400749, -1.0]",0,726caac55da1a832a5b8336cbcfd0b73d5f2925742b8f52584804ef67ce00717,False,Place the red cube in the blue receptacle.,0.0,0.8207844891595659,fusion,v1_fusion,0,0.19970559270019392,0.19975007956789798,24.10759999838774,31.57745500029705,10.38104999861389,15.043690001402863,False,300032,False,False,12.0,False,240,False,False,34.222599999338854,45.87673500027449,0,False,9.475410299997748,False,False,False
444aa2e097000653ffff70bcc420740f13ffd7e1b26c6bd3e1e444eb4bea9263,True,1,nominal,False,success,"[0.7704766392707825, 0.8296513557434082, -0.8210102319717407, 0.0011521743144840002, 0.004913232289254665, -0.0035642520524561405, -0.9826575517654419]",0,0e11f8b1fda3616a3b4b88416d5a12ee0eaed8df6fc79057d77d97be213ad047,True,Place the green cube in the blue receptacle.,0.9999999999998899,0.989109488099699,fusion,v1_fusion,1,0.037829906435325224,0.03801873458051009,23.455599999579135,31.330259999958795,8.87969999894267,15.222120001999428,True,300033,True,True,6.5,True,130,True,True,33.912499999132706,45.44981999788433,0,True,4.278755199997249,False,False,False
444aa2e097000653ffff70bcc420740f13ffd7e1b26c6bd3e1e444eb4bea9263,True,1,nominal,False,unstable_placement,"[0.7890853881835938, -0.8483542799949646, -0.7897621393203735, 0.006422876380383968, 0.006910208612680435, -0.009784812107682228, -0.9953528642654419]",1,9f6c3afb20c9f94fcc7de8047e30d8ad5d8ff2fdc1beac5422994ca1de84b300,True,Place the red cube in the yellow receptacle.,0.0,0.9998064209636529,fusion,v1_fusion,0,0.13408326496154627,0.13414951544785994,26.795299998411792,31.316875000447908,10.900199999014148,15.41554000286851,True,300034,True,True,12.0,False,240,False,True,38.176949999979115,46.51253499869199,0,True,10.182770400002482,False,False,False
444aa2e097000653ffff70bcc420740f13ffd7e1b26c6bd3e1e444eb4bea9263,True,1,nominal,False,selection,"[0.7860036492347717, -0.8841025233268738, -0.7841600179672241, 0.006571313366293907, 0.00698513351380825, -0.009867815300822258, -1.0]",1,3c00e119888e9c978c75e95a6046fd0773b16b73e3185c0edb7c241865bbe99f,False,Place the green cube in the yellow receptacle.,0.0,0.8207844891595659,fusion,v1_fusion,1,0.27033773958296287,0.27037060486390097,24.222200001531746,30.51278499951877,10.303400000339025,14.65754000000743,False,300035,False,False,12.0,False,240,False,False,35.029050002776785,44.247680000080436,0,False,9.765504000002693,False,True,True
444aa2e097000653ffff70bcc420740f13ffd7e1b26c6bd3e1e444eb4bea9263,False,0,nominal,False,selection,"[0.7925810217857361, -0.8499903678894043, -0.770368218421936, 0.00629496481269598, 0.006966448854655027, -0.009746558964252472, -1.0]",0,f8e559c725f581c649197aaa96f9a8dcc052c1a278ee83e9a76971acf148165d,False,Place the red cube in the blue receptacle.,0.0,0.8207844891595659,fusion,v1_fusion,0,0.1830055996076757,0.18305414504842749,24.542299999666284,30.796935001126258,10.654199999407865,14.948160000130883,False,300036,False,False,12.0,False,240,False,False,36.306450001575286,45.07903999838163,0,False,9.690788500000053,False,True,True
444aa2e097000653ffff70bcc420740f13ffd7e1b26c6bd3e1e444eb4bea9263,True,1,nominal,False,unstable_placement,"[0.7852745652198792, -0.8941563367843628, -0.7723895311355591, 0.0067359404638409615, 0.00680767185986042, -0.009786331094801426, -0.9799445867538452]",0,9db26cffef5b4cf354c01ca0e2d970db823d5c5fe2b1449562d1a4d1784f58dc,True,Place the green cube in the blue receptacle.,0.6999999999999229,0.9932838372418396,fusion,v1_fusion,1,0.12153939050273652,0.12161247458802282,25.252150000596885,30.637910000041302,10.609750001094653,14.703584996823336,True,300037,True,True,12.0,False,240,False,True,36.422950002815924,45.32478000110132,0,True,9.91917040000044,False,False,False
444aa2e097000653ffff70bcc420740f13ffd7e1b26c6bd3e1e444eb4bea9263,False,0,nominal,False,selection_no_approach,"[0.7779075503349304, 0.8850647211074829, -0.7961571216583252, 0.000986158149316907, 0.004932360723614693, -0.0032972891349345446, -1.0]",1,5ad6fa21b0dc7e7ee4489154e81e55358449d43125639e4e066734313bff6fbb,False,Place the red cube in the yellow receptacle.,0.0,0.8207844891595659,fusion,v1_fusion,0,0.32236017257945254,0.3223877345636776,26.40129999963392,31.277190002219868,10.439050001878059,15.289669999583566,False,300038,False,False,12.0,False,240,False,False,36.72245000052499,46.24376499941718,0,False,9.905247399998188,False,False,False
444aa2e097000653ffff70bcc420740f13ffd7e1b26c6bd3e1e444eb4bea9263,False,0,nominal,False,unstable_placement,"[0.7883596420288086, -0.8010746240615845, -0.8208093643188477, 0.0062663620337843895, 0.0069324239157140255, -0.009605057537555695, -1.0]",1,65630beb95199703aa8813469401756affbb274999c87e4d5c750ac71f2acf15,True,Place the green cube in the yellow receptacle.,0.29999999999996696,0.9902395613606887,fusion,v1_fusion,1,0.024936398625114962,0.029075040673257002,25.871349998851656,32.86689499873319,10.843850001037936,15.464460001021507,True,300039,True,True,12.0,False,240,False,True,37.120450000657,47.424825001871795,0,True,10.578826400000253,False,False,False
444aa2e097000653ffff70bcc420740f13ffd7e1b26c6bd3e1e444eb4bea9263,False,0,nominal,False,unstable_placement,"[0.7884237170219421, -0.8747529983520508, -0.7642455101013184, 0.006454659625887871, 0.006973639130592346, -0.009755528531968594, -1.0]",0,b56b2d83467ad8fb72962b2e798b8c53e3d495004ecf60de76c64d4327964a11,True,Place the red cube in the blue receptacle.,0.5500000000001837,0.9945422353232694,fusion,v1_fusion,0,0.03084500715072496,0.031076306478202108,25.97625000089465,31.20178999961354,10.447699998621829,14.636065002559917,True,300040,True,True,12.0,False,240,False,True,36.630550001063966,44.57411000257707,0,True,9.859162100001413,False,False,False
444aa2e097000653ffff70bcc420740f13ffd7e1b26c6bd3e1e444eb4bea9263,False,0,nominal,False,success,"[0.773994505405426, -0.8129681348800659, -0.8038997650146484, 0.006333797238767147, 0.00682947738096118, -0.009410789236426353, -0.9775326251983643]",0,3d9b609c55ed29bc0d9f8e89f207b2f39048448574e53c331203c5f843e175ff,True,Place the green cube in the blue receptacle.,1.000000000000334,0.9901614298767163,fusion,v1_fusion,1,0.024421929418495154,0.024713417301555674,28.482749999966472,33.374899998852925,11.002650002410519,15.838410000105794,True,300041,True,True,10.15,True,203,True,True,40.260350000608014,47.18166500351799,0,True,8.852102499997272,False,False,False
444aa2e097000653ffff70bcc420740f13ffd7e1b26c6bd3e1e444eb4bea9263,False,0,nominal,False,grasp,"[0.7756489515304565, 0.8552525043487549, -0.8035691976547241, 0.0009175559971481562, 0.005207913927733898, -0.003359545022249222, -1.0]",1,141f22aed7179c81141c7612bd053247558c2b9d21c551a735c2923579a1cc55,False,Place the red cube in the yellow receptacle.,0.0,0.8209661119561874,fusion,v1_fusion,0,0.33424836189242146,0.334274943660773,26.432100001329673,31.52164999701199,10.366299999077455,14.960485002484347,False,300042,False,False,12.0,False,240,False,True,36.61065000233066,46.78106999963347,0,False,10.02716750000036,False,False,False
444aa2e097000653ffff70bcc420740f13ffd7e1b26c6bd3e1e444eb4bea9263,False,0,nominal,False,release,"[0.7732040882110596, 0.883074939250946, -0.7953077554702759, 0.00100816716440022, 0.004857292398810387, -0.003329620696604252, -0.9863011837005615]",1,aaac1533a7a90c885a6db8149f709d819b674a4ddb0ad6b5a8e09f4ce69bb046,True,Place the green cube in the yellow receptacle.,0.0,0.9941358243229189,fusion,v1_fusion,1,0.036060137401757425,0.03836454929580704,29.42004999931669,34.59271999890916,12.390750000122353,16.10845500108553,False,300043,True,True,12.0,False,240,False,True,41.78480000155105,48.93894499873568,0,True,11.004990199999156,False,False,False
444aa2e097000653ffff70bcc420740f13ffd7e1b26c6bd3e1e444eb4bea9263,False,0,nominal,False,grasp,"[0.7855827212333679, 0.8603715896606445, -0.7998874187469482, 0.0009369999170303345, 0.0051396675407886505, -0.0034457803703844547, -1.0]",0,62b78ae4b1dbcad1f395c83c1ce5444ce72eb09f038f049009917f42965d0553,False,Place the red cube in the blue receptacle.,0.0,0.8270545683839742,fusion,v1_fusion,0,0.2632386675119163,0.2632724189980694,29.869049998524133,34.43450000049779,11.405000001104781,17.13736500205414,False,300044,False,False,12.0,False,240,False,True,41.77509999863105,49.29858000341483,0,False,11.084055199997238,False,False,False
444aa2e097000653ffff70bcc420740f13ffd7e1b26c6bd3e1e444eb4bea9263,False,0,nominal,False,success,"[0.7838149070739746, -0.8669731020927429, -0.7901463508605957, 0.0064397286623716354, 0.006918972358107567, -0.009656121954321861, -0.9938772916793823]",0,48983721be7e2bf091dbe2dab0a0bd54833e0b63fbd909fcc4e36f7cce388fd9,True,Place the green cube in the blue receptacle.,0.9999999999998899,0.9892029303732083,fusion,v1_fusion,1,0.0058051005558765485,0.0069297581038291305,26.789199997438118,34.19999999823631,11.297099998046178,17.170600000099512,True,300045,True,True,6.05,True,121,True,True,38.69610000401735,50.825099999201484,0,True,5.02345939999941,False,False,False
444aa2e097000653ffff70bcc420740f13ffd7e1b26c6bd3e1e444eb4bea9263,False,0,nominal,False,selection,"[0.7926049828529358, -0.8066801428794861, -0.7901289463043213, 0.00624069944024086, 0.006999204866588116, -0.009744013659656048, -1.0]",1,4a27bc990bfe2d471edfc7d6a73b73b8b45f30a1916339e46da12148f30eac2a,False,Place the red cube in the yellow receptacle.,0.0,0.8207844891595659,fusion,v1_fusion,0,0.18952922294365507,0.18957609786381702,27.949749999606865,34.11798500292207,11.184549999597948,16.56602499951987,False,300046,False,False,12.0,False,240,False,False,39.388299997881404,49.91647500228282,0,False,10.919925400001375,False,True,True
444aa2e097000653ffff70bcc420740f13ffd7e1b26c6bd3e1e444eb4bea9263,True,1,nominal,False,unstable_placement,"[0.7869584560394287, -0.8730775713920593, -0.7744342088699341, 0.006434207782149315, 0.007052863948047161, -0.009816878475248814, -1.0]",1,018a3656d2e80cfbb94e3a3967629ba45916662572aa30e7dd8c2cb27f43b4ca,True,Place the green cube in the yellow receptacle.,0.6499999999999284,0.9904843994281246,fusion,v1_fusion,1,0.08233947122773204,0.08801564134422006,29.25305000098888,33.96155499958695,10.94339999872318,16.332620000503084,True,300047,True,True,12.0,False,240,False,True,40.814050000335556,48.667150002438575,0,True,10.94075150000208,False,False,False
444aa2e097000653ffff70bcc420740f13ffd7e1b26c6bd3e1e444eb4bea9263,True,1,nominal,False,success,"[0.785618245601654, -0.8655012845993042, -0.7761032581329346, 0.006408453918993473, 0.006802820600569248, -0.009670998901128769, -0.9832772016525269]",0,8496eace00a5b4ff966f77b0b1a435d71a51e759d046664bef60e017d203e2b1,True,Place the red cube in the blue receptacle.,1.000000000000334,0.9977955450942496,fusion,v1_fusion,0,0.03772623772839202,0.037915582116764546,31.25029999864637,35.48704999866459,12.961399999767309,18.12409999911324,True,300048,True,True,10.55,True,211,True,True,44.77810000025784,52.89354999877105,0,True,10.132143599999836,False,False,False
444aa2e097000653ffff70bcc420740f13ffd7e1b26c6bd3e1e444eb4bea9263,False,0,nominal,False,selection,"[0.7872421145439148, 0.8104075193405151, -0.822677731513977, 0.0011728063691407442, 0.005252025090157986, -0.003640961367636919, -1.0]",0,5ea79169308246b6e86e64782811ec5ca667d26bda2bc57bf43b10644d5df5e4,False,Place the green cube in the blue receptacle.,0.0,0.8207844891595659,fusion,v1_fusion,1,0.33272022298594567,0.33274692683098245,29.80974999809405,33.97960499969486,10.905999999522464,16.51396499964903,False,300049,False,False,12.0,False,240,False,False,39.85319999810599,48.945779997484344,0,False,10.469268199998623,False,True,True
8e9d7c89fd4ea9ce7ab2eab434bb60082435a7fb9ec74389fa3c79a03f8d5447,False,0,nominal,False,selection_no_approach,"[0.8011698722839355, 0.7665737867355347, -0.811263918876648, 0.0011560912244021893, 0.0048615033738315105, -0.003120841458439827, -1.0]",0,618cc0427a67668783ba9996d3e5ea40b6817b7e279bfdb37542daa992f1c499,False,Place the red cube in the blue receptacle.,0.0,0.8207844891595659,fusion,v1_fusion,0,0.19730493122197093,0.1973499592504455,27.28209999986575,33.60821500118618,10.696900000766618,15.53981999950338,False,300000,False,False,12.0,False,240,False,False,37.5392500009184,48.38270000236661,1,False,9.918819900001836,False,False,False
8e9d7c89fd4ea9ce7ab2eab434bb60082435a7fb9ec74389fa3c79a03f8d5447,False,0,nominal,False,selection,"[0.784843385219574, -0.8060645461082458, -0.8081425428390503, 0.0063668955117464066, 0.006930926814675331, -0.009712399914860725, -0.9815493822097778]",0,7aada1ca3067d195598a2918c62a9c0791c7da7b029c7002b44536c345d11e8f,False,Place the green cube in the blue receptacle.,0.0,0.8207844891595659,fusion,v1_fusion,1,0.171103043698197,0.17115496514688944,27.239249999183812,32.29876999957923,10.89354999930947,15.038074999210949,False,300001,False,False,12.0,False,240,False,False,37.75225000026694,46.609210002316104,1,False,9.793928199997026,False,True,True
8e9d7c89fd4ea9ce7ab2eab434bb60082435a7fb9ec74389fa3c79a03f8d5447,False,0,nominal,False,unstable_placement,"[0.8002377152442932, -0.8121223449707031, -0.8047834634780884, 0.0065837036818265915, 0.006913239136338234, -0.009865734726190567, -0.9944562911987305]",1,e28bd4c3500c7df81092fa51c89d0d40eddaf84b120100ce3396fa20b5a4d300,True,Place the red cube in the yellow receptacle.,0.49999999999994493,0.9917148038923773,fusion,v1_fusion,0,0.06744544334080177,0.07465505657333173,23.950049999257317,29.24709499875462,9.99844999932975,14.409055000578519,True,300002,True,True,12.0,False,240,False,True,34.18070000043372,43.427485000029264,1,True,9.561286400003155,False,False,False
8e9d7c89fd4ea9ce7ab2eab434bb60082435a7fb9ec74389fa3c79a03f8d5447,False,0,nominal,False,grasp,"[0.7944550514221191, -0.7797086238861084, -0.8032690286636353, 0.006517660804092884, 0.006912704557180405, -0.009749192744493484, -0.9940586090087891]",1,eb6ea41f8719229bd27f9abfe3f10a4adf95726b125d5d415d4321b38593de34,False,Place the green cube in the yellow receptacle.,0.0,0.8254731836310643,fusion,v1_fusion,1,0.2080357570135972,0.20807846291210982,25.148049999188515,31.881775000874768,9.855699998297496,15.25781000018469,False,300003,True,False,12.0,False,240,False,True,34.925250000014785,46.61140999814961,1,False,9.61294590000034,False,False,False
8e9d7c89fd4ea9ce7ab2eab434bb60082435a7fb9ec74389fa3c79a03f8d5447,False,0,nominal,False,grasp,"[0.7893767356872559, -0.8275104761123657, -0.7999664545059204, 0.006465735845267773, 0.007007278501987457, -0.009751752018928528, -0.9959887266159058]",0,d5229a6169580d54bedb44c8f5f3d032436c3ca095eaad25250d8856664c355a,False,Place the red cube in the blue receptacle.,0.0,0.8240335614767647,fusion,v1_fusion,0,0.33494161670843525,0.33496814346278686,25.551599999744212,30.19866500162607,10.061599999971804,13.985314997808018,False,300004,True,False,12.0,False,240,False,True,35.71580000061658,43.0155050018584,1,False,9.263058100001217,False,False,False
8e9d7c89fd4ea9ce7ab2eab434bb60082435a7fb9ec74389fa3c79a03f8d5447,False,0,nominal,False,grasp,"[0.7869802117347717, 0.8079578280448914, -0.8105529546737671, 0.00126731232739985, 0.004538760520517826, -0.002854905789718032, -0.9808549880981445]",0,cc28020c5a50fe707c2e37857acb328d4744a94e394f140371949bab65179074,False,Place the green cube in the blue receptacle.,0.0,0.827971471250425,fusion,v1_fusion,1,0.2731470747443185,0.27317960204419384,24.72305000082997,30.000640002072032,10.018850000051316,14.422820002619119,False,300005,True,False,12.0,False,240,False,True,34.57984999840846,43.62011499651999,1,False,9.449721499997395,False,False,False
8e9d7c89fd4ea9ce7ab2eab434bb60082435a7fb9ec74389fa3c79a03f8d5447,False,0,nominal,False,selection,"[0.7980863451957703, -0.755117654800415, -0.7931828498840332, 0.00634049903601408, 0.006924192421138287, -0.009653892368078232, -1.0]",1,0385b4f0895b2b4871cbc3cb841581f5bee8e86b1c72c3958786d30060a7938c,False,Place the red cube in the yellow receptacle.,0.0,0.8207844891595659,fusion,v1_fusion,0,0.14697174340990957,0.1470321865871351,24.800199998935568,29.795669999657548,10.441700000228593,14.672550000614137,False,300006,False,False,12.0,False,240,False,False,35.776949998762575,43.645640002796426,1,False,9.454466499999398,False,True,True
8e9d7c89fd4ea9ce7ab2eab434bb60082435a7fb9ec74389fa3c79a03f8d5447,False,0,nominal,False,success,"[0.7683839797973633, 0.8349612951278687, -0.8109931945800781, 0.0010454661678522825, 0.004526699427515268, -0.0024416649248450994, -0.9558957815170288]",1,c69622cfeadc9bdddacdd26bcc4c4a74807498c9664b178b6e03300bc82bf6c2,True,Place the green cube in the yellow receptacle.,1.000000000000334,0.987408425864721,fusion,v1_fusion,1,0.021006507838915476,0.021344688561449887,25.33939999921131,29.76196000163327,10.369499999796972,14.85752000080538,True,300007,True,True,9.9,True,198,True,True,35.640099999000086,43.573699999979,1,True,8.216210400001728,False,False,False
8e9d7c89fd4ea9ce7ab2eab434bb60082435a7fb9ec74389fa3c79a03f8d5447,False,0,nominal,False,transport,"[0.7815467715263367, -0.8045535683631897, -0.8046959638595581, 0.006327780894935131, 0.007012229412794113, -0.009722668677568436, -0.9839557409286499]",0,570a7213b7a3b0ed8621d7b9fabbda311b5712a6c5122f8729a1f4a12e93835d,False,Place the red cube in the blue receptacle.,0.0,0.9918728732158741,fusion,v1_fusion,0,0.10584813576099016,0.10593204602821009,24.08089999880758,29.14890000156447,10.110850002092775,14.022880000266014,False,300008,True,True,12.0,False,240,False,True,34.4943499967485,42.63812499229971,1,False,9.260302200000297,False,False,False
8e9d7c89fd4ea9ce7ab2eab434bb60082435a7fb9ec74389fa3c79a03f8d5447,False,0,nominal,False,selection,"[0.7768954634666443, 0.8061026334762573, -0.802890419960022, 0.0010310451034456491, 0.0048699104227125645, -0.0026226802729070187, -0.9897063970565796]",0,b0f3241941526b230d7c1c4864775079d60f12f7e296e33507613a1d5e1f4d06,False,Place the green cube in the blue receptacle.,0.0,0.8207844891595659,fusion,v1_fusion,1,0.16394325240373028,0.163997440651856,23.41809999779798,29.383289995530504,10.054750000563217,14.26317999503226,False,300009,False,False,12.0,False,240,False,False,34.12605000266922,42.60037499843747,1,False,9.46222940000007,False,True,True
8e9d7c89fd4ea9ce7ab2eab434bb60082435a7fb9ec74389fa3c79a03f8d5447,False,0,nominal,False,selection_no_approach,"[0.8042329549789429, -0.7709466814994812, -0.7943981885910034, 0.006441894918680191, 0.006931286305189133, -0.009719065390527248, -1.0]",1,1b9a75dbff04a39f82b9e9964b4069592c8eef3fdaf43d4c6d4d998829598005,False,Place the red cube in the yellow receptacle.,0.0,0.8207844891595659,fusion,v1_fusion,0,0.18804242449168707,0.18808966994590015,24.98955000191927,31.706374996065282,10.229049999907147,15.009469997312408,False,300010,False,False,12.0,False,240,False,False,35.74420000586542,45.10217500101135,1,False,9.791654699998617,False,False,False
8e9d7c89fd4ea9ce7ab2eab434bb60082435a7fb9ec74389fa3c79a03f8d5447,False,0,nominal,False,selection_no_approach,"[0.7940291166305542, -0.7447559237480164, -0.8063982725143433, 0.0063716946169734, 0.006812213454395533, -0.009649118408560753, -0.9880727529525757]",1,060190a1f31221adcbb23a324297a02e64e258a35628d470f37e090fb16feecf,False,Place the green cube in the yellow receptacle.,0.0,0.8207844891595659,fusion,v1_fusion,1,0.30202080644179097,0.3020502243922285,24.617850005597575,30.85769000172149,10.05540000187466,14.84477999729279,False,300011,False,False,12.0,False,240,False,False,35.22090000114986,44.874354995408794,1,False,9.687818999998854,False,False,False
8e9d7c89fd4ea9ce7ab2eab434bb60082435a7fb9ec74389fa3c79a03f8d5447,False,0,nominal,False,selection_no_approach,"[0.7968659996986389, 0.7691888809204102, -0.837317943572998, 0.0013056178577244282, 0.004779307171702385, -0.00294198514893651, -1.0]",0,1e7facf5c27b60265c8e032e7a58cc399c32ef47006c419b7010eb49eb1516bc,False,Place the red cube in the blue receptacle.,0.0,0.8207844891595659,fusion,v1_fusion,0,0.29317058244091143,0.29320088836903113,24.538949997804593,29.941834995770478,10.137399996892782,14.579104995573289,False,300012,False,False,12.0,False,240,False,False,35.35184999782359,43.39703000478039,1,False,9.331738399996539,False,False,False
8e9d7c89fd4ea9ce7ab2eab434bb60082435a7fb9ec74389fa3c79a03f8d5447,False,0,nominal,False,grasp,"[0.7672162652015686, -0.8418006300926208, -0.7803360223770142, 0.006613661535084248, 0.007033044472336769, -0.0097326235845685, -0.962101936340332]",0,d5756ede5366e38fdc8d530a216fde85bdb6966b0a5cf3940ea0fb1ec2a8ade8,False,Place the green cube in the blue receptacle.,0.0,0.8256134036432196,fusion,v1_fusion,1,0.26427935280153536,0.26431297139725135,25.26610000131768,29.56081499578431,10.119950002263067,14.129904999572318,False,300013,True,False,12.0,False,240,False,True,35.567100003390806,43.04865499725565,1,False,9.411060900005396,False,False,False
8e9d7c89fd4ea9ce7ab2eab434bb60082435a7fb9ec74389fa3c79a03f8d5447,False,0,nominal,False,selection,"[0.7728750109672546, 0.8392956256866455, -0.8026926517486572, 0.0010003745555877686, 0.004556291736662388, -0.0024565989151597023, -0.9634474515914917]",1,e470269c9dbba30eecd298362adb62ff9e9f342387d8ffcee27174ff33b177e6,False,Place the red cube in the yellow receptacle.,0.0,0.8207844891595659,fusion,v1_fusion,0,0.3073956824361346,0.30742458605652,26.182100002188236,31.347494998772166,11.146450004162034,15.442070000062813,False,300014,False,False,12.0,False,240,False,False,37.6651500009757,45.84882499584637,1,False,10.119873900002858,False,True,True
8e9d7c89fd4ea9ce7ab2eab434bb60082435a7fb9ec74389fa3c79a03f8d5447,False,0,nominal,False,selection,"[0.7772762179374695, 0.8144016265869141, -0.8202629089355469, 0.0012593334540724754, 0.004656004719436169, -0.00261927698738873, -0.977249264717102]",1,3d040b71d43ddc7fdb9be4189a7d003caa5f5780032316826993650530200741,False,Place the green cube in the yellow receptacle.,0.0,0.8207844891595659,fusion,v1_fusion,1,0.27773635232483124,0.2777683422104625,24.232799998571863,30.013875001168344,10.244200002489379,14.40997000245261,False,300015,False,False,12.0,False,240,False,False,34.62754999418394,43.638860003920854,1,False,9.100741899994318,False,True,True
8e9d7c89fd4ea9ce7ab2eab434bb60082435a7fb9ec74389fa3c79a03f8d5447,False,0,nominal,False,selection_no_approach,"[0.7878740429878235, 0.8172263503074646, -0.7977437973022461, 0.0010121853556483984, 0.004650615621358156, -0.00272574694827199, -0.9873620271682739]",0,b83610388891056688ace00db02eff47d82915bdbff13cf8dc6565bee1bbbe89,False,Place the red cube in the blue receptacle.,0.0,0.8207844891595659,fusion,v1_fusion,0,0.20338648094347425,0.20343016286238388,25.92065000135335,29.51370999944629,10.202550001849886,14.272460003485321,False,300016,False,False,12.0,False,240,False,False,35.95819999827654,42.72206000532606,1,False,9.144586700000218,False,False,False
8e9d7c89fd4ea9ce7ab2eab434bb60082435a7fb9ec74389fa3c79a03f8d5447,False,0,nominal,False,selection_no_approach,"[0.7791116833686829, -0.8172867894172668, -0.7975393533706665, 0.006442887708544731, 0.006962665356695652, -0.009715322405099869, -0.9776557683944702]",0,ec8b657c2bfcf71b937e69429392aaf224ab9d6f86953c4e0926bf1879e4be86,False,Place the green cube in the blue receptacle.,0.0,0.8207844891595659,fusion,v1_fusion,1,0.1946359515398369,0.19468159687927247,25.87880000282894,31.401220001862384,10.147699998924509,14.907200002562604,False,300017,False,False,12.0,False,240,False,False,36.24439999839524,43.9196799939964,1,False,9.798922000001767,False,False,False
8e9d7c89fd4ea9ce7ab2eab434bb60082435a7fb9ec74389fa3c79a03f8d5447,True,1,nominal,False,selection,"[0.8078076243400574, -0.7149402499198914, -0.7985538244247437, 0.006395421922206879, 0.0068152653984725475, -0.009647220373153687, -1.0]",1,f173d088be28c5cb58b57e1481d45ecb64944e3eedf64dd77a2f8a4298df4dd4,False,Place the red cube in the yellow receptacle.,0.0,0.8207844891595659,fusion,v1_fusion,0,0.3285353631656143,0.32856240713448626,28.04180000384804,32.88935000236961,10.771100001875311,14.827580001292516,False,300018,False,False,12.0,False,240,False,False,38.744400000723545,46.473660002448014,1,False,10.024652500003867,False,True,True
8e9d7c89fd4ea9ce7ab2eab434bb60082435a7fb9ec74389fa3c79a03f8d5447,False,0,nominal,False,selection,"[0.7911274433135986, 0.7641104459762573, -0.8418759107589722, 0.00143207679502666, 0.004824188072234392, -0.002976760733872652, -1.0]",1,1eadadd7ab0505b8f1ac3c594a90befdd59110d748d6e3af749a5d53c1974993,False,Place the green cube in the yellow receptacle.,0.0,0.8207844891595659,fusion,v1_fusion,1,0.17016435484395395,0.17021656262275092,25.867249998555053,33.73539500280458,10.844550000911113,15.298475004601642,False,300019,False,False,12.0,False,240,False,False,37.212899995211046,49.029094998695655,1,False,9.53994939999393,False,True,True
8e9d7c89fd4ea9ce7ab2eab434bb60082435a7fb9ec74389fa3c79a03f8d5447,False,0,nominal,False,selection_no_approach,"[0.8010725378990173, -0.7649639844894409, -0.7950387001037598, 0.006206434220075607, 0.006962799001485109, -0.00958267506211996, -1.0]",0,62fbcff6e98309523b32f613824acc69ba62c742aa149e708b6eff42bda03b55,False,Place the red cube in the blue receptacle.,0.0,0.8207844891595659,fusion,v1_fusion,0,0.31332636236069644,0.31335471893978595,25.24354999695788,30.21029000301496,10.494950001884717,14.761289997477434,False,300020,False,False,12.0,False,240,False,False,35.256650004157564,44.34086000255775,1,False,9.80069789999834,False,False,False
8e9d7c89fd4ea9ce7ab2eab434bb60082435a7fb9ec74389fa3c79a03f8d5447,False,0,nominal,False,grasp,"[0.7898859977722168, -0.7821534872055054, -0.7970064878463745, 0.006302245892584324, 0.0068795206025242805, -0.009707137942314148, -0.9855045080184937]",0,a221ca1c2f016a9ad2a1f58920324146d6f8982025439298f576e201a8f3dad3,False,Place the green cube in the blue receptacle.,0.0,0.8207844891595659,fusion,v1_fusion,1,0.22737413965833866,0.22741321403343193,25.33574999688426,30.421470000510453,10.468549997312948,14.638614997966215,False,300021,False,False,12.0,False,240,False,True,36.375999996380415,43.99512999734725,1,False,9.732681399997091,False,False,False
8e9d7c89fd4ea9ce7ab2eab434bb60082435a7fb9ec74389fa3c79a03f8d5447,False,0,nominal,False,selection,"[0.7941596508026123, 0.7573438882827759, -0.8612833023071289, 0.001457595033571124, 0.004654283635318279, -0.0030569485388696194, -0.9874041080474854]",1,886bd55daefcd499f9fc4c215117d0269d8b33888ff5bfde9eb688098ee99518,False,Place the red cube in the yellow receptacle.,0.0,0.8207844891595659,fusion,v1_fusion,0,0.16586001391643557,0.16591357614133334,24.861100002453895,30.307775002074777,10.487999999895692,14.678940003432217,False,300022,False,False,12.0,False,240,False,False,35.82190000452101,44.15499499773431,1,False,9.788952800001425,False,True,True
8e9d7c89fd4ea9ce7ab2eab434bb60082435a7fb9ec74389fa3c79a03f8d5447,False,0,nominal,False,success,"[0.7851041555404663, -0.7762391567230225, -0.7912157773971558, 0.006285970099270344, 0.007057365495711565, -0.00960775837302208, -0.9999659061431885]",1,b56a2a163700b02b032dd5c52e0849264dfcc224a7ea43ef5415284da4db989c,True,Place the green cube in the yellow receptacle.,0.9999999999998899,0.9905664983989246,fusion,v1_fusion,1,0.008953811760786365,0.0097207561872968,25.541750001139008,30.250389997672755,11.107200003607431,14.888424999298877,True,300023,True,True,6.2,True,124,True,True,37.01480000017909,44.26727999889408,1,True,5.117110199993476,False,False,False
8e9d7c89fd4ea9ce7ab2eab434bb60082435a7fb9ec74389fa3c79a03f8d5447,False,0,nominal,False,selection_no_approach,"[0.7907949090003967, 0.8196240067481995, -0.8017393350601196, 0.0011181107256561518, 0.004671705886721611, -0.002717699157074094, -0.9957863092422485]",0,104c8e714ee847db92726d57121421538e3de3b47fa917dda0c9999b8e51ba64,False,Place the red cube in the blue receptacle.,0.0,0.8207844891595659,fusion,v1_fusion,0,0.14442447228470717,0.14448598107208174,25.34899999955087,30.976610002835514,10.460900000907714,14.737285003138823,False,300024,False,False,12.0,False,240,False,False,35.516899999493035,44.54488000665151,1,False,9.31050949999917,False,False,False
8e9d7c89fd4ea9ce7ab2eab434bb60082435a7fb9ec74389fa3c79a03f8d5447,False,0,nominal,False,grasp,"[0.7738423347473145, 0.814578115940094, -0.8053792715072632, 0.0008880833629518747, 0.004539779853075743, -0.0026547147426754236, -0.9476438760757446]",0,2a833a1cf45d9715931a6c247581b62dc40a52c66aed224288ae61ff4c95c871,False,Place the green cube in the blue receptacle.,0.0,0.8207844891595659,fusion,v1_fusion,1,0.3330538375766551,0.3330805146750298,25.649899998825276,30.05517000274267,10.283650000928901,14.831910000793869,False,300025,False,False,12.0,False,240,False,True,35.86239999640384,43.86833000135084,1,False,9.5360320999971,False,False,False
8e9d7c89fd4ea9ce7ab2eab434bb60082435a7fb9ec74389fa3c79a03f8d5447,False,0,nominal,False,grasp,"[0.7918339371681213, 0.7682672739028931, -0.8211171627044678, 0.0014649976510554552, 0.004770729225128889, -0.003111310536041856, -0.9967575073242188]",1,88268cb48c7647e76522ca8736835741effb0e05b551c4205fc796ac650250c7,False,Place the red cube in the yellow receptacle.,0.0,0.8279999905531287,fusion,v1_fusion,0,0.14547482377740917,0.14553588864851882,24.391499999182997,31.844385001750194,10.124500000529224,14.33905500671244,False,300026,True,False,12.0,False,240,False,True,34.318349997192854,44.33037500020873,1,False,9.515376100003778,False,False,False
8e9d7c89fd4ea9ce7ab2eab434bb60082435a7fb9ec74389fa3c79a03f8d5447,False,0,nominal,False,selection,"[0.8000297546386719, -0.745072066783905, -0.8097202777862549, 0.006283452734351158, 0.006828831043094397, -0.009710307233035564, -0.9994620084762573]",1,5d36ecf12c18bbff79658e6b83263f081dbd5ed8a5dbbe29148b635b93816aa8,False,Place the green cube in the yellow receptacle.,0.0,0.8207844891595659,fusion,v1_fusion,1,0.18690832360872983,0.18695585566082568,26.9990999950096,32.141664997107,10.343549998651724,14.44265000136511,False,300027,False,False,12.0,False,240,False,False,37.422449997393414,44.9062150066311,1,False,10.188435399999435,False,True,True
8e9d7c89fd4ea9ce7ab2eab434bb60082435a7fb9ec74389fa3c79a03f8d5447,False,0,nominal,False,success,"[0.7914760112762451, -0.7761035561561584, -0.8225765228271484, 0.006251835264265537, 0.006917017512023449, -0.009641316719353199, -1.0]",0,7276f65e425c44886d2322a4e4a36cc7796d6f806afb8f8033cb6dc7da0e1bd4,True,Place the red cube in the blue receptacle.,1.000000000000334,0.999066360060828,fusion,v1_fusion,0,0.025073954578196517,0.025357948492040157,26.50875000108499,30.24945999859483,10.82085000234656,14.829099999406024,True,300028,True,True,10.15,True,203,True,True,37.9355500008387,44.46538999764016,1,True,8.580293300001358,False,False,False
8e9d7c89fd4ea9ce7ab2eab434bb60082435a7fb9ec74389fa3c79a03f8d5447,False,0,nominal,False,selection,"[0.7903271913528442, 0.7590620517730713, -0.8273316621780396, 0.0014611047226935625, 0.004829877987504005, -0.0030703917145729065, -1.0]",0,1f0ef5b9e80d21f446c4d8e86c08183ce5a1c30753bc926223f2e5810a5f723a,False,Place the green cube in the blue receptacle.,0.0,0.8207844891595659,fusion,v1_fusion,1,0.19374253712673958,0.1937883929030629,23.861499998020008,29.151170004843152,10.239250001177425,14.312949997474789,False,300029,False,False,12.0,False,240,False,False,33.61579999909736,43.20272500553983,1,False,9.532505399998627,False,True,True
8e9d7c89fd4ea9ce7ab2eab434bb60082435a7fb9ec74389fa3c79a03f8d5447,False,0,nominal,False,grasp,"[0.8106546998023987, -0.7185865044593811, -0.8053375482559204, 0.006269615143537521, 0.0068109286949038506, -0.009694593027234077, -1.0]",1,b7bb5331d48012f20d6f6b15fd2a266f5e4f1e5838f733bd51a7e653a5d1d658,False,Place the red cube in the yellow receptacle.,0.0,0.8306215446372173,fusion,v1_fusion,0,0.316970585585483,0.31699861617686886,24.64834999773302,29.144284995345515,10.339250002289191,14.472075001322082,False,300030,True,False,12.0,False,240,False,True,35.112900000967784,43.134849998386926,1,False,9.638643599995703,False,False,False
8e9d7c89fd4ea9ce7ab2eab434bb60082435a7fb9ec74389fa3c79a03f8d5447,False,0,nominal,False,success,"[0.7874523997306824, -0.782392144203186, -0.7792152166366577, 0.006342270411550999, 0.007010227534919977, -0.009656962007284164, -0.993109941482544]",1,f33e2c24702df5d93eb88b92218db997d68ee16460bb21843c660cc4922ff428,True,Place the green cube in the yellow receptacle.,0.9999999999998899,0.9864286701731312,fusion,v1_fusion,1,0.03133626302321171,0.031563962599485455,24.645249999593943,29.430375003357767,10.832200001459569,15.256025004418916,True,300031,True,True,6.55,True,131,True,True,36.690100001578685,43.706700000257115,1,True,5.39235760000156,False,False,False
8e9d7c89fd4ea9ce7ab2eab434bb60082435a7fb9ec74389fa3c79a03f8d5447,False,0,nominal,False,unstable_placement,"[0.811559796333313, -0.7707127332687378, -0.8016865253448486, 0.006287360563874245, 0.006913380231708288, -0.009746192023158073, -1.0]",0,726caac55da1a832a5b8336cbcfd0b73d5f2925742b8f52584804ef67ce00717,True,Place the red cube in the blue receptacle.,0.500000000000167,0.99231066252218,fusion,v1_fusion,0,0.03458708747726912,0.034793519200551785,26.1191499994311,31.57533499834244,10.810899999341927,15.651794997393154,True,300032,True,True,12.0,False,240,False,True,36.68185000424273,46.108329999333364,1,True,10.373777999993763,False,False,False
8e9d7c89fd4ea9ce7ab2eab434bb60082435a7fb9ec74389fa3c79a03f8d5447,False,0,nominal,False,unstable_placement,"[0.7806828618049622, 0.8083889484405518, -0.8087828159332275, 0.0010020530316978693, 0.004569720011204481, -0.002743431832641363, -0.9647351503372192]",0,0e11f8b1fda3616a3b4b88416d5a12ee0eaed8df6fc79057d77d97be213ad047,True,Place the green cube in the blue receptacle.,0.6499999999999284,0.9892576815800888,fusion,v1_fusion,1,0.1494270991999486,0.1494865495854298,24.610349999420578,31.11711499732337,10.15094999820576,14.548235003530863,True,300033,True,True,12.0,False,240,False,True,35.91140000207815,43.85475500457687,1,True,9.800826699996833,False,False,False
8e9d7c89fd4ea9ce7ab2eab434bb60082435a7fb9ec74389fa3c79a03f8d5447,False,0,nominal,False,selection,"[0.8087984919548035, 0.7059388756752014, -0.8484201431274414, 0.0020333819556981325, 0.004483437165617943, -0.003737447317689657, -0.9896656274795532]",1,9f6c3afb20c9f94fcc7de8047e30d8ad5d8ff2fdc1beac5422994ca1de84b300,False,Place the red cube in the yellow receptacle.,0.0,0.8207844891595659,fusion,v1_fusion,0,0.2723283117158147,0.27236093679827095,25.534550000884337,31.711264998011753,10.286799999448704,14.647089998834417,False,300034,False,False,12.0,False,240,False,False,36.77724999943166,45.94704999726673,1,False,10.020269799999369,False,True,True
8e9d7c89fd4ea9ce7ab2eab434bb60082435a7fb9ec74389fa3c79a03f8d5447,False,0,nominal,False,selection,"[0.7982255220413208, -0.7593631744384766, -0.8082969188690186, 0.006390554830431938, 0.006843847222626209, -0.009767303243279457, -0.9909716844558716]",1,3c00e119888e9c978c75e95a6046fd0773b16b73e3185c0edb7c241865bbe99f,False,Place the green cube in the yellow receptacle.,0.0,0.8207844891595659,fusion,v1_fusion,1,0.27033773958296287,0.27037060486390097,25.553499999659834,30.273354999371804,10.017900000093505,14.346844998726738,False,300035,False,False,12.0,False,240,False,False,35.46269999424112,43.45707500106072,1,False,9.75126189999719,False,True,True
8e9d7c89fd4ea9ce7ab2eab434bb60082435a7fb9ec74389fa3c79a03f8d5447,False,0,nominal,False,grasp,"[0.7864132523536682, 0.8043447136878967, -0.8181911706924438, 0.0011272109113633633, 0.004849873483181, -0.002597567392513156, -1.0]",0,f8e559c725f581c649197aaa96f9a8dcc052c1a278ee83e9a76971acf148165d,False,Place the red cube in the blue receptacle.,0.0,0.8207844891595659,fusion,v1_fusion,0,0.1830055996076757,0.18305414504842749,23.795350000000326,29.71455499973672,10.05904999692575,14.340960000481573,False,300036,False,False,12.0,False,240,False,True,34.7348499999498,43.6685650027357,1,False,9.49313070000062,False,False,False
8e9d7c89fd4ea9ce7ab2eab434bb60082435a7fb9ec74389fa3c79a03f8d5447,True,2,nominal,False,selection,"[0.772397518157959, 0.8335232734680176, -0.7936140298843384, 0.0009219651110470295, 0.00467084813863039, -0.0024109268561005592, -0.9704090356826782]",0,9db26cffef5b4cf354c01ca0e2d970db823d5c5fe2b1449562d1a4d1784f58dc,False,Place the green cube in the blue receptacle.,0.0,0.8207844891595659,fusion,v1_fusion,1,0.18286219734521017,0.18291078084564727,24.82399999644258,29.349194997848826,10.179549997701542,14.005390000602347,False,300037,False,False,12.0,False,240,False,False,35.357999997359,42.94742499187123,1,False,9.65798110000469,False,True,True
8e9d7c89fd4ea9ce7ab2eab434bb60082435a7fb9ec74389fa3c79a03f8d5447,False,0,nominal,False,grasp,"[0.8066086173057556, -0.7278544306755066, -0.7957465648651123, 0.006251624785363674, 0.006882943212985992, -0.009657060727477074, -1.0]",1,5ad6fa21b0dc7e7ee4489154e81e55358449d43125639e4e066734313bff6fbb,False,Place the red cube in the yellow receptacle.,0.0,0.8207844891595659,fusion,v1_fusion,0,0.32209780585945946,0.32212539029254406,21.62394999686512,29.443915000592824,7.869349996326491,13.022024999736459,False,300038,False,False,12.0,False,240,False,True,30.057649993977975,41.9571949983947,1,False,7.3022343999982695,False,False,False
8e9d7c89fd4ea9ce7ab2eab434bb60082435a7fb9ec74389fa3c79a03f8d5447,False,0,nominal,False,success,"[0.7860214710235596, -0.7734959721565247, -0.7945889234542847, 0.0063177552074193954, 0.0070073711685836315, -0.009632802568376064, -0.9942859411239624]",1,65630beb95199703aa8813469401756affbb274999c87e4d5c750ac71f2acf15,True,Place the green cube in the yellow receptacle.,1.000000000000334,0.9906767394491599,fusion,v1_fusion,1,0.03454852271947592,0.03475518341407226,12.916499996208586,15.044080001825927,6.126599997514859,7.335300001432188,True,300039,True,True,9.3,True,186,True,True,19.191899998986628,22.55189999996218,1,True,3.9237391999995452,False,False,False
8e9d7c89fd4ea9ce7ab2eab434bb60082435a7fb9ec74389fa3c79a03f8d5447,False,0,nominal,False,selection_no_approach,"[0.7823264598846436, 0.8106032609939575, -0.8167074918746948, 0.001102167647331953, 0.004720799624919891, -0.0025992323644459248, -1.0]",0,b56b2d83467ad8fb72962b2e798b8c53e3d495004ecf60de76c64d4327964a11,False,Place the red cube in the blue receptacle.,0.0,0.8207844891595659,fusion,v1_fusion,0,0.28595942795751156,0.2859904980404647,12.838500002544606,23.620769999615725,6.048850002116524,7.57709500212513,False,300040,False,False,12.0,False,240,False,False,18.82350000232691,31.864915000187462,1,False,5.825128299999051,False,False,False
8e9d7c89fd4ea9ce7ab2eab434bb60082435a7fb9ec74389fa3c79a03f8d5447,False,0,nominal,False,selection_no_approach,"[0.7887627482414246, 0.7767574191093445, -0.8144611120223999, 0.0013664609286934137, 0.004792700055986643, -0.002970135072246194, -0.9970366954803467]",0,3d9b609c55ed29bc0d9f8e89f207b2f39048448574e53c331203c5f843e175ff,False,Place the green cube in the blue receptacle.,0.0,0.8207844891595659,fusion,v1_fusion,1,0.13413374570049696,0.13419997118960722,26.061600001412444,30.58202499669278,10.28164999661385,14.553525000883383,False,300041,False,False,12.0,False,240,False,False,36.58085000279243,43.97520499333041,1,False,9.862596299994038,False,False,False
8e9d7c89fd4ea9ce7ab2eab434bb60082435a7fb9ec74389fa3c79a03f8d5447,False,0,nominal,False,grasp,"[0.792938232421875, 0.7900046706199646, -0.8417009115219116, 0.0016218831297010183, 0.004618074744939804, -0.0028676423244178295, -1.0]",1,141f22aed7179c81141c7612bd053247558c2b9d21c551a735c2923579a1cc55,False,Place the red cube in the yellow receptacle.,0.0,0.8249289940057818,fusion,v1_fusion,0,0.33237282389685335,0.3323995556507477,22.968249999394175,29.061559998081066,9.963250002329005,13.994269994145725,False,300042,True,False,12.0,False,240,False,True,32.79880000263802,42.76911999877484,1,False,9.240386799996486,False,False,False
8e9d7c89fd4ea9ce7ab2eab434bb60082435a7fb9ec74389fa3c79a03f8d5447,False,0,nominal,False,selection_no_approach,"[0.8007172346115112, -0.6844661235809326, -0.809526801109314, 0.0059883566573262215, 0.006813358049839735, -0.009503250010311604, -1.0]",1,aaac1533a7a90c885a6db8149f709d819b674a4ddb0ad6b5a8e09f4ce69bb046,False,Place the green cube in the yellow receptacle.,0.0,0.8207844891595659,fusion,v1_fusion,1,0.1424654227471135,0.14252777697754068,25.21234999949229,30.831194997153943,9.950450003088918,14.618865003285464,False,300043,False,False,12.0,False,240,False,False,36.09899999719346,44.338010006322286,1,False,9.623204100003932,False,False,False
8e9d7c89fd4ea9ce7ab2eab434bb60082435a7fb9ec74389fa3c79a03f8d5447,False,0,nominal,False,selection,"[0.8079320788383484, -0.787074625492096, -0.7920721769332886, 0.006373514421284199, 0.006960640195757151, -0.009740397334098816, -1.0]",0,62b78ae4b1dbcad1f395c83c1ce5444ce72eb09f038f049009917f42965d0553,False,Place the red cube in the blue receptacle.,0.0,0.8207844891595659,fusion,v1_fusion,0,0.26237402619187655,0.26240788889014244,25.205699999787612,29.111885001839255,9.891249999782303,13.740294994568103,False,300044,False,False,12.0,False,240,False,False,35.56794999894919,42.16990500608517,1,False,9.570320699996955,False,True,True
8e9d7c89fd4ea9ce7ab2eab434bb60082435a7fb9ec74389fa3c79a03f8d5447,False,0,nominal,False,success,"[0.7724442481994629, -0.8272565603256226, -0.7923619747161865, 0.00642403494566679, 0.007089795079082251, -0.00965879112482071, -0.9802379608154297]",0,48983721be7e2bf091dbe2dab0a0bd54833e0b63fbd909fcc4e36f7cce388fd9,True,Place the green cube in the blue receptacle.,0.9999999999998899,0.9866060956259244,fusion,v1_fusion,1,0.011906690421115827,0.012493663679332655,23.18860000013956,30.12502500096161,10.652750002918765,14.72557000379311,True,300045,True,True,6.0,True,120,True,True,35.54595000605332,44.11871000629616,1,True,4.633695399999851,False,False,False
8e9d7c89fd4ea9ce7ab2eab434bb60082435a7fb9ec74389fa3c79a03f8d5447,False,0,nominal,False,selection,"[0.8001459240913391, -0.7288231253623962, -0.8008227348327637, 0.006203331984579563, 0.006915019825100899, -0.009621335193514824, -1.0]",1,4a27bc990bfe2d471edfc7d6a73b73b8b45f30a1916339e46da12148f30eac2a,False,Place the red cube in the yellow receptacle.,0.0,0.8207844891595659,fusion,v1_fusion,0,0.18952922294365507,0.18957609786381702,26.34510000279988,30.174250002528424,10.70744999742601,14.734379995934432,False,300046,False,False,12.0,False,240,False,False,37.1341999998549,44.11438499701035,1,False,9.86368339999899,False,True,True
8e9d7c89fd4ea9ce7ab2eab434bb60082435a7fb9ec74389fa3c79a03f8d5447,True,1,nominal,False,selection,"[0.7999429702758789, 0.7271872758865356, -0.8603042364120483, 0.001694852253422141, 0.004799574613571167, -0.0032778684981167316, -1.0]",1,018a3656d2e80cfbb94e3a3967629ba45916662572aa30e7dd8c2cb27f43b4ca,False,Place the green cube in the yellow receptacle.,0.0,0.8207844891595659,fusion,v1_fusion,1,0.19504405114316747,0.19508960099909053,25.468899999395944,29.69995000057679,10.122999996383442,14.409459999660612,False,300047,False,False,12.0,False,240,False,False,36.04864999579149,43.30845000331465,1,False,9.742858199999318,False,True,True
8e9d7c89fd4ea9ce7ab2eab434bb60082435a7fb9ec74389fa3c79a03f8d5447,False,0,nominal,False,selection,"[0.7849512100219727, 0.8030986785888672, -0.8200901746749878, 0.001058981753885746, 0.004840116947889328, -0.002619475591927767, -1.0]",0,8496eace00a5b4ff966f77b0b1a435d71a51e759d046664bef60e017d203e2b1,False,Place the red cube in the blue receptacle.,0.0,0.8207844891595659,fusion,v1_fusion,0,0.26251958976886913,0.2625534336931459,22.38220000072033,31.038219995753025,9.303249997174134,14.71909000283631,False,300048,False,False,12.0,False,240,False,False,33.99655000248458,43.794854999214294,1,False,7.651473100006115,False,True,True
8e9d7c89fd4ea9ce7ab2eab434bb60082435a7fb9ec74389fa3c79a03f8d5447,False,0,nominal,False,unstable_placement,"[0.7806904315948486, -0.824569821357727, -0.809973955154419, 0.006446260958909988, 0.007032926194369793, -0.009705591946840286, -0.9882650375366211]",0,5ea79169308246b6e86e64782811ec5ca667d26bda2bc57bf43b10644d5df5e4,True,Place the green cube in the blue receptacle.,0.7500000000002505,0.9978018126751985,fusion,v1_fusion,1,0.33962225524529827,0.37613863267318864,13.072800000372808,14.766394997786845,6.158249998406973,7.212635002360912,True,300049,True,True,12.0,False,240,False,True,19.296000002213987,21.31543999930727,1,True,5.89312400000199,False,False,False
a08333b957f2fd3342a44101b9e7d50f5b5989393c57e66c05d5406ad08ae65f,True,1,nominal,False,selection,"[0.773972749710083, 0.7491092085838318, -0.7839778661727905, 0.0016795441042631865, 0.005140654277056456, -0.0030642468482255936, -1.0]",0,618cc0427a67668783ba9996d3e5ea40b6817b7e279bfdb37542daa992f1c499,False,Place the red cube in the blue receptacle.,0.0,0.8207844891595659,fusion,v1_fusion,0,0.19730493122197093,0.1973499592504455,24.962599996797508,30.687170000965125,10.314349998225225,15.22412500271457,False,300000,False,False,12.0,False,240,False,False,35.855899997841334,44.245929996395716,2,False,9.351080599997658,False,True,True
a08333b957f2fd3342a44101b9e7d50f5b5989393c57e66c05d5406ad08ae65f,False,0,nominal,False,selection,"[0.7978760600090027, -0.8168127536773682, -0.826886773109436, 0.007200991734862328, 0.006534835789352655, -0.00959645863622427, -0.9871997833251953]",0,7aada1ca3067d195598a2918c62a9c0791c7da7b029c7002b44536c345d11e8f,False,Place the green cube in the blue receptacle.,0.0,0.8207844891595659,fusion,v1_fusion,1,0.171103043698197,0.17115496514688944,24.29840000331751,31.794124999942134,10.332500001823064,15.130410001074777,False,300001,False,False,12.0,False,240,False,False,35.08134999719914,45.28096500434913,2,False,9.680723700003,False,True,True
a08333b957f2fd3342a44101b9e7d50f5b5989393c57e66c05d5406ad08ae65f,False,0,nominal,False,selection,"[0.7909864783287048, 0.7575290203094482, -0.7785534858703613, 0.0017517635133117437, 0.004978884011507034, -0.003347233170643449, -1.0]",1,e28bd4c3500c7df81092fa51c89d0d40eddaf84b120100ce3396fa20b5a4d300,False,Place the red cube in the yellow receptacle.,0.0,0.8207844891595659,fusion,v1_fusion,0,0.21270995811917473,0.21275172576199444,24.46129999952973,30.058269996516174,10.099750001245411,14.76462500177149,False,300002,False,False,12.0,False,240,False,False,34.99300000112271,44.56406500139565,2,False,9.814849700000195,False,True,True
a08333b957f2fd3342a44101b9e7d50f5b5989393c57e66c05d5406ad08ae65f,False,0,nominal,False,grasp,"[0.7911874651908875, 0.7342123985290527, -0.7911415100097656, 0.0017965033184736967, 0.005125138442963362, -0.003265535458922386, -1.0]",1,eb6ea41f8719229bd27f9abfe3f10a4adf95726b125d5d415d4321b38593de34,False,Place the green cube in the yellow receptacle.,0.0,0.8207844891595659,fusion,v1_fusion,1,0.20829148305289555,0.20833413653076754,24.44035000007716,30.527690003509633,10.44384999840986,14.38170999972499,False,300003,False,False,12.0,False,240,False,True,35.48189999855822,43.507760004649754,2,False,9.735794400003215,False,False,False
a08333b957f2fd3342a44101b9e7d50f5b5989393c57e66c05d5406ad08ae65f,False,0,nominal,False,grasp,"[0.7808911204338074, 0.7463382482528687, -0.789871096611023, 0.0016832409892231226, 0.005154998507350683, -0.003117762738838792, -1.0]",0,d5229a6169580d54bedb44c8f5f3d032436c3ca095eaad25250d8856664c355a,False,Place the red cube in the blue receptacle.,0.0,0.8219795385917248,fusion,v1_fusion,0,0.3356730143498621,0.3356994833096538,25.22790000148234,30.27696500030288,10.462350001034793,14.698669996869285,False,300004,False,False,12.0,False,240,False,True,35.91914999924484,44.15093999596138,2,False,9.775223199998436,False,False,False
a08333b957f2fd3342a44101b9e7d50f5b5989393c57e66c05d5406ad08ae65f,True,1,nominal,False,selection_no_approach,"[0.7922482490539551, -0.8098263740539551, -0.8426879644393921, 0.007319898344576359, 0.006365347653627396, -0.009610403329133987, -0.9683399200439453]",0,cc28020c5a50fe707c2e37857acb328d4744a94e394f140371949bab65179074,False,Place the green cube in the blue receptacle.,0.0,0.8207844891595659,fusion,v1_fusion,1,0.26341372929922224,0.2634474583573919,24.878999996872153,29.875824999908218,10.622149999107933,14.593265001531108,False,300005,False,False,12.0,False,240,False,False,36.023849999764934,43.50279999707709,2,False,9.478463899999042,False,False,False
a08333b957f2fd3342a44101b9e7d50f5b5989393c57e66c05d5406ad08ae65f,False,0,nominal,False,unstable_placement,"[0.7755228281021118, 0.7943707704544067, -0.7784824371337891, 0.0016418101731687784, 0.005061085801571608, -0.0030396445654332638, -1.0]",1,0385b4f0895b2b4871cbc3cb841581f5bee8e86b1c72c3958786d30060a7938c,True,Place the red cube in the yellow receptacle.,0.29999999999996696,0.9761726103467857,fusion,v1_fusion,0,0.008299752144240564,0.016993791779491816,24.59100000487524,30.19592499877035,10.393349999503698,15.233314994111424,True,300006,True,True,12.0,False,240,False,True,35.63484999904176,44.43430999890552,2,True,9.574138699994364,False,False,False
a08333b957f2fd3342a44101b9e7d50f5b5989393c57e66c05d5406ad08ae65f,False,0,nominal,False,release,"[0.7691148519515991, 0.7507830262184143, -0.8022382259368896, 0.0018316784407943487, 0.005114884115755558, -0.0029785060323774815, -1.0]",1,c69622cfeadc9bdddacdd26bcc4c4a74807498c9664b178b6e03300bc82bf6c2,True,Place the green cube in the yellow receptacle.,0.0,0.9882129736103867,fusion,v1_fusion,1,0.03791529233218911,0.03838346693240146,24.97880000373698,29.722555002445006,10.723049999796785,14.864580003995798,False,300007,True,True,12.0,False,240,False,True,35.71179999562446,44.167575008032145,2,True,10.041393999999855,False,False,False
a08333b957f2fd3342a44101b9e7d50f5b5989393c57e66c05d5406ad08ae65f,False,0,nominal,False,grasp,"[0.7968524098396301, -0.8180704712867737, -0.7870007753372192, 0.006969032809138298, 0.006672931835055351, -0.009594138711690903, -1.0]",0,570a7213b7a3b0ed8621d7b9fabbda311b5712a6c5122f8729a1f4a12e93835d,False,Place the red cube in the blue receptacle.,0.0,0.8207844891595659,fusion,v1_fusion,0,0.3158570677288891,0.31588519713012486,22.694950002914993,33.92491000013251,10.393799999292241,16.19037000091339,False,300008,False,False,12.0,False,240,False,True,33.14209999734885,49.482489993897616,2,False,8.564918700001726,False,False,False
a08333b957f2fd3342a44101b9e7d50f5b5989393c57e66c05d5406ad08ae65f,False,0,nominal,False,unstable_placement,"[0.7962101101875305, -0.799880862236023, -0.827302098274231, 0.007173420861363411, 0.0065203821286559105, -0.009530054405331612, -0.9863470792770386]",0,b0f3241941526b230d7c1c4864775079d60f12f7e296e33507613a1d5e1f4d06,True,Place the green cube in the blue receptacle.,0.44999999999995044,0.9891605887251458,fusion,v1_fusion,1,0.01993229342761856,0.02028838779902332,13.169450001441874,25.10635999788064,5.818450001243036,8.147374999680324,True,300009,True,True,12.0,False,240,False,True,19.034349992580246,31.13130499805265,2,True,5.757530199996836,False,False,False
a08333b957f2fd3342a44101b9e7d50f5b5989393c57e66c05d5406ad08ae65f,False,0,nominal,False,selection_no_approach,"[0.8166646957397461, -0.6061787605285645, -0.8233647346496582, 0.00684309471398592, 0.005866755731403828, -0.008914250880479813, -0.9803742170333862]",1,1b9a75dbff04a39f82b9e9964b4069592c8eef3fdaf43d4c6d4d998829598005,False,Place the red cube in the yellow receptacle.,0.0,0.8207844891595659,fusion,v1_fusion,0,0.18804242449168707,0.18808966994590015,24.305599999934202,29.77618500444805,10.218449999229051,14.582419996440874,False,300010,False,False,12.0,False,240,False,False,34.65440000218223,43.36920499772532,2,False,9.407543199995416,False,False,False
a08333b957f2fd3342a44101b9e7d50f5b5989393c57e66c05d5406ad08ae65f,False,0,nominal,False,grasp,"[0.7964743971824646, -0.6984442472457886, -0.8425155878067017, 0.007128494791686535, 0.005817959550768137, -0.009178733453154564, -0.9298512935638428]",1,060190a1f31221adcbb23a324297a02e64e258a35628d470f37e090fb16feecf,False,Place the green cube in the yellow receptacle.,0.0,0.8207844891595659,fusion,v1_fusion,1,0.30202080644179097,0.3020502243922285,13.208749998739222,14.610985002218511,5.864449998625787,6.801684997117263,False,300011,False,False,12.0,False,240,False,True,19.122500001685694,20.723429995996412,2,False,5.063007299999299,False,False,False
a08333b957f2fd3342a44101b9e7d50f5b5989393c57e66c05d5406ad08ae65f,True,2,nominal,False,selection_no_approach,"[0.7766713500022888, 0.7351338267326355, -0.8023474216461182, 0.0017712756525725126, 0.005133093800395727, -0.0030844793654978275, -1.0]",0,1e7facf5c27b60265c8e032e7a58cc399c32ef47006c419b7010eb49eb1516bc,False,Place the red cube in the blue receptacle.,0.0,0.8207844891595659,fusion,v1_fusion,0,0.29317058244091143,0.29320088836903113,13.34570000108215,15.807240001959144,6.01364999965881,7.3204749987780815,False,300012,False,False,12.0,False,240,False,False,19.567000003007706,21.869140000490006,2,False,5.701572799996939,False,False,False
a08333b957f2fd3342a44101b9e7d50f5b5989393c57e66c05d5406ad08ae65f,True,1,nominal,False,success,"[0.7899938821792603, -0.7775593996047974, -0.8253352642059326, 0.0072198109701275826, 0.006233174819499254, -0.009373772889375687, -0.9477465152740479]",0,d5756ede5366e38fdc8d530a216fde85bdb6966b0a5cf3940ea0fb1ec2a8ade8,True,Place the green cube in the blue receptacle.,1.000000000000334,0.9830522800927756,fusion,v1_fusion,1,0.044133468389933844,0.04429543306607196,13.327450000360841,17.398604995833008,6.270750003750436,7.4922400013747374,True,300013,True,True,11.8,True,236,True,True,19.534750004822854,24.504764995072037,2,True,5.934439500000735,False,False,False
a08333b957f2fd3342a44101b9e7d50f5b5989393c57e66c05d5406ad08ae65f,True,1,nominal,False,selection,"[0.7613542675971985, 0.8477153778076172, -0.7674654722213745, 0.0015291778836399317, 0.004820195026695728, -0.0026599857956171036, -0.9957737922668457]",1,e470269c9dbba30eecd298362adb62ff9e9f342387d8ffcee27174ff33b177e6,False,Place the red cube in the yellow receptacle.,0.0,0.8207844891595659,fusion,v1_fusion,0,0.3073956824361346,0.30742458605652,23.619999999937136,30.13532499971916,10.24669999605976,14.780879998943417,False,300014,False,False,12.0,False,240,False,False,34.16654999455204,44.431000001350185,2,False,8.874689399999625,False,True,True
a08333b957f2fd3342a44101b9e7d50f5b5989393c57e66c05d5406ad08ae65f,True,1,nominal,False,selection,"[0.7739202976226807, 0.7396530508995056, -0.7912392616271973, 0.0018132671248167753, 0.005234162323176861, -0.0031346778851002455, -1.0]",1,3d040b71d43ddc7fdb9be4189a7d003caa5f5780032316826993650530200741,False,Place the green cube in the yellow receptacle.,0.0,0.8207844891595659,fusion,v1_fusion,1,0.27773635232483124,0.2777683422104625,24.6015999946394,29.662849999658647,10.396749996289145,14.507535003212979,False,300015,False,False,12.0,False,240,False,False,36.17515000223648,43.67351999935636,2,False,9.792562599999656,False,True,True
a08333b957f2fd3342a44101b9e7d50f5b5989393c57e66c05d5406ad08ae65f,False,0,nominal,False,selection_no_approach,"[0.7678362727165222, 0.7631322741508484, -0.783307671546936, 0.001653138780966401, 0.005105537362396717, -0.0030567478388547897, -1.0]",0,b83610388891056688ace00db02eff47d82915bdbff13cf8dc6565bee1bbbe89,False,Place the red cube in the blue receptacle.,0.0,0.8207844891595659,fusion,v1_fusion,0,0.20338648094347425,0.20343016286238388,23.191349999251543,29.66622499770892,10.222149998298846,14.574264998009312,False,300016,False,False,12.0,False,240,False,False,33.95694999926491,43.29511000250932,2,False,9.271756699999969,False,False,False
a08333b957f2fd3342a44101b9e7d50f5b5989393c57e66c05d5406ad08ae65f,False,0,nominal,False,grasp,"[0.7970443964004517, -0.6463446617126465, -0.8343503475189209, 0.0069732666015625, 0.005439672153443098, -0.0089552141726017, -0.8837411403656006]",0,ec8b657c2bfcf71b937e69429392aaf224ab9d6f86953c4e0926bf1879e4be86,False,Place the green cube in the blue receptacle.,0.0,0.8207844891595659,fusion,v1_fusion,1,0.1946359515398369,0.19468159687927247,23.945550001371885,30.784369995672023,10.453949998918688,14.190834996043122,False,300017,False,False,12.0,False,240,False,True,34.86720000364585,42.927695001344546,2,False,9.642888099995616,False,False,False
a08333b957f2fd3342a44101b9e7d50f5b5989393c57e66c05d5406ad08ae65f,False,0,nominal,False,transport,"[0.7842311263084412, 0.7534530162811279, -0.7890883684158325, 0.0016925206873565912, 0.005318391602486372, -0.0030274519231170416, -1.0]",1,f173d088be28c5cb58b57e1481d45ecb64944e3eedf64dd77a2f8a4298df4dd4,False,Place the red cube in the yellow receptacle.,0.0,0.9906337090921498,fusion,v1_fusion,0,0.15584021155205308,0.15589721635819698,25.0899999991816,29.61979499705194,10.51539999753004,14.77481000147236,False,300018,True,True,12.0,False,240,False,True,35.953750000771834,43.69380999887653,2,False,9.629628800001228,False,False,False
a08333b957f2fd3342a44101b9e7d50f5b5989393c57e66c05d5406ad08ae65f,False,0,nominal,False,grasp,"[0.8128929734230042, -0.7042157649993896, -0.8059614896774292, 0.006896369159221649, 0.006346272770315409, -0.009343229234218597, -1.0]",1,1eadadd7ab0505b8f1ac3c594a90befdd59110d748d6e3af749a5d53c1974993,False,Place the green cube in the yellow receptacle.,0.0,0.8209331635309277,fusion,v1_fusion,1,0.17060886617673646,0.17066093797280432,24.35410000180127,29.664144996422692,10.26099999944563,14.300730002651106,False,300019,False,False,12.0,False,240,False,True,34.11235000385204,43.09249999532767,2,False,9.390664500002458,False,False,False
a08333b957f2fd3342a44101b9e7d50f5b5989393c57e66c05d5406ad08ae65f,True,1,nominal,False,grasp,"[0.7740287780761719, 0.6941577196121216, -0.7961366176605225, 0.0018248760607093573, 0.005354531574994326, -0.003063152078539133, -1.0]",0,62fbcff6e98309523b32f613824acc69ba62c742aa149e708b6eff42bda03b55,False,Place the red cube in the blue receptacle.,0.0,0.8461095534308438,fusion,v1_fusion,0,0.3248798614188439,0.32490720965711584,23.736100003588945,30.40546000447648,10.151800001040101,14.08707000555296,False,300020,True,False,12.0,False,240,False,True,34.58425000644638,43.56549500662368,2,False,9.44852130000072,False,False,False
a08333b957f2fd3342a44101b9e7d50f5b5989393c57e66c05d5406ad08ae65f,False,0,nominal,False,selection_no_approach,"[0.7704146504402161, 0.6961123943328857, -0.8051295280456543, 0.0017533751670271158, 0.005291977431625128, -0.003202161518856883, -1.0]",0,a221ca1c2f016a9ad2a1f58920324146d6f8982025439298f576e201a8f3dad3,False,Place the green cube in the blue receptacle.,0.0,0.8207844891595659,fusion,v1_fusion,1,0.22696416877832937,0.2270033137222534,25.46490000167978,30.557089997819276,10.322999998606974,14.816215006067068,False,300021,False,False,12.0,False,240,False,False,35.61509999781265,44.436840004709666,2,False,9.572694399998,False,False,False
a08333b957f2fd3342a44101b9e7d50f5b5989393c57e66c05d5406ad08ae65f,False,0,nominal,False,selection,"[0.8032305240631104, -0.7390221357345581, -0.8219492435455322, 0.007081454619765282, 0.006333184894174337, -0.009407760575413704, -1.0]",1,886bd55daefcd499f9fc4c215117d0269d8b33888ff5bfde9eb688098ee99518,False,Place the red cube in the yellow receptacle.,0.0,0.8208351663000484,fusion,v1_fusion,0,0.16590373617943416,0.1659572842931008,25.521200001094257,30.666334996931255,10.815800000273157,14.508219996787375,False,300022,False,False,12.0,False,240,False,True,36.99630000119214,43.79896999198535,2,False,9.777501800002938,False,True,True
a08333b957f2fd3342a44101b9e7d50f5b5989393c57e66c05d5406ad08ae65f,False,0,nominal,False,selection,"[0.7732030749320984, 0.7467426657676697, -0.7965941429138184, 0.0017589975614100695, 0.005228028632700443, -0.003061857307329774, -1.0]",1,b56a2a163700b02b032dd5c52e0849264dfcc224a7ea43ef5415284da4db989c,False,Place the green cube in the yellow receptacle.,0.0,0.8207844891595659,fusion,v1_fusion,1,0.32109934591278855,0.32112701611241995,25.178300002153264,30.91086999811523,10.513600002013845,14.64106499806803,False,300023,False,False,12.0,False,240,False,False,36.02970000429195,43.50003499421291,2,False,9.881551799997396,False,True,True
a08333b957f2fd3342a44101b9e7d50f5b5989393c57e66c05d5406ad08ae65f,False,0,nominal,False,grasp,"[0.8001887798309326, -0.7548825144767761, -0.8326249122619629, 0.00712671410292387, 0.006367224734276533, -0.009413957595825195, -0.9895933866500854]",0,104c8e714ee847db92726d57121421538e3de3b47fa917dda0c9999b8e51ba64,False,Place the red cube in the blue receptacle.,0.0,0.8207844891595659,fusion,v1_fusion,0,0.14442447228470717,0.14448598107208174,27.197150004212745,32.134275000862544,10.625900002196431,15.358585004651102,False,300024,False,False,12.0,False,240,False,True,37.9287999967346,46.84007999894675,2,False,10.041679999994813,False,False,False
a08333b957f2fd3342a44101b9e7d50f5b5989393c57e66c05d5406ad08ae65f,True,1,nominal,False,grasp,"[0.7798765897750854, 0.7095487713813782, -0.7993760108947754, 0.001840757904574275, 0.00498217111453414, -0.003383257891982794, -1.0]",0,2a833a1cf45d9715931a6c247581b62dc40a52c66aed224288ae61ff4c95c871,False,Place the green cube in the blue receptacle.,0.0,0.8233777382792555,fusion,v1_fusion,1,0.3327210876906753,0.3327477914663174,25.487150000117254,29.893559995980468,10.324799997761147,14.699740004652995,False,300025,False,False,12.0,False,240,False,True,35.74279999884311,43.480065000767354,2,False,9.603797699994175,False,False,False
a08333b957f2fd3342a44101b9e7d50f5b5989393c57e66c05d5406ad08ae65f,True,2,nominal,False,grasp,"[0.7649609446525574, 0.7935983538627625, -0.7777634859085083, 0.001669574761763215, 0.00521029531955719, -0.00284832576289773, -1.0]",1,88268cb48c7647e76522ca8736835741effb0e05b551c4205fc796ac650250c7,False,Place the red cube in the yellow receptacle.,0.0,0.8298510344628874,fusion,v1_fusion,0,0.14876810088877315,0.14882781451629937,25.51369999855524,29.84418000451114,10.310050001862692,14.699700004712213,False,300026,True,False,12.0,False,240,False,True,36.40599999926053,43.97362999989127,2,False,9.60920150000311,False,False,False
a08333b957f2fd3342a44101b9e7d50f5b5989393c57e66c05d5406ad08ae65f,False,0,nominal,False,unstable_placement,"[0.7849765419960022, 0.7926937341690063, -0.7850320339202881, 0.0017176924739032984, 0.0048562269657850266, -0.0031649514567106962, -1.0]",1,5d36ecf12c18bbff79658e6b83263f081dbd5ed8a5dbbe29148b635b93816aa8,True,Place the green cube in the yellow receptacle.,0.1500000000000501,0.9939032066588139,fusion,v1_fusion,1,0.02891846724857922,0.02907503360185046,20.385999996506143,30.773345000488916,7.810849998350022,14.822100000310456,True,300027,True,True,12.0,False,240,False,True,28.645799993682886,44.470890003140084,2,True,8.177814700000454,False,False,False
a08333b957f2fd3342a44101b9e7d50f5b5989393c57e66c05d5406ad08ae65f,True,1,nominal,False,selection,"[0.7768022418022156, 0.7479056715965271, -0.7954260110855103, 0.0016901639755815268, 0.005020494572818279, -0.0031505022197961807, -1.0]",0,7276f65e425c44886d2322a4e4a36cc7796d6f806afb8f8033cb6dc7da0e1bd4,False,Place the red cube in the blue receptacle.,0.0,0.8207844891595659,fusion,v1_fusion,0,0.3043575706869749,0.3043867627971406,13.600750000478001,30.28687500009255,6.234450000192737,13.181990000884978,False,300028,False,False,12.0,False,240,False,False,19.904450000467477,42.32506500084127,2,False,6.959028799996304,False,True,True
a08333b957f2fd3342a44101b9e7d50f5b5989393c57e66c05d5406ad08ae65f,True,2,nominal,False,unstable_placement,"[0.7961204051971436, -0.7416545152664185, -0.8519126176834106, 0.0071816276758909225, 0.00615956773981452, -0.009247926063835621, -0.9554092884063721]",0,1f0ef5b9e80d21f446c4d8e86c08183ce5a1c30753bc926223f2e5810a5f723a,True,Place the green cube in the blue receptacle.,0.19999999999997797,0.9836200491836269,fusion,v1_fusion,1,0.09980132109153246,0.09989031095788231,24.97764999861829,30.196860000796732,10.644699999829754,14.512655002181418,True,300029,True,True,12.0,False,240,False,True,35.970849996374454,43.532069992943434,2,True,9.855832499997632,False,False,False
a08333b957f2fd3342a44101b9e7d50f5b5989393c57e66c05d5406ad08ae65f,True,1,nominal,False,selection,"[0.7784435153007507, 0.7763569355010986, -0.7803033590316772, 0.0017556485254317522, 0.005003734026104212, -0.003119588829576969, -1.0]",1,b7bb5331d48012f20d6f6b15fd2a266f5e4f1e5838f733bd51a7e653a5d1d658,False,Place the red cube in the yellow receptacle.,0.0,0.8207844891595659,fusion,v1_fusion,0,0.33959064739501577,0.3396168110235589,24.49949999936507,29.929815000286908,10.805950005305931,14.41894000090542,False,300030,False,False,12.0,False,240,False,False,36.03529999963939,42.7653399961855,2,False,9.412791399998241,False,True,True
a08333b957f2fd3342a44101b9e7d50f5b5989393c57e66c05d5406ad08ae65f,True,1,nominal,False,selection_no_approach,"[0.7637527585029602, 0.7464746236801147, -0.7905350923538208, 0.0016416560392826796, 0.0053037554025650024, -0.0030583026818931103, -1.0]",1,f33e2c24702df5d93eb88b92218db997d68ee16460bb21843c660cc4922ff428,False,Place the green cube in the yellow receptacle.,0.0,0.8251447797378847,fusion,v1_fusion,1,0.26476988933352974,0.264803445652309,24.808850001136307,30.390914999225057,10.356399998272536,14.649159997861716,False,300031,False,False,12.0,False,240,False,False,35.5961999957799,43.352260004758136,2,False,9.686505300000135,False,False,False
a08333b957f2fd3342a44101b9e7d50f5b5989393c57e66c05d5406ad08ae65f,False,0,nominal,False,selection,"[0.7794948816299438, 0.7379125952720642, -0.7839788198471069, 0.0017738428432494402, 0.005036399699747562, -0.0032083336263895035, -1.0]",0,726caac55da1a832a5b8336cbcfd0b73d5f2925742b8f52584804ef67ce00717,False,Place the red cube in the blue receptacle.,0.0,0.8207844891595659,fusion,v1_fusion,0,0.19970559270019392,0.19975007956789798,25.19850000317092,31.914209995375128,10.392250002041692,14.597239999784504,False,300032,False,False,12.0,False,240,False,False,35.32940000513918,44.077459996697144,2,False,9.735773100001097,False,True,True
a08333b957f2fd3342a44101b9e7d50f5b5989393c57e66c05d5406ad08ae65f,False,0,nominal,False,success,"[0.7821179032325745, 0.7108291387557983, -0.8047795295715332, 0.001844216836616397, 0.005104289390146732, -0.0032076817005872726, -1.0]",0,0e11f8b1fda3616a3b4b88416d5a12ee0eaed8df6fc79057d77d97be213ad047,True,Place the green cube in the blue receptacle.,0.9999999999998899,0.9807216848603694,fusion,v1_fusion,1,0.0104732832976739,0.01105325826294948,23.55149999857531,29.410650000500027,10.630599997966783,14.675174996227724,True,300033,True,True,7.55,True,151,True,True,34.9417999968864,43.67392500353162,2,True,6.229273500001,False,False,False
a08333b957f2fd3342a44101b9e7d50f5b5989393c57e66c05d5406ad08ae65f,False,0,nominal,False,selection_no_approach,"[0.7782593965530396, 0.7940414547920227, -0.7767986059188843, 0.0016790882218629122, 0.005022265948355198, -0.003055575303733349, -1.0]",1,9f6c3afb20c9f94fcc7de8047e30d8ad5d8ff2fdc1beac5422994ca1de84b300,False,Place the red cube in the yellow receptacle.,0.0,0.8207844891595659,fusion,v1_fusion,0,0.2723283117158147,0.27236093679827095,26.4158000027237,31.841584994981535,10.36279999607359,15.055409997148672,False,300034,False,False,12.0,False,240,False,False,36.05279999828781,45.495824990575784,2,False,9.6975173000028,False,False,False
a08333b957f2fd3342a44101b9e7d50f5b5989393c57e66c05d5406ad08ae65f,False,0,nominal,False,selection,"[0.8053443431854248, -0.7679798603057861, -0.8247357606887817, 0.007098551839590073, 0.0065365927293896675, -0.00946752168238163, -1.0]",1,3c00e119888e9c978c75e95a6046fd0773b16b73e3185c0edb7c241865bbe99f,False,Place the green cube in the yellow receptacle.,0.0,0.8207844891595659,fusion,v1_fusion,1,0.27033773958296287,0.27037060486390097,26.234349999867845,30.838744994980516,10.566050001216354,14.629385001535411,False,300035,False,False,12.0,False,240,False,False,37.45299999718554,44.07964999991236,2,False,9.633607299998403,False,True,True
a08333b957f2fd3342a44101b9e7d50f5b5989393c57e66c05d5406ad08ae65f,False,0,nominal,False,grasp,"[0.7851701378822327, 0.7443888187408447, -0.7919908761978149, 0.0017041957471519709, 0.005190168507397175, -0.0031172004528343678, -1.0]",0,f8e559c725f581c649197aaa96f9a8dcc052c1a278ee83e9a76971acf148165d,False,Place the red cube in the blue receptacle.,0.0,0.8275465048137303,fusion,v1_fusion,0,0.18270004676361992,0.18274867337158626,24.149700002453756,29.22535499674268,10.174650000408292,14.357729996845592,False,300036,False,False,12.0,False,240,False,True,34.19965000284719,43.18103499972494,2,False,9.401682399999117,False,False,False
a08333b957f2fd3342a44101b9e7d50f5b5989393c57e66c05d5406ad08ae65f,False,0,nominal,False,unstable_placement,"[0.8025787472724915, -0.8086040019989014, -0.8306723833084106, 0.007081887684762478, 0.00675046443939209, -0.009568603709340096, -1.0]",0,9db26cffef5b4cf354c01ca0e2d970db823d5c5fe2b1449562d1a4d1784f58dc,True,Place the green cube in the blue receptacle.,0.19999999999997797,0.9943071319165524,fusion,v1_fusion,1,0.17357558758691594,0.21077220295603685,24.912699998822063,29.454084999815677,10.137350000150036,13.913369999136194,True,300037,True,True,12.0,False,240,False,True,35.084949999145465,42.49183499960054,2,True,9.58695920000173,False,False,False
a08333b957f2fd3342a44101b9e7d50f5b5989393c57e66c05d5406ad08ae65f,False,0,nominal,False,selection_no_approach,"[0.7833327651023865, 0.7893835306167603, -0.7833731174468994, 0.0017408591229468584, 0.005034047644585371, -0.0029436468612402678, -1.0]",1,5ad6fa21b0dc7e7ee4489154e81e55358449d43125639e4e066734313bff6fbb,False,Place the red cube in the yellow receptacle.,0.0,0.8207844891595659,fusion,v1_fusion,0,0.32236017257945254,0.3223877345636776,25.34775000094669,29.617464999319054,10.389350001787534,14.487165000537061,False,300038,False,False,12.0,False,240,False,False,36.14000000379747,43.36006999037636,2,False,9.78614430000016,False,False,False
a08333b957f2fd3342a44101b9e7d50f5b5989393c57e66c05d5406ad08ae65f,False,0,nominal,False,selection,"[0.7779844999313354, 0.7477040886878967, -0.7903796434402466, 0.0017407105769962072, 0.005123899783939123, -0.003201913321390748, -1.0]",1,65630beb95199703aa8813469401756affbb274999c87e4d5c750ac71f2acf15,False,Place the green cube in the yellow receptacle.,0.0,0.8207844891595659,fusion,v1_fusion,1,0.2955985246211662,0.2956285816524783,25.17979999902309,29.75508000017726,10.824350003531436,14.63481000137108,False,300039,False,False,12.0,False,240,False,False,36.29050000017742,43.53829999527079,2,False,10.005239600002824,False,True,True
a08333b957f2fd3342a44101b9e7d50f5b5989393c57e66c05d5406ad08ae65f,False,0,nominal,False,selection_no_approach,"[0.7865241765975952, 0.7743008732795715, -0.7912123203277588, 0.0017069356981664896, 0.005032603163272142, -0.0030829557217657566, -1.0]",0,b56b2d83467ad8fb72962b2e798b8c53e3d495004ecf60de76c64d4327964a11,False,Place the red cube in the blue receptacle.,0.0,0.8207844891595659,fusion,v1_fusion,0,0.28595942795751156,0.2859904980404647,24.23724999971455,29.87839500674454,10.122100004082313,14.446465003129559,False,300040,False,False,12.0,False,240,False,False,35.176750003302004,43.34381000189751,2,False,9.512857900001109,False,False,False
a08333b957f2fd3342a44101b9e7d50f5b5989393c57e66c05d5406ad08ae65f,False,0,nominal,False,success,"[0.7988516688346863, -0.6387062072753906, -0.8446336984634399, 0.007024328224360943, 0.005470885895192623, -0.008820882998406887, -0.8912745714187622]",0,3d9b609c55ed29bc0d9f8e89f207b2f39048448574e53c331203c5f843e175ff,True,Place the green cube in the blue receptacle.,1.000000000000334,0.9917210079704554,fusion,v1_fusion,1,0.026408202843531976,0.026677997219131777,25.91549999488052,30.89308000053279,10.431599999719765,15.281159998266958,True,300041,True,True,10.9,True,218,True,True,36.159500006760936,44.7546599956695,2,True,9.023578699998325,False,False,False
a08333b957f2fd3342a44101b9e7d50f5b5989393c57e66c05d5406ad08ae65f,True,1,nominal,False,selection,"[0.8072914481163025, -0.5133751630783081, -0.8155430555343628, 0.006642542779445648, 0.005300962366163731, -0.008275014348328114, -0.8892470598220825]",1,141f22aed7179c81141c7612bd053247558c2b9d21c551a735c2923579a1cc55,False,Place the red cube in the yellow receptacle.,0.0,0.8207844891595659,fusion,v1_fusion,0,0.33429605044871924,0.3343226284253856,25.060250001843087,30.682950001209974,10.234249999484746,14.959545000237995,False,300042,False,False,12.0,False,240,False,False,35.67484999803128,44.85431500179401,2,False,9.69032149999839,False,True,True
a08333b957f2fd3342a44101b9e7d50f5b5989393c57e66c05d5406ad08ae65f,False,0,nominal,False,selection,"[0.7950616478919983, -0.7335503697395325, -0.8396607637405396, 0.007149441167712212, 0.006198693998157978, -0.009292969480156898, -0.9645190238952637]",1,aaac1533a7a90c885a6db8149f709d819b674a4ddb0ad6b5a8e09f4ce69bb046,False,Place the green cube in the yellow receptacle.,0.0,0.8207844891595659,fusion,v1_fusion,1,0.1424654227471135,0.14252777697754068,23.76294999703532,29.573809997964418,10.547349997068522,14.89686499662639,False,300043,False,False,12.0,False,240,False,True,34.72179999516811,43.507479997424525,2,False,9.599840000002587,False,True,True
a08333b957f2fd3342a44101b9e7d50f5b5989393c57e66c05d5406ad08ae65f,False,0,nominal,False,selection,"[0.8075947165489197, -0.7691189646720886, -0.8120166063308716, 0.0069533586502075195, 0.0067862593568861485, -0.009491389617323875, -1.0]",0,62b78ae4b1dbcad1f395c83c1ce5444ce72eb09f038f049009917f42965d0553,False,Place the red cube in the blue receptacle.,0.0,0.8207844891595659,fusion,v1_fusion,0,0.26237402619187655,0.26240788889014244,24.468999999953667,29.1936900044675,9.966049998183735,14.449495000008028,False,300044,False,False,12.0,False,240,False,False,34.70164999453118,42.87341000272136,2,False,9.448807100001432,False,True,True
a08333b957f2fd3342a44101b9e7d50f5b5989393c57e66c05d5406ad08ae65f,False,0,nominal,False,unstable_placement,"[0.7918455004692078, -0.838211178779602, -0.8116506338119507, 0.0071191443130373955, 0.006799736525863409, -0.009578851982951164, -1.0]",0,48983721be7e2bf091dbe2dab0a0bd54833e0b63fbd909fcc4e36f7cce388fd9,True,Place the green cube in the blue receptacle.,0.49999999999994493,0.9883613787319634,fusion,v1_fusion,1,0.04098858729946194,0.04116292806645909,26.53874999668915,31.90298500448989,10.882850001507904,15.180295006211963,True,300045,True,True,12.0,False,240,False,True,37.59829999762587,46.49374999462452,2,True,10.18811409999762,False,False,False
a08333b957f2fd3342a44101b9e7d50f5b5989393c57e66c05d5406ad08ae65f,False,0,nominal,False,selection,"[0.8097110390663147, -0.5354535579681396, -0.7964154481887817, 0.006570381112396717, 0.005499992053955793, -0.008584490045905113, -0.9272819757461548]",1,4a27bc990bfe2d471edfc7d6a73b73b8b45f30a1916339e46da12148f30eac2a,False,Place the red cube in the yellow receptacle.,0.0,0.8207844891595659,fusion,v1_fusion,0,0.18952922294365507,0.18957609786381702,25.020150005730102,30.687434994615614,10.418999998364598,14.589784995041555,False,300046,False,False,12.0,False,240,False,False,36.481700004515005,43.965474995275144,2,False,10.083441199996741,False,True,True
a08333b957f2fd3342a44101b9e7d50f5b5989393c57e66c05d5406ad08ae65f,False,0,nominal,False,selection,"[0.7938544154167175, 0.7322918176651001, -0.7874757051467896, 0.001746215159073472, 0.005273522809147835, -0.0032828422263264656, -1.0]",1,018a3656d2e80cfbb94e3a3967629ba45916662572aa30e7dd8c2cb27f43b4ca,False,Place the green cube in the yellow receptacle.,0.0,0.8207844891595659,fusion,v1_fusion,1,0.19504405114316747,0.19508960099909053,26.292249996913597,31.701624998095216,10.541399999056011,14.619009993839427,False,300047,False,False,12.0,False,240,False,False,37.16500000155065,44.54573500115657,2,False,10.066437000001315,False,True,True
a08333b957f2fd3342a44101b9e7d50f5b5989393c57e66c05d5406ad08ae65f,False,0,nominal,False,unstable_placement,"[0.8001719117164612, -0.7722345590591431, -0.8116439580917358, 0.00713700708001852, 0.0064232079312205315, -0.009478501044213772, -0.9933315515518188]",0,8496eace00a5b4ff966f77b0b1a435d71a51e759d046664bef60e017d203e2b1,True,Place the red cube in the blue receptacle.,0.6999999999999229,0.9873729299995337,fusion,v1_fusion,0,0.31086193639107396,0.3457953750802548,25.41689999998198,31.987305005532104,10.429949998069787,15.996565002933494,True,300048,True,True,12.0,False,240,False,True,36.48974999669008,47.44729500016547,2,True,9.661827100004302,False,False,False
a08333b957f2fd3342a44101b9e7d50f5b5989393c57e66c05d5406ad08ae65f,False,0,nominal,False,selection_no_approach,"[0.7849125862121582, 0.6040442585945129, -0.846207857131958, 0.0020249926019459963, 0.0051587652415037155, -0.003507242538034916, -1.0]",0,5ea79169308246b6e86e64782811ec5ca667d26bda2bc57bf43b10644d5df5e4,False,Place the green cube in the blue receptacle.,0.0,0.8207844891595659,fusion,v1_fusion,1,0.33272022298594567,0.33274692683098245,26.105299999471754,31.01902499947755,11.029950001102407,15.23142000369262,False,300049,False,False,12.0,False,240,False,False,37.09569999773521,45.95286500079965,2,False,10.090351200000441,False,False,False
5a07ccd0538b34aa37880ef21ce29fd2f936a9f3144e9cad94e86072f40f34bd,False,0,nominal,False,grasp,"[0.7732084393501282, -0.41053295135498047, -0.7883913516998291, 0.004841855727136135, 0.005982418078929186, -0.007281134836375713, -1.0]",0,618cc0427a67668783ba9996d3e5ea40b6817b7e279bfdb37542daa992f1c499,False,Place the red cube in the blue receptacle.,0.0,0.8304468419876877,act,v1_act,0,0.2050595800301619,0.2051029056200623,3.9837500044086482,5.071634995692875,0.25100000129896216,0.362895001671859,False,300000,True,False,12.0,False,240,False,True,4.227000004902948,5.405849997987389,0,False,5.642704899997625,False,False,False
5a07ccd0538b34aa37880ef21ce29fd2f936a9f3144e9cad94e86072f40f34bd,False,0,nominal,False,selection_no_approach,"[0.7801061868667603, -0.46290266513824463, -0.7672450542449951, 0.00493974145501852, 0.005788552574813366, -0.007561829872429371, -0.9913761615753174]",0,7aada1ca3067d195598a2918c62a9c0791c7da7b029c7002b44536c345d11e8f,False,Place the green cube in the blue receptacle.,0.0,0.8207844891595659,act,v1_act,1,0.171103043698197,0.17115496514688944,3.840700002911035,5.074120000426774,0.2538999979151413,0.34641500205907505,False,300001,False,False,12.0,False,240,False,False,4.15515000349842,5.412555007569608,0,False,5.844551700000011,False,False,False
5a07ccd0538b34aa37880ef21ce29fd2f936a9f3144e9cad94e86072f40f34bd,True,2,nominal,False,transport,"[0.7776818871498108, -0.4752747714519501, -0.7903933525085449, 0.005096545442938805, 0.0057280780747532845, -0.007485652808099985, -0.9832686185836792]",1,e28bd4c3500c7df81092fa51c89d0d40eddaf84b120100ce3396fa20b5a4d300,False,Place the red cube in the yellow receptacle.,0.0,0.9961006312357712,act,v1_act,0,0.3636442874203399,0.3636639797005549,3.5009499988518655,4.821690002427204,0.23919999875943176,0.3199850030796369,False,300002,True,True,12.0,False,240,False,True,3.737550003279466,5.095874998369254,0,False,5.572744199998851,True,False,False
5a07ccd0538b34aa37880ef21ce29fd2f936a9f3144e9cad94e86072f40f34bd,False,0,nominal,False,transport,"[0.7777145504951477, -0.4460722804069519, -0.788704514503479, 0.0049034468829631805, 0.0058752126060426235, -0.007498957682400942, -0.9903168678283691]",1,eb6ea41f8719229bd27f9abfe3f10a4adf95726b125d5d415d4321b38593de34,False,Place the green cube in the yellow receptacle.,0.0,0.991149345791916,act,v1_act,1,0.38246054587789974,0.382479269387793,3.50139999500243,4.762129996015574,0.23144999795476906,0.32635000279697124,False,300003,True,True,12.0,False,240,False,True,3.751149994059233,5.062735003957641,0,False,5.335463199997321,True,False,False
5a07ccd0538b34aa37880ef21ce29fd2f936a9f3144e9cad94e86072f40f34bd,False,0,nominal,False,grasp,"[0.7772815823554993, -0.46842849254608154, -0.7657054662704468, 0.00505897868424654, 0.005793150048702955, -0.007627367507666349, -1.0]",0,d5229a6169580d54bedb44c8f5f3d032436c3ca095eaad25250d8856664c355a,False,Place the red cube in the blue receptacle.,0.0,0.8207844891595659,act,v1_act,0,0.3356082578604727,0.3356347319271165,3.426049999688985,4.790185000456404,0.2238000015495345,0.33610999780648854,False,300004,False,False,12.0,False,240,False,True,3.6445499936235137,5.093240005226107,0,False,5.2706046999956015,False,False,False
5a07ccd0538b34aa37880ef21ce29fd2f936a9f3144e9cad94e86072f40f34bd,False,0,nominal,False,selection,"[0.7754634022712708, -0.4344950020313263, -0.7696408033370972, 0.004775608889758587, 0.006020499859005213, -0.007551279850304127, -1.0]",0,cc28020c5a50fe707c2e37857acb328d4744a94e394f140371949bab65179074,False,Place the green cube in the blue receptacle.,0.0,0.8207844891595659,act,v1_act,1,0.26341372929922224,0.2634474583573919,3.4358999946562108,4.727975002970197,0.2281499982927926,0.3398949971597176,False,300005,False,False,12.0,False,240,False,False,3.6822500005655456,5.04054500379425,0,False,5.478276000001642,False,True,True
5a07ccd0538b34aa37880ef21ce29fd2f936a9f3144e9cad94e86072f40f34bd,False,0,nominal,False,selection,"[0.7763209342956543, -0.40856295824050903, -0.8033707141876221, 0.004823732189834118, 0.005775739438831806, -0.0072945840656757355, -0.9954773187637329]",1,0385b4f0895b2b4871cbc3cb841581f5bee8e86b1c72c3958786d30060a7938c,False,Place the red cube in the yellow receptacle.,0.0,0.8207844891595659,act,v1_act,0,0.14697174340990957,0.1470321865871351,3.413149999687448,4.77943499936373,0.22924999939277768,0.33186000036948826,False,300006,False,False,12.0,False,240,False,False,3.6495000022114255,5.0819749991205745,0,False,5.327683899995463,False,True,True
5a07ccd0538b34aa37880ef21ce29fd2f936a9f3144e9cad94e86072f40f34bd,False,0,nominal,False,selection_no_approach,"[0.7771258354187012, -0.43852129578590393, -0.7581703662872314, 0.00484105758368969, 0.005997377447783947, -0.007648448459804058, -1.0]",1,c69622cfeadc9bdddacdd26bcc4c4a74807498c9664b178b6e03300bc82bf6c2,False,Place the green cube in the yellow receptacle.,0.0,0.8207844891595659,act,v1_act,1,0.15359539423003582,0.15365323185773197,3.474549997918075,4.750234998573433,0.22979999994277023,0.31229499727487564,False,300007,False,False,12.0,False,240,False,False,3.7084499999764375,5.059605000496958,0,False,5.2454183000008925,False,False,False
5a07ccd0538b34aa37880ef21ce29fd2f936a9f3144e9cad94e86072f40f34bd,False,0,nominal,False,transport,"[0.779778242111206, -0.473562091588974, -0.7759605646133423, 0.005037834867835045, 0.0056650470942258835, -0.007464798167347908, -0.9864789247512817]",0,570a7213b7a3b0ed8621d7b9fabbda311b5712a6c5122f8729a1f4a12e93835d,False,Place the red cube in the blue receptacle.,0.0,0.9932536617687101,act,v1_act,0,0.35841288625473094,0.35843286594792834,3.7219500009086914,4.990355002883007,0.24744999609538354,0.341919996208162,False,300008,True,True,12.0,False,240,False,True,3.9964500028872862,5.299559995910386,0,False,5.802219899996999,True,False,False
5a07ccd0538b34aa37880ef21ce29fd2f936a9f3144e9cad94e86072f40f34bd,False,0,nominal,False,grasp,"[0.7645232677459717, -0.39242175221443176, -0.7727160453796387, 0.004565994255244732, 0.006037133280187845, -0.007424692623317242, -1.0]",0,b0f3241941526b230d7c1c4864775079d60f12f7e296e33507613a1d5e1f4d06,False,Place the green cube in the blue receptacle.,0.0,0.8207844891595659,act,v1_act,1,0.16453285731443285,0.1645868514423231,3.0034000010346062,5.2207449971319875,0.20540000332402997,0.3733550045581069,False,300009,False,False,12.0,False,240,False,True,3.18640000114101,5.541929999526474,0,False,4.521162600001844,False,False,False
5a07ccd0538b34aa37880ef21ce29fd2f936a9f3144e9cad94e86072f40f34bd,False,0,nominal,False,selection_no_approach,"[0.7739357948303223, -0.36353224515914917, -0.8069688081741333, 0.004584977403283119, 0.0055911908857524395, -0.007066785823553801, -0.9852303266525269]",1,1b9a75dbff04a39f82b9e9964b4069592c8eef3fdaf43d4c6d4d998829598005,False,Place the red cube in the yellow receptacle.,0.0,0.8207844891595659,act,v1_act,0,0.18804242449168707,0.18808966994590015,3.7120000015420374,5.11535500336322,0.25055000151041895,0.39301999495364726,False,300010,False,False,12.0,False,240,False,False,3.9816999997128733,5.449929992755641,0,False,4.842002699995646,False,False,False
5a07ccd0538b34aa37880ef21ce29fd2f936a9f3144e9cad94e86072f40f34bd,False,0,nominal,False,selection_no_approach,"[0.7783862948417664, -0.44683918356895447, -0.7729001045227051, 0.004877061583101749, 0.0059552243910729885, -0.0075979335233569145, -1.0]",1,060190a1f31221adcbb23a324297a02e64e258a35628d470f37e090fb16feecf,False,Place the green cube in the yellow receptacle.,0.0,0.8207844891595659,act,v1_act,1,0.30202080644179097,0.3020502243922285,3.8006499999028165,4.9138300000777235,0.26029999935417436,0.3469249993941048,False,300011,False,False,12.0,False,240,False,False,4.066300003614742,5.230675000348128,0,False,5.908576499998162,False,False,False
5a07ccd0538b34aa37880ef21ce29fd2f936a9f3144e9cad94e86072f40f34bd,False,0,nominal,False,transport,"[0.7823064923286438, -0.47215279936790466, -0.782023549079895, 0.005055340938270092, 0.005711833015084267, -0.00750722223892808, -0.9886817932128906]",0,1e7facf5c27b60265c8e032e7a58cc399c32ef47006c419b7010eb49eb1516bc,False,Place the red cube in the blue receptacle.,0.0,0.9912820888315796,act,v1_act,0,0.3482193700269803,0.3482399345568884,3.7786499960930087,5.235645002903765,0.24724999821046367,0.34880500024883077,False,300012,True,True,12.0,False,240,False,True,4.014449994429015,5.568769998717471,0,False,6.092819500001497,True,False,False
5a07ccd0538b34aa37880ef21ce29fd2f936a9f3144e9cad94e86072f40f34bd,True,1,nominal,False,transport,"[0.7792022824287415, -0.4650295376777649, -0.7540291547775269, 0.004983195103704929, 0.00588227016851306, -0.007739554159343243, -1.0]",0,d5756ede5366e38fdc8d530a216fde85bdb6966b0a5cf3940ea0fb1ec2a8ade8,False,Place the green cube in the blue receptacle.,0.0,0.9800938734006022,act,v1_act,1,0.3634699192512012,0.36348962097792226,3.5952499965787865,4.997534997164621,0.2571500008343719,0.3662450017145602,False,300013,True,True,12.0,False,240,False,True,3.8486999947053846,5.308829995556152,0,False,6.069385199996759,True,False,False
5a07ccd0538b34aa37880ef21ce29fd2f936a9f3144e9cad94e86072f40f34bd,False,0,nominal,False,grasp,"[0.7730627059936523, -0.4129442870616913, -0.7723870277404785, 0.0048538390547037125, 0.005803353153169155, -0.007481467444449663, -1.0]",1,e470269c9dbba30eecd298362adb62ff9e9f342387d8ffcee27174ff33b177e6,False,Place the red cube in the yellow receptacle.,0.0,0.8238676862312683,act,v1_act,0,0.30815657974388333,0.3081854120024083,4.478700000618119,5.174934994647629,0.27704999956768006,0.40462500146531966,False,300014,False,False,12.0,False,240,False,True,4.752050004753983,5.53124499056139,0,False,6.155472099999315,False,False,False
5a07ccd0538b34aa37880ef21ce29fd2f936a9f3144e9cad94e86072f40f34bd,False,0,nominal,False,success,"[0.772172749042511, -0.3997863531112671, -0.770533561706543, 0.004656383767724037, 0.006064789369702339, -0.007453302852809429, -1.0]",1,3d040b71d43ddc7fdb9be4189a7d003caa5f5780032316826993650530200741,True,Place the green cube in the yellow receptacle.,0.9999999999999343,0.9836424782259844,act,v1_act,1,0.004917877333379436,0.006205471429717456,3.456200000073295,4.839799999899697,0.2554000020609237,0.3361999988555908,True,300015,True,True,8.1,True,162,True,True,3.7482999978237785,5.197199992835522,0,True,4.026531899995462,False,False,False
5a07ccd0538b34aa37880ef21ce29fd2f936a9f3144e9cad94e86072f40f34bd,False,0,nominal,False,grasp,"[0.7767690420150757, -0.39613470435142517, -0.7898639440536499, 0.004748494364321232, 0.005789467133581638, -0.0073122126050293446, -0.99848473072052]",0,b83610388891056688ace00db02eff47d82915bdbff13cf8dc6565bee1bbbe89,False,Place the red cube in the blue receptacle.,0.0,0.823258464620533,act,v1_act,0,0.20505785300043738,0.20510117895515573,3.4437499998603016,4.930455001158407,0.24619999749120325,0.346769996031071,False,300016,True,False,12.0,False,240,False,True,3.687999993417179,5.185685003743856,0,False,5.996825200003514,False,False,False
5a07ccd0538b34aa37880ef21ce29fd2f936a9f3144e9cad94e86072f40f34bd,False,0,nominal,False,selection_no_approach,"[0.7786842584609985, -0.4678582549095154, -0.7687317132949829, 0.00493593979626894, 0.005926723126322031, -0.007652512285858393, -0.9987479448318481]",0,ec8b657c2bfcf71b937e69429392aaf224ab9d6f86953c4e0926bf1879e4be86,False,Place the green cube in the blue receptacle.,0.0,0.8207844891595659,act,v1_act,1,0.1946359515398369,0.19468159687927247,3.4350999994785525,4.926485000396497,0.24304999533342198,0.3403399939998053,False,300017,False,False,12.0,False,240,False,False,3.6758999995072372,5.250354999589035,0,False,5.931574700000056,False,False,False
5a07ccd0538b34aa37880ef21ce29fd2f936a9f3144e9cad94e86072f40f34bd,False,0,nominal,False,selection_no_approach,"[0.7700936198234558, -0.4157552719116211, -0.7945020198822021, 0.004964661784470081, 0.005834903102368116, -0.007241923362016678, -0.9960716962814331]",1,f173d088be28c5cb58b57e1481d45ecb64944e3eedf64dd77a2f8a4298df4dd4,False,Place the red cube in the yellow receptacle.,0.0,0.8207844891595659,act,v1_act,0,0.3285353631656143,0.32856240713448626,3.601550000894349,4.878759997882298,0.2538999979151413,0.34262000299349893,False,300018,False,False,12.0,False,240,False,False,3.8493499960168265,5.223469992779428,0,False,5.978833199995279,False,False,False
5a07ccd0538b34aa37880ef21ce29fd2f936a9f3144e9cad94e86072f40f34bd,False,0,nominal,False,grasp,"[0.7831494808197021, -0.4593915045261383, -0.7711212635040283, 0.004923583008348942, 0.0058425795286893845, -0.007701050955802202, -0.9986604452133179]",1,1eadadd7ab0505b8f1ac3c594a90befdd59110d748d6e3af749a5d53c1974993,False,Place the green cube in the yellow receptacle.,0.0,0.8266482936336091,act,v1_act,1,0.17271615339436544,0.17276759005957046,3.7105999981577042,4.976524998710374,0.2451999971526675,0.3449499996349914,False,300019,False,False,12.0,False,240,False,True,3.9496999997936655,5.288849994394695,0,False,5.883944799999881,False,False,False
5a07ccd0538b34aa37880ef21ce29fd2f936a9f3144e9cad94e86072f40f34bd,False,0,nominal,False,selection_no_approach,"[0.7782235741615295, -0.4439271092414856, -0.7714970111846924, 0.0049248747527599335, 0.005904179997742176, -0.007565525360405445, -1.0]",0,62fbcff6e98309523b32f613824acc69ba62c742aa149e708b6eff42bda03b55,False,Place the red cube in the blue receptacle.,0.0,0.8207844891595659,act,v1_act,0,0.31332636236069644,0.31335471893978595,4.210600000078557,4.891375001898268,0.2494000000297092,0.3436500028328737,False,300020,False,False,12.0,False,240,False,False,4.451850003533764,5.180314997778623,0,False,5.825444199996127,False,False,False
5a07ccd0538b34aa37880ef21ce29fd2f936a9f3144e9cad94e86072f40f34bd,False,0,nominal,False,success,"[0.7796381711959839, -0.3857043385505676, -0.7934640645980835, 0.004582881927490234, 0.005815465003252029, -0.007344718556851149, -0.9964123964309692]",0,a221ca1c2f016a9ad2a1f58920324146d6f8982025439298f576e201a8f3dad3,True,Place the green cube in the blue receptacle.,0.9999999999998899,0.9873873588654882,act,v1_act,1,0.012348951974288713,0.01291584179494854,3.9311000000452623,5.0031950006086845,0.26485000125830993,0.3523099971062038,True,300021,True,True,6.0,True,120,True,True,4.213349999190541,5.3318799913540715,0,True,3.090693599995575,False,False,False
5a07ccd0538b34aa37880ef21ce29fd2f936a9f3144e9cad94e86072f40f34bd,False,0,nominal,False,grasp,"[0.7729130387306213, -0.41038981080055237, -0.7771185636520386, 0.004929402843117714, 0.005936203990131617, -0.007368031423538923, -1.0]",1,886bd55daefcd499f9fc4c215117d0269d8b33888ff5bfde9eb688098ee99518,False,Place the red cube in the yellow receptacle.,0.0,0.8207844891595659,act,v1_act,0,0.1667829441584881,0.16683621007988397,3.6369500012369826,4.930325004534097,0.24344999837921932,0.33999999905063305,False,300022,False,False,12.0,False,240,False,True,3.8788999991083983,5.204384992612177,0,False,5.83572369999456,False,False,False
5a07ccd0538b34aa37880ef21ce29fd2f936a9f3144e9cad94e86072f40f34bd,False,0,nominal,False,grasp,"[0.7719014286994934, -0.3929070830345154, -0.783003568649292, 0.004637576639652252, 0.00599183514714241, -0.00737800681963563, -1.0]",1,b56a2a163700b02b032dd5c52e0849264dfcc224a7ea43ef5415284da4db989c,False,Place the green cube in the yellow receptacle.,0.0,0.8207844891595659,act,v1_act,1,0.32109934591278855,0.32112701611241995,3.576849998353282,4.866329997821595,0.2370000038354192,0.36422500015760306,False,300023,False,False,12.0,False,240,False,True,3.8159000032464974,5.118830002538743,0,False,5.691867000001366,False,False,False
5a07ccd0538b34aa37880ef21ce29fd2f936a9f3144e9cad94e86072f40f34bd,False,0,nominal,False,grasp,"[0.7795365452766418, -0.40527838468551636, -0.7851650714874268, 0.004720695316791534, 0.005907126702368259, -0.0074005527421832085, -1.0]",0,104c8e714ee847db92726d57121421538e3de3b47fa917dda0c9999b8e51ba64,False,Place the red cube in the blue receptacle.,0.0,0.8245320296623045,act,v1_act,0,0.14435801183102803,0.14441954892414338,3.829299999779323,4.8068550022435375,0.23680000231252052,0.3503900043142494,False,300024,False,False,12.0,False,240,False,True,4.065199998876778,5.1026699926296715,0,False,5.793571099995461,False,False,False
5a07ccd0538b34aa37880ef21ce29fd2f936a9f3144e9cad94e86072f40f34bd,False,0,nominal,False,selection_no_approach,"[0.7770805954933167, -0.40948787331581116, -0.792770504951477, 0.004645385779440403, 0.005737128667533398, -0.00732361851260066, -0.9855906963348389]",0,2a833a1cf45d9715931a6c247581b62dc40a52c66aed224288ae61ff4c95c871,False,Place the green cube in the blue receptacle.,0.0,0.8207844891595659,act,v1_act,1,0.3330538375766551,0.3330805146750298,4.213549997075461,4.8447750028572045,0.24259999918285757,0.3389200017409166,False,300025,False,False,12.0,False,240,False,False,4.445149996172404,5.174524999893038,0,False,5.788515899999766,False,False,False
5a07ccd0538b34aa37880ef21ce29fd2f936a9f3144e9cad94e86072f40f34bd,False,0,nominal,False,selection_no_approach,"[0.76958829164505, -0.41318804025650024, -0.7775489091873169, 0.004819531925022602, 0.0058961049653589725, -0.0074882348999381065, -1.0]",1,88268cb48c7647e76522ca8736835741effb0e05b551c4205fc796ac650250c7,False,Place the red cube in the yellow receptacle.,0.0,0.8207844891595659,act,v1_act,0,0.1350954494407266,0.1351612037207339,3.7455499987117946,4.807939997044741,0.24140000095940195,0.3349699949467322,False,300026,False,False,12.0,False,240,False,False,3.9891500018711668,5.1284150020364905,0,False,5.805921999999555,False,False,False
5a07ccd0538b34aa37880ef21ce29fd2f936a9f3144e9cad94e86072f40f34bd,False,0,nominal,False,selection_no_approach,"[0.7800040245056152, -0.3933112919330597, -0.8063868284225464, 0.004602054134011269, 0.005830397363752127, -0.007266851142048836, -0.9864431619644165]",1,5d36ecf12c18bbff79658e6b83263f081dbd5ed8a5dbbe29148b635b93816aa8,False,Place the green cube in the yellow receptacle.,0.0,0.8207844891595659,act,v1_act,1,0.18690832360872983,0.18695585566082568,4.390599999169353,4.91013999817369,0.29424999956972897,0.37712000448664185,False,300027,False,False,12.0,False,240,False,False,4.6666500020364765,5.268615000022692,0,False,6.0116749000007985,False,False,False
5a07ccd0538b34aa37880ef21ce29fd2f936a9f3144e9cad94e86072f40f34bd,False,0,nominal,False,success,"[0.7767504453659058, -0.4606006145477295, -0.7991703748703003, 0.005008772015571594, 0.005778452381491661, -0.0075047072023153305, -0.9972052574157715]",0,7276f65e425c44886d2322a4e4a36cc7796d6f806afb8f8033cb6dc7da0e1bd4,True,Place the red cube in the blue receptacle.,0.9999999999998899,0.9889818228606766,act,v1_act,0,0.021775523016824082,0.022008526612174888,3.8775000066380017,4.797849996975856,0.26420000358484685,0.34490999460103916,True,300028,True,True,6.25,True,125,True,True,4.203799995593727,5.117800000880379,0,True,3.1386239000057685,False,False,False
5a07ccd0538b34aa37880ef21ce29fd2f936a9f3144e9cad94e86072f40f34bd,False,0,nominal,False,transport,"[0.7791564464569092, -0.42064064741134644, -0.7789734601974487, 0.0047448789700865746, 0.005920726805925369, -0.007495651952922344, -1.0]",0,1f0ef5b9e80d21f446c4d8e86c08183ce5a1c30753bc926223f2e5810a5f723a,False,Place the green cube in the blue receptacle.,0.0,0.9832330881534211,act,v1_act,1,0.24986600409006432,0.24990156168295918,3.561900000931928,4.751794997355319,0.24285000108648092,0.3412200003367616,False,300029,True,True,12.0,False,240,False,True,3.8001000029908027,5.078885004331823,0,False,5.814303599996492,False,False,False
5a07ccd0538b34aa37880ef21ce29fd2f936a9f3144e9cad94e86072f40f34bd,False,0,nominal,False,grasp,"[0.7663792967796326, -0.41493549942970276, -0.7785357236862183, 0.004906361922621727, 0.005645664408802986, -0.007311188615858555, -0.9932460784912109]",1,b7bb5331d48012f20d6f6b15fd2a266f5e4f1e5838f733bd51a7e653a5d1d658,False,Place the red cube in the yellow receptacle.,0.0,0.8248088240591562,act,v1_act,0,0.3379944440815596,0.33802073126015264,4.100499998457963,4.807735006033909,0.24759999723755755,0.3691299982165219,False,300030,False,False,12.0,False,240,False,True,4.415350002091145,5.102389990861411,0,False,5.855084900002112,False,False,False
5a07ccd0538b34aa37880ef21ce29fd2f936a9f3144e9cad94e86072f40f34bd,False,0,nominal,False,grasp,"[0.7724872827529907, -0.4232846200466156, -0.7655884027481079, 0.004702149890363216, 0.005929752252995968, -0.007611516397446394, -1.0]",1,f33e2c24702df5d93eb88b92218db997d68ee16460bb21843c660cc4922ff428,False,Place the green cube in the yellow receptacle.,0.0,0.8251447797378847,act,v1_act,1,0.2646092961037763,0.2646428727855367,4.146400002355222,4.861919996255892,0.25320000349893235,0.37320500377973076,False,300031,False,False,12.0,False,240,False,True,4.413900001964066,5.15692499539,0,False,5.863630799998646,False,False,False
5a07ccd0538b34aa37880ef21ce29fd2f936a9f3144e9cad94e86072f40f34bd,False,0,nominal,False,grasp,"[0.7806141376495361, -0.40738800168037415, -0.7865217924118042, 0.004797021858394146, 0.00592390401288867, -0.007286535110324621, -1.0]",0,726caac55da1a832a5b8336cbcfd0b73d5f2925742b8f52584804ef67ce00717,False,Place the red cube in the blue receptacle.,0.0,0.8207844891595659,act,v1_act,0,0.19970559270019392,0.19975007956789798,4.256700001860736,4.891419997875346,0.2512499995646067,0.3567249936168082,False,300032,False,False,12.0,False,240,False,True,4.5026999978290405,5.215404996124562,0,False,5.846041500000865,False,False,False
5a07ccd0538b34aa37880ef21ce29fd2f936a9f3144e9cad94e86072f40f34bd,False,0,nominal,False,selection,"[0.778754472732544, -0.4382355511188507, -0.7768955230712891, 0.004819637164473534, 0.0058800880797207355, -0.007485357113182545, -0.9942454099655151]",0,0e11f8b1fda3616a3b4b88416d5a12ee0eaed8df6fc79057d77d97be213ad047,False,Place the green cube in the blue receptacle.,0.0,0.8207844891595659,act,v1_act,1,0.30735628058745,0.3073851879128159,3.658900001028087,4.866770002263365,0.24825000218697824,0.35166999987268355,False,300033,False,False,12.0,False,240,False,False,3.8947000066400506,5.146855000566575,0,False,5.948260000004666,False,True,True
5a07ccd0538b34aa37880ef21ce29fd2f936a9f3144e9cad94e86072f40f34bd,False,0,nominal,False,transport,"[0.777556300163269, -0.38709601759910583, -0.8082480430603027, 0.004721616394817829, 0.00575023889541626, -0.007182454690337181, -0.99709153175354]",1,9f6c3afb20c9f94fcc7de8047e30d8ad5d8ff2fdc1beac5422994ca1de84b300,False,Place the red cube in the yellow receptacle.,0.0,0.995632138988046,act,v1_act,0,0.3771132893065296,0.3772701861438245,4.057449998072116,4.808984996270738,0.2504999974917155,0.3408549975574715,False,300034,True,True,12.0,False,240,False,True,4.296299997804454,5.1056149997748435,0,False,5.954401100003452,True,False,False
5a07ccd0538b34aa37880ef21ce29fd2f936a9f3144e9cad94e86072f40f34bd,False,0,nominal,False,selection_no_approach,"[0.7745798826217651, -0.45448940992355347, -0.7818686962127686, 0.004891584627330303, 0.005857286974787712, -0.007526788394898176, -0.9966492652893066]",1,3c00e119888e9c978c75e95a6046fd0773b16b73e3185c0edb7c241865bbe99f,False,Place the green cube in the yellow receptacle.,0.0,0.8207844891595659,act,v1_act,1,0.27033773958296287,0.27037060486390097,4.015849997813348,4.81710999920324,0.25555000320309773,0.3461450003669597,False,300035,False,False,12.0,False,240,False,False,4.272599995601922,5.121725005301413,0,False,5.846236200006388,False,False,False
5a07ccd0538b34aa37880ef21ce29fd2f936a9f3144e9cad94e86072f40f34bd,False,0,nominal,False,selection,"[0.7833694815635681, -0.4689732491970062, -0.7933169603347778, 0.005062999203801155, 0.005773792043328285, -0.007497989572584629, -0.9921822547912598]",0,f8e559c725f581c649197aaa96f9a8dcc052c1a278ee83e9a76971acf148165d,False,Place the red cube in the blue receptacle.,0.0,0.8207844891595659,act,v1_act,0,0.1830055996076757,0.18305414504842749,3.5626499993668403,4.787015003603301,0.24760000087553635,0.3558150008757366,False,300036,False,False,12.0,False,240,False,False,3.7983999973221216,5.102910003915895,0,False,5.8881426000007195,False,True,True
5a07ccd0538b34aa37880ef21ce29fd2f936a9f3144e9cad94e86072f40f34bd,False,0,nominal,False,grasp,"[0.7782204151153564, -0.41080373525619507, -0.8013591766357422, 0.004761429503560066, 0.005888897925615311, -0.007349936291575432, -0.9981080293655396]",0,9db26cffef5b4cf354c01ca0e2d970db823d5c5fe2b1449562d1a4d1784f58dc,False,Place the green cube in the blue receptacle.,0.0,0.8207844891595659,act,v1_act,1,0.1837711919876688,0.1838195352409924,3.568149997590808,4.9154900007124525,0.24459999985992908,0.3403249978873646,False,300037,False,False,12.0,False,240,False,True,3.8264999966486357,5.21221999260888,0,False,5.91339909999806,False,False,False
5a07ccd0538b34aa37880ef21ce29fd2f936a9f3144e9cad94e86072f40f34bd,False,0,nominal,False,grasp,"[0.7740186452865601, -0.3673516511917114, -0.8030250072479248, 0.004618087783455849, 0.005667202640324831, -0.007149436976760626, -0.9872103929519653]",1,5ad6fa21b0dc7e7ee4489154e81e55358449d43125639e4e066734313bff6fbb,False,Place the red cube in the yellow receptacle.,0.0,0.8254842506235283,act,v1_act,0,0.3233017797622563,0.3233292614798238,3.9040500014380086,4.853134998847963,0.24515000040992163,0.3572949965018779,False,300038,False,False,12.0,False,240,False,True,4.154499998548999,5.174370004533557,0,False,5.806610300001921,False,False,False
5a07ccd0538b34aa37880ef21ce29fd2f936a9f3144e9cad94e86072f40f34bd,False,0,nominal,False,grasp,"[0.778811514377594, -0.40859371423721313, -0.8027567863464355, 0.004671710543334484, 0.005889848805963993, -0.007347049191594124, -1.0]",1,65630beb95199703aa8813469401756affbb274999c87e4d5c750ac71f2acf15,False,Place the green cube in the yellow receptacle.,0.0,0.8214118249414348,act,v1_act,1,0.2952040620760775,0.2952341592666107,3.948450001189485,4.862005001996295,0.24790000315988436,0.3516499997203937,False,300039,False,False,12.0,False,240,False,True,4.209800004900899,5.171845006043441,0,False,5.841492699997616,False,False,False
5a07ccd0538b34aa37880ef21ce29fd2f936a9f3144e9cad94e86072f40f34bd,False,0,nominal,False,success,"[0.773012101650238, -0.4290012717247009, -0.7932600975036621, 0.004986602813005447, 0.005861907731741667, -0.007357252296060324, -0.9977084398269653]",0,b56b2d83467ad8fb72962b2e798b8c53e3d495004ecf60de76c64d4327964a11,True,Place the red cube in the blue receptacle.,0.9999999999998899,0.9902649539732621,act,v1_act,0,0.03174410578614262,0.03189942409520847,3.4799499990185723,4.8520349999307655,0.2501499948266428,0.3515250027703587,True,300040,True,True,6.8,True,136,True,True,3.723349997017067,5.124889998114668,0,True,3.43075410000165,False,False,False
5a07ccd0538b34aa37880ef21ce29fd2f936a9f3144e9cad94e86072f40f34bd,False,0,nominal,False,grasp,"[0.773383378982544, -0.4263785183429718, -0.764396071434021, 0.004755428060889244, 0.005976350978016853, -0.007623597048223019, -1.0]",0,3d9b609c55ed29bc0d9f8e89f207b2f39048448574e53c331203c5f843e175ff,False,Place the green cube in the blue receptacle.,0.0,0.8207844891595659,act,v1_act,1,0.1346305313542533,0.13469651259173115,3.4824999966076575,4.776619995391229,0.23705000057816505,0.3313600034744013,False,300041,False,False,12.0,False,240,False,True,3.720299991982756,5.106774996238528,0,False,5.761477100000775,False,False,False
5a07ccd0538b34aa37880ef21ce29fd2f936a9f3144e9cad94e86072f40f34bd,False,0,nominal,False,selection,"[0.777519166469574, -0.43141236901283264, -0.7934775352478027, 0.004989244043827057, 0.005817914381623268, -0.007394314743578434, -0.9997555017471313]",1,141f22aed7179c81141c7612bd053247558c2b9d21c551a735c2923579a1cc55,False,Place the red cube in the yellow receptacle.,0.0,0.8207844891595659,act,v1_act,0,0.33429605044871924,0.3343226284253856,3.5766000000876375,4.770375002044602,0.24045000463956967,0.3427049974561669,False,300042,False,False,12.0,False,240,False,False,3.809599998930935,5.0849799899879145,0,False,5.8171346000017365,False,True,True
5a07ccd0538b34aa37880ef21ce29fd2f936a9f3144e9cad94e86072f40f34bd,False,0,nominal,False,selection_no_approach,"[0.7737681269645691, -0.37467503547668457, -0.7809431552886963, 0.0045325495302677155, 0.005943186115473509, -0.0074297781102359295, -1.0]",1,aaac1533a7a90c885a6db8149f709d819b674a4ddb0ad6b5a8e09f4ce69bb046,False,Place the green cube in the yellow receptacle.,0.0,0.8207844891595659,act,v1_act,1,0.1424654227471135,0.14252777697754068,3.8719500007573515,4.826099997808342,0.24230000053648837,0.3419999986363109,False,300043,False,False,12.0,False,240,False,False,4.117850003240164,5.134209993775585,0,False,5.909442299998773,False,False,False
5a07ccd0538b34aa37880ef21ce29fd2f936a9f3144e9cad94e86072f40f34bd,False,0,nominal,False,selection_no_approach,"[0.781877338886261, -0.45448318123817444, -0.7864675521850586, 0.004957890138030052, 0.005872349254786968, -0.007478092331439257, -1.0]",0,62b78ae4b1dbcad1f395c83c1ce5444ce72eb09f038f049009917f42965d0553,False,Place the red cube in the blue receptacle.,0.0,0.8207844891595659,act,v1_act,0,0.26237402619187655,0.26240788889014244,3.476750000118045,4.748284996458096,0.2373000024817884,0.3459749998000916,False,300044,False,False,12.0,False,240,False,False,3.7389999997685663,5.0878949881735025,0,False,5.7514927000011085,False,False,False
5a07ccd0538b34aa37880ef21ce29fd2f936a9f3144e9cad94e86072f40f34bd,False,0,nominal,False,grasp,"[0.7786142826080322, -0.4509989321231842, -0.7624313831329346, 0.004875509068369865, 0.0059431144036352634, -0.007652040105313063, -1.0]",0,48983721be7e2bf091dbe2dab0a0bd54833e0b63fbd909fcc4e36f7cce388fd9,False,Place the green cube in the blue receptacle.,0.0,0.8233337363347366,act,v1_act,1,0.312226641650895,0.312255098098081,4.189799998130184,4.796430004353169,0.24934999964898452,0.3405200008273823,False,300045,False,False,12.0,False,240,False,True,4.447700004675426,5.058875001122942,0,False,5.869456499996886,False,False,False
5a07ccd0538b34aa37880ef21ce29fd2f936a9f3144e9cad94e86072f40f34bd,False,0,nominal,False,selection,"[0.7703732848167419, -0.38302430510520935, -0.8028063774108887, 0.004738562740385532, 0.005643821321427822, -0.007180726155638695, -0.9870167970657349]",1,4a27bc990bfe2d471edfc7d6a73b73b8b45f30a1916339e46da12148f30eac2a,False,Place the red cube in the yellow receptacle.,0.0,0.8207844891595659,act,v1_act,0,0.18952922294365507,0.18957609786381702,3.4186999982921407,4.79424000295694,0.23750000036670826,0.3324900051666191,False,300046,False,False,12.0,False,240,False,False,3.6639999998442363,5.104789997858461,0,False,5.826164500002051,False,True,True
5a07ccd0538b34aa37880ef21ce29fd2f936a9f3144e9cad94e86072f40f34bd,False,0,nominal,False,grasp,"[0.7758219242095947, -0.4195958077907562, -0.7950476408004761, 0.004848849028348923, 0.005914206616580486, -0.007352055981755257, -0.9987308979034424]",1,018a3656d2e80cfbb94e3a3967629ba45916662572aa30e7dd8c2cb27f43b4ca,False,Place the green cube in the yellow receptacle.,0.0,0.8207844891595659,act,v1_act,1,0.1959343276461622,0.19597967058294452,4.2201999967801385,4.801814998063492,0.2453499982948415,0.3515649983455659,False,300047,False,False,12.0,False,240,False,True,4.484049997699913,5.111320009018527,0,False,5.8046670999974594,False,False,False
5a07ccd0538b34aa37880ef21ce29fd2f936a9f3144e9cad94e86072f40f34bd,True,1,nominal,False,transport,"[0.7797337770462036, -0.46500539779663086, -0.7595444917678833, 0.005027052015066147, 0.005832583177834749, -0.007652906700968742, -1.0]",0,8496eace00a5b4ff966f77b0b1a435d71a51e759d046664bef60e017d203e2b1,False,Place the red cube in the blue receptacle.,0.0,0.9846101863697342,act,v1_act,0,0.3525884228926065,0.3526087326146282,3.6967499981983565,4.801329999463633,0.24744999973336235,0.3512600014801137,False,300048,True,True,12.0,False,240,False,True,3.936450000765035,5.155895000643795,0,False,5.910419899999397,True,False,False
5a07ccd0538b34aa37880ef21ce29fd2f936a9f3144e9cad94e86072f40f34bd,False,0,nominal,False,grasp,"[0.7796726226806641, -0.4593079686164856, -0.7888170480728149, 0.004933694377541542, 0.005801545921713114, -0.007436124607920647, -0.9815170764923096]",0,5ea79169308246b6e86e64782811ec5ca667d26bda2bc57bf43b10644d5df5e4,False,Place the green cube in the blue receptacle.,0.0,0.8207844891595659,act,v1_act,1,0.3328354970459031,0.332862191643087,4.1037499977392145,4.797840004175669,0.24669999766047113,0.3501000021060463,False,300049,False,False,12.0,False,240,False,True,4.347249996499158,5.137704998196568,0,False,5.842698599997675,False,False,False
a11daa678f9053ca6618ce0ce14208f5ae3734043f431fd500996f992cafd078,True,1,nominal,False,selection_no_approach,"[0.771080493927002, -0.06587939709424973, -0.7869179248809814, 0.0035208945628255606, 0.0058661350049078465, -0.006778731942176819, -0.9997814893722534]",0,618cc0427a67668783ba9996d3e5ea40b6817b7e279bfdb37542daa992f1c499,False,Place the red cube in the blue receptacle.,0.0,0.8207844891595659,act,v1_act,0,0.19730493122197093,0.1973499592504455,3.7035000023024622,5.03719500011357,0.2546499999880325,0.3419150052650366,False,300000,False,False,12.0,False,240,False,False,3.973700004280545,5.362824992698734,1,False,5.322332200004894,False,False,False
a11daa678f9053ca6618ce0ce14208f5ae3734043f431fd500996f992cafd078,True,3,nominal,False,selection_no_approach,"[0.7813736796379089, -0.07366646826267242, -0.7620998620986938, 0.0036643685307353735, 0.0057677701115608215, -0.006861278321594, -0.9966415166854858]",0,7aada1ca3067d195598a2918c62a9c0791c7da7b029c7002b44536c345d11e8f,False,Place the green cube in the blue receptacle.,0.0,0.8207844891595659,act,v1_act,1,0.171103043698197,0.17115496514688944,3.799300000537187,5.002730003980105,0.2631499992276076,0.3504200027236947,False,300001,False,False,12.0,False,240,False,False,4.069949995027855,5.332734991679899,1,False,5.619404299999587,False,False,False
a11daa678f9053ca6618ce0ce14208f5ae3734043f431fd500996f992cafd078,True,4,nominal,False,selection_no_approach,"[0.7711861729621887, -0.06465794146060944, -0.7823374271392822, 0.0035626960452646017, 0.005800304003059864, -0.006774768233299255, -0.999793529510498]",1,e28bd4c3500c7df81092fa51c89d0d40eddaf84b120100ce3396fa20b5a4d300,False,Place the red cube in the yellow receptacle.,0.0,0.8207844891595659,act,v1_act,0,0.21270995811917473,0.21275172576199444,3.6247499992896337,4.96059999895806,0.2609000002848916,0.3291899960458977,False,300002,False,False,12.0,False,240,False,False,3.912750005838461,5.254254999090335,1,False,5.56152160000056,False,False,False
a11daa678f9053ca6618ce0ce14208f5ae3734043f431fd500996f992cafd078,False,0,nominal,False,grasp,"[0.7662599086761475, -0.0635744035243988, -0.8032065629959106, 0.0033566730562597513, 0.006004351656883955, -0.0067307958379387856, -1.0]",1,eb6ea41f8719229bd27f9abfe3f10a4adf95726b125d5d415d4321b38593de34,False,Place the green cube in the yellow receptacle.,0.0,0.8207844891595659,act,v1_act,1,0.20829148305289555,0.20833413653076754,3.744200002984144,4.969920001167338,0.24964999829535373,0.32982499396894127,False,300003,False,False,12.0,False,240,False,True,3.9887499951873906,5.26379500006442,1,False,5.4968795999957365,False,False,False
a11daa678f9053ca6618ce0ce14208f5ae3734043f431fd500996f992cafd078,True,4,nominal,False,selection_no_approach,"[0.7764391303062439, -0.06884680688381195, -0.7709001302719116, 0.0036239244509488344, 0.005771772004663944, -0.006824824493378401, -0.9976212978363037]",0,d5229a6169580d54bedb44c8f5f3d032436c3ca095eaad25250d8856664c355a,False,Place the red cube in the blue receptacle.,0.0,0.8207844891595659,act,v1_act,0,0.3356082578604727,0.3356347319271165,3.882650002196897,5.181359999551205,0.2748000042629428,0.35720999803743325,False,300004,False,False,12.0,False,240,False,False,4.180549996817717,5.507954996210173,1,False,5.842111300000397,False,False,False
a11daa678f9053ca6618ce0ce14208f5ae3734043f431fd500996f992cafd078,False,0,nominal,False,selection_no_approach,"[0.7850955724716187, -0.07507652044296265, -0.7653974294662476, 0.0036214671563357115, 0.005796637386083603, -0.006821801885962486, -0.9977973699569702]",0,cc28020c5a50fe707c2e37857acb328d4744a94e394f140371949bab65179074,False,Place the green cube in the blue receptacle.,0.0,0.8207844891595659,act,v1_act,1,0.26341372929922224,0.2634474583573919,4.346349996922072,5.049004997636075,0.2768499980447814,0.3499699992971727,False,300005,False,False,12.0,False,240,False,False,4.615999994712183,5.367305006438983,1,False,5.851251100000809,False,False,False
a11daa678f9053ca6618ce0ce14208f5ae3734043f431fd500996f992cafd078,False,0,nominal,False,selection_no_approach,"[0.7767601013183594, -0.06814789026975632, -0.7706447839736938, 0.0036398579832166433, 0.005750146694481373, -0.006825626827776432, -0.9972865581512451]",1,0385b4f0895b2b4871cbc3cb841581f5bee8e86b1c72c3958786d30060a7938c,False,Place the red cube in the yellow receptacle.,0.0,0.8207844891595659,act,v1_act,0,0.14697174340990957,0.1470321865871351,3.7206499982858077,5.02547000105551,0.26840000282390974,0.3587049955967814,False,300006,False,False,12.0,False,240,False,False,3.988499996921746,5.339874998026062,1,False,5.63007479999942,False,False,False
a11daa678f9053ca6618ce0ce14208f5ae3734043f431fd500996f992cafd078,True,4,nominal,False,selection_no_approach,"[0.7882090210914612, -0.07838498055934906, -0.7449805736541748, 0.0037618845235556364, 0.005685183685272932, -0.0069089168682694435, -0.9930541515350342]",1,c69622cfeadc9bdddacdd26bcc4c4a74807498c9664b178b6e03300bc82bf6c2,False,Place the green cube in the yellow receptacle.,0.0,0.8207844891595659,act,v1_act,1,0.15359539423003582,0.15365323185773197,3.6189999955240637,4.877539994413382,0.25845000345725566,0.3183100005117012,False,300007,False,False,12.0,False,240,False,False,3.865299997414695,5.181314993387787,1,False,5.547759799999767,False,False,False
a11daa678f9053ca6618ce0ce14208f5ae3734043f431fd500996f992cafd078,True,4,nominal,False,selection_no_approach,"[0.7805872559547424, -0.07184305787086487, -0.7612701654434204, 0.0036844818387180567, 0.00572636304423213, -0.006854918785393238, -0.9959427118301392]",0,570a7213b7a3b0ed8621d7b9fabbda311b5712a6c5122f8729a1f4a12e93835d,False,Place the red cube in the blue receptacle.,0.0,0.8207844891595659,act,v1_act,0,0.3158570677288891,0.31588519713012486,3.7908999984210823,5.03914000109944,0.26870000147027895,0.32021500046539586,False,300008,False,False,12.0,False,240,False,False,4.0264999952341896,5.349830002887757,1,False,5.619686900005036,False,False,False
a11daa678f9053ca6618ce0ce14208f5ae3734043f431fd500996f992cafd078,True,1,nominal,False,grasp,"[0.7772777080535889, -0.06970666348934174, -0.7807477712631226, 0.0035299004521220922, 0.005864527076482773, -0.006781951058655977, -1.0]",0,b0f3241941526b230d7c1c4864775079d60f12f7e296e33507613a1d5e1f4d06,False,Place the green cube in the blue receptacle.,0.0,0.8488554306992205,act,v1_act,1,0.17508126262231177,0.17513200465097384,3.638000001956243,4.959409997900366,0.2450499996484723,0.3408400018088287,False,300009,False,False,12.0,False,240,False,True,3.910250001354143,5.2731149957253365,1,False,5.479323399995337,False,False,False
a11daa678f9053ca6618ce0ce14208f5ae3734043f431fd500996f992cafd078,True,3,nominal,False,selection_no_approach,"[0.7716507315635681, -0.06451135873794556, -0.7823928594589233, 0.003567476524040103, 0.005797391291707754, -0.006775605957955122, -0.9993053674697876]",1,1b9a75dbff04a39f82b9e9964b4069592c8eef3fdaf43d4c6d4d998829598005,False,Place the red cube in the yellow receptacle.,0.0,0.8207844891595659,act,v1_act,0,0.18804242449168707,0.18808966994590015,4.1003500009537674,4.923424999287818,0.2659999991010409,0.353354999970179,False,300010,False,False,12.0,False,240,False,False,4.343599997810088,5.250934998184675,1,False,5.71795320000092,False,False,False
a11daa678f9053ca6618ce0ce14208f5ae3734043f431fd500996f992cafd078,True,1,nominal,False,selection_no_approach,"[0.7851614356040955, -0.07717050611972809, -0.762640118598938, 0.0036428605671972036, 0.0057748896069824696, -0.0068592894822359085, -0.9988644123077393]",1,060190a1f31221adcbb23a324297a02e64e258a35628d470f37e090fb16feecf,False,Place the green cube in the yellow receptacle.,0.0,0.8207844891595659,act,v1_act,1,0.30202080644179097,0.3020502243922285,4.651699997339165,5.0241650045791175,0.29379999978118576,0.34337499491812196,False,300011,False,False,12.0,False,240,False,False,4.945499997120351,5.346160006956779,1,False,5.79115720000118,False,False,False
a11daa678f9053ca6618ce0ce14208f5ae3734043f431fd500996f992cafd078,True,4,nominal,False,selection_no_approach,"[0.7709082961082458, -0.06547194719314575, -0.7838387489318848, 0.0035362245980650187, 0.005837826058268547, -0.006782223004847765, -1.0]",0,1e7facf5c27b60265c8e032e7a58cc399c32ef47006c419b7010eb49eb1516bc,False,Place the red cube in the blue receptacle.,0.0,0.8207844891595659,act,v1_act,0,0.29317058244091143,0.29320088836903113,3.864149999571964,4.908155000521219,0.2645499989739619,0.33525000326335425,False,300012,False,False,12.0,False,240,False,False,4.099350000615232,5.221610006992705,1,False,5.584806099999696,False,False,False
a11daa678f9053ca6618ce0ce14208f5ae3734043f431fd500996f992cafd078,False,0,nominal,False,grasp,"[0.7930659055709839, -0.0799802839756012, -0.7513025999069214, 0.003688846481963992, 0.005734254606068134, -0.006840575952082872, -0.994873046875]",0,d5756ede5366e38fdc8d530a216fde85bdb6966b0a5cf3940ea0fb1ec2a8ade8,False,Place the green cube in the blue receptacle.,0.0,0.8207844891595659,act,v1_act,1,0.26001740468717144,0.26005157425383546,3.8077499993960373,4.9562650005100295,0.2636499957588967,0.3371700029674684,False,300013,False,False,12.0,False,240,False,True,4.062549996888265,5.263885000749723,1,False,5.615947099999175,False,False,False
a11daa678f9053ca6618ce0ce14208f5ae3734043f431fd500996f992cafd078,True,1,nominal,False,selection_no_approach,"[0.781799852848053, -0.07093602418899536, -0.7604244947433472, 0.003697755513712764, 0.0056885951198637486, -0.006828902754932642, -0.9955539703369141]",1,e470269c9dbba30eecd298362adb62ff9e9f342387d8ffcee27174ff33b177e6,False,Place the red cube in the yellow receptacle.,0.0,0.8207844891595659,act,v1_act,0,0.3073956824361346,0.30742458605652,3.747249997104518,4.993704994558357,0.2596499980427325,0.32823999572428875,False,300014,False,False,12.0,False,240,False,False,3.998149997642031,5.285675001141499,1,False,5.575011900000391,False,False,False
a11daa678f9053ca6618ce0ce14208f5ae3734043f431fd500996f992cafd078,False,0,nominal,False,grasp,"[0.7762067914009094, -0.07003302127122879, -0.7819458246231079, 0.0035221807193011045, 0.005890002008527517, -0.006784108001738787, -1.0]",1,3d040b71d43ddc7fdb9be4189a7d003caa5f5780032316826993650530200741,False,Place the green cube in the yellow receptacle.,0.0,0.8207844891595659,act,v1_act,1,0.27773635232483124,0.2777683422104625,3.6260000051697716,5.0671950004471,0.24824999854899943,0.33306000332231633,False,300015,False,False,12.0,False,240,False,True,3.8766000034229364,5.3879700011748355,1,False,5.539571100001922,False,False,False
a11daa678f9053ca6618ce0ce14208f5ae3734043f431fd500996f992cafd078,False,0,nominal,False,selection_no_approach,"[0.7643912434577942, -0.06212783604860306, -0.7978731393814087, 0.003427838208153844, 0.005922908894717693, -0.006744867190718651, -1.0]",0,b83610388891056688ace00db02eff47d82915bdbff13cf8dc6565bee1bbbe89,False,Place the red cube in the blue receptacle.,0.0,0.8207844891595659,act,v1_act,0,0.20338648094347425,0.20343016286238388,3.797000001213746,5.0394000045344,0.2601000014692545,0.32622000107949134,False,300016,False,False,12.0,False,240,False,False,4.041150001285132,5.335885007298202,1,False,5.645295199996326,False,False,False
a11daa678f9053ca6618ce0ce14208f5ae3734043f431fd500996f992cafd078,True,2,nominal,False,selection_no_approach,"[0.7883303761482239, -0.08103315532207489, -0.7486461400985718, 0.0037444939371198416, 0.005694348830729723, -0.006909853778779507, -0.9958540201187134]",0,ec8b657c2bfcf71b937e69429392aaf224ab9d6f86953c4e0926bf1879e4be86,False,Place the green cube in the blue receptacle.,0.0,0.8207844891595659,act,v1_act,1,0.1946359515398369,0.19468159687927247,3.7254499984555878,5.020860004151473,0.26185000024270266,0.33688999646983575,False,300017,False,False,12.0,False,240,False,False,4.0043000008154195,5.321290000574663,1,False,5.56448310000269,False,False,False
a11daa678f9053ca6618ce0ce14208f5ae3734043f431fd500996f992cafd078,True,3,nominal,False,selection_no_approach,"[0.7715422511100769, -0.0656893402338028, -0.7781811952590942, 0.0036048816982656717, 0.005771148484200239, -0.006792978849261999, -0.9988619089126587]",1,f173d088be28c5cb58b57e1481d45ecb64944e3eedf64dd77a2f8a4298df4dd4,False,Place the red cube in the yellow receptacle.,0.0,0.8207844891595659,act,v1_act,0,0.3285353631656143,0.32856240713448626,3.625350000220351,4.857139999148785,0.24465000024065375,0.3280449949670583,False,300018,False,False,12.0,False,240,False,False,3.8690500005031936,5.15063999882841,1,False,5.526582399994368,False,False,False
a11daa678f9053ca6618ce0ce14208f5ae3734043f431fd500996f992cafd078,True,5,nominal,False,selection_no_approach,"[0.7702429890632629, -0.06582397222518921, -0.793594241142273, 0.003432044992223382, 0.005947901867330074, -0.006767330691218376, -1.0]",1,1eadadd7ab0505b8f1ac3c594a90befdd59110d748d6e3af749a5d53c1974993,False,Place the green cube in the yellow receptacle.,0.0,0.8207844891595659,act,v1_act,1,0.17016435484395395,0.17021656262275092,3.936799999792129,4.947035000077449,0.2532500002416782,0.31906999902275857,False,300019,False,False,12.0,False,240,False,False,4.170649997831788,5.245549999017385,1,False,5.547098799994274,False,False,False
a11daa678f9053ca6618ce0ce14208f5ae3734043f431fd500996f992cafd078,True,4,nominal,False,selection_no_approach,"[0.7841700911521912, -0.07607070356607437, -0.7445211410522461, 0.003784946398809552, 0.005616617854684591, -0.00688207196071744, -0.9929819107055664]",0,62fbcff6e98309523b32f613824acc69ba62c742aa149e708b6eff42bda03b55,False,Place the red cube in the blue receptacle.,0.0,0.8207844891595659,act,v1_act,0,0.31332636236069644,0.31335471893978595,3.6672999995062128,4.977610003334121,0.25254999854951166,0.3354249976837309,False,300020,False,False,12.0,False,240,False,False,3.9264499937416986,5.291940005554352,1,False,5.52483249999932,False,False,False
a11daa678f9053ca6618ce0ce14208f5ae3734043f431fd500996f992cafd078,False,0,nominal,False,selection_no_approach,"[0.7712691426277161, -0.06713813543319702, -0.7950387001037598, 0.0034208970610052347, 0.0059675052762031555, -0.006775245536118746, -1.0]",0,a221ca1c2f016a9ad2a1f58920324146d6f8982025439298f576e201a8f3dad3,False,Place the green cube in the blue receptacle.,0.0,0.8207844891595659,act,v1_act,1,0.22696416877832937,0.2270033137222534,4.0380999998888,5.004669999470934,0.2722999997786246,0.33455999946454534,False,300021,False,False,12.0,False,240,False,False,4.295549999369541,5.315780003002146,1,False,5.6913733999972465,False,False,False
a11daa678f9053ca6618ce0ce14208f5ae3734043f431fd500996f992cafd078,True,1,nominal,False,grasp,"[0.7820327877998352, -0.06981438398361206, -0.7773704528808594, 0.0035485627595335245, 0.005813876632601023, -0.006773848552256823, -0.9988045692443848]",1,886bd55daefcd499f9fc4c215117d0269d8b33888ff5bfde9eb688098ee99518,False,Place the red cube in the yellow receptacle.,0.0,0.8278498516368576,act,v1_act,0,0.16493882654740163,0.1649926878212476,3.962650000175927,5.060859999139211,0.2827000025718007,0.34042500155919697,False,300022,False,False,12.0,False,240,False,True,4.314049994718516,5.378719994769199,1,False,5.672602799997549,False,False,False
a11daa678f9053ca6618ce0ce14208f5ae3734043f431fd500996f992cafd078,True,1,nominal,False,selection_no_approach,"[0.768878698348999, -0.06507652252912521, -0.7973301410675049, 0.0033992237877100706, 0.005973296705633402, -0.006759710609912872, -1.0]",1,b56a2a163700b02b032dd5c52e0849264dfcc224a7ea43ef5415284da4db989c,False,Place the green cube in the yellow receptacle.,0.0,0.8207844891595659,act,v1_act,1,0.32109934591278855,0.32112701611241995,3.7619999966409523,5.1232649937446695,0.2597500024421606,0.3647549976449227,False,300023,False,False,12.0,False,240,False,False,4.025599999295082,5.422939994605258,1,False,5.705771200002346,False,False,False
a11daa678f9053ca6618ce0ce14208f5ae3734043f431fd500996f992cafd078,False,0,nominal,False,grasp,"[0.7842073440551758, -0.07404153048992157, -0.7753031253814697, 0.003515804884955287, 0.005855826195329428, -0.00678672082722187, -0.9986716508865356]",0,104c8e714ee847db92726d57121421538e3de3b47fa917dda0c9999b8e51ba64,False,Place the red cube in the blue receptacle.,0.0,0.8271867225525655,act,v1_act,0,0.14210302212480877,0.14216553530532533,3.8523500043083914,4.919039997912478,0.2578999992692843,0.35029500249947887,False,300024,False,False,12.0,False,240,False,True,4.084600004716776,5.219515002681874,1,False,5.6750300000057905,False,False,False
a11daa678f9053ca6618ce0ce14208f5ae3734043f431fd500996f992cafd078,False,0,nominal,False,selection_no_approach,"[0.7731848955154419, -0.06749732792377472, -0.7888785600662231, 0.0034647907596081495, 0.00592494010925293, -0.006785072386264801, -1.0]",0,2a833a1cf45d9715931a6c247581b62dc40a52c66aed224288ae61ff4c95c871,False,Place the green cube in the blue receptacle.,0.0,0.8207844891595659,act,v1_act,1,0.3330538375766551,0.3330805146750298,3.7109000004420523,4.973224997593206,0.2477999951224774,0.3226799970434513,False,300025,False,False,12.0,False,240,False,False,3.9497499965364113,5.252384992854786,1,False,5.507582600002934,False,False,False
a11daa678f9053ca6618ce0ce14208f5ae3734043f431fd500996f992cafd078,False,0,nominal,False,selection_no_approach,"[0.7839440107345581, -0.07127998769283295, -0.7631163597106934, 0.003648196579888463, 0.005730455741286278, -0.0067915343679487705, -0.99540114402771]",1,88268cb48c7647e76522ca8736835741effb0e05b551c4205fc796ac650250c7,False,Place the red cube in the yellow receptacle.,0.0,0.8207844891595659,act,v1_act,0,0.1350954494407266,0.1351612037207339,3.7422000023070723,4.973049998443457,0.26449999859323725,0.34610000147949904,False,300026,False,False,12.0,False,240,False,False,3.9940499991644174,5.276789994968567,1,False,5.644007800001418,False,False,False
a11daa678f9053ca6618ce0ce14208f5ae3734043f431fd500996f992cafd078,True,1,nominal,False,selection_no_approach,"[0.764204740524292, -0.06272687017917633, -0.8045845031738281, 0.003340339520946145, 0.006011423654854298, -0.006725984625518322, -1.0]",1,5d36ecf12c18bbff79658e6b83263f081dbd5ed8a5dbbe29148b635b93816aa8,False,Place the green cube in the yellow receptacle.,0.0,0.8207844891595659,act,v1_act,1,0.18690832360872983,0.18695585566082568,3.754649998882087,4.986854998060153,0.26044999685836956,0.3256000014516757,False,300027,False,False,12.0,False,240,False,False,3.9969999997993,5.312414998115855,1,False,5.5293625999984215,False,False,False
a11daa678f9053ca6618ce0ce14208f5ae3734043f431fd500996f992cafd078,False,0,nominal,False,selection_no_approach,"[0.7713053226470947, -0.06671372801065445, -0.7853450775146484, 0.003534132381901145, 0.005852889269590378, -0.006795757915824652, -1.0]",0,7276f65e425c44886d2322a4e4a36cc7796d6f806afb8f8033cb6dc7da0e1bd4,False,Place the red cube in the blue receptacle.,0.0,0.8207844891595659,act,v1_act,0,0.3043575706869749,0.3043867627971406,3.6013000026287045,4.9931750018004095,0.2549999990151264,0.3247749980801018,False,300028,False,False,12.0,False,240,False,False,3.882849996443838,5.309069993381854,1,False,5.558820699996431,False,False,False
a11daa678f9053ca6618ce0ce14208f5ae3734043f431fd500996f992cafd078,False,0,nominal,False,selection_no_approach,"[0.7688266634941101, -0.06495784223079681, -0.7956722974777222, 0.00340879219584167, 0.00595961045473814, -0.006758578587323427, -1.0]",0,1f0ef5b9e80d21f446c4d8e86c08183ce5a1c30753bc926223f2e5810a5f723a,False,Place the green cube in the blue receptacle.,0.0,0.8207844891595659,act,v1_act,1,0.19374253712673958,0.1937883929030629,3.6106000006839167,5.05943500174908,0.24865000159479678,0.3521349983202526,False,300029,False,False,12.0,False,240,False,False,3.8852500001667067,5.370599993329961,1,False,5.469668000005186,False,False,False
a11daa678f9053ca6618ce0ce14208f5ae3734043f431fd500996f992cafd078,True,4,nominal,False,selection_no_approach,"[0.7801924347877502, -0.06859856843948364, -0.7659618854522705, 0.00366185768507421, 0.005726543255150318, -0.006829952355474234, -0.9957305192947388]",1,b7bb5331d48012f20d6f6b15fd2a266f5e4f1e5838f733bd51a7e653a5d1d658,False,Place the red cube in the yellow receptacle.,0.0,0.8207844891595659,act,v1_act,0,0.33959064739501577,0.3396168110235589,4.4840500013378914,4.994364997764933,0.29195000024628825,0.3323499982798239,False,300030,False,False,12.0,False,240,False,False,4.769849998410791,5.290769998100586,1,False,5.6907887999987,False,False,False
a11daa678f9053ca6618ce0ce14208f5ae3734043f431fd500996f992cafd078,False,0,nominal,False,grasp,"[0.7950275540351868, -0.08626800775527954, -0.7267602682113647, 0.0038411112036556005, 0.005628563929349184, -0.00695903180167079, -0.9855632781982422]",1,f33e2c24702df5d93eb88b92218db997d68ee16460bb21843c660cc4922ff428,False,Place the green cube in the yellow receptacle.,0.0,0.8265608689600955,act,v1_act,1,0.2659774831678024,0.2660108871529968,3.7235000017972197,5.012200000419398,0.24740000299061649,0.3540199948474765,False,300031,False,False,12.0,False,240,False,True,4.004549999081064,5.351374993551872,1,False,5.626104899994971,False,False,False
a11daa678f9053ca6618ce0ce14208f5ae3734043f431fd500996f992cafd078,False,0,nominal,False,selection_no_approach,"[0.7641600966453552, -0.061867475509643555, -0.7982772588729858, 0.003425158793106675, 0.005924659315496683, -0.006742818746715784, -1.0]",0,726caac55da1a832a5b8336cbcfd0b73d5f2925742b8f52584804ef67ce00717,False,Place the red cube in the blue receptacle.,0.0,0.8207844891595659,act,v1_act,0,0.19970559270019392,0.19975007956789798,4.134649996558437,5.008324999653269,0.2734499976213556,0.35831999666697806,False,300032,False,False,12.0,False,240,False,False,4.424700004165061,5.333044995859382,1,False,5.861000400000194,False,False,False
a11daa678f9053ca6618ce0ce14208f5ae3734043f431fd500996f992cafd078,True,4,nominal,False,selection_no_approach,"[0.7822326421737671, -0.07240037620067596, -0.7633883953094482, 0.003640366019681096, 0.005782338324934244, -0.006845204625278711, -0.9966450929641724]",0,0e11f8b1fda3616a3b4b88416d5a12ee0eaed8df6fc79057d77d97be213ad047,False,Place the green cube in the blue receptacle.,0.0,0.8207844891595659,act,v1_act,1,0.30735628058745,0.3073851879128159,4.04184999933932,5.338390001634252,0.2715499977057334,0.38756500362069346,False,300033,False,False,12.0,False,240,False,False,4.367149998870445,5.646329998126021,1,False,5.776402700001199,False,False,False
a11daa678f9053ca6618ce0ce14208f5ae3734043f431fd500996f992cafd078,False,0,nominal,False,selection_no_approach,"[0.7680168747901917, -0.06331267207860947, -0.7908735275268555, 0.003495776792988181, 0.00585549371317029, -0.006758396048098803, -1.0]",1,9f6c3afb20c9f94fcc7de8047e30d8ad5d8ff2fdc1beac5422994ca1de84b300,False,Place the red cube in the yellow receptacle.,0.0,0.8207844891595659,act,v1_act,0,0.2723283117158147,0.27236093679827095,3.8543000009667594,5.062854997595423,0.26109999816981144,0.33794500159274315,False,300034,False,False,12.0,False,240,False,False,4.085450000275159,5.384730007426697,1,False,5.688397199999599,False,False,False
a11daa678f9053ca6618ce0ce14208f5ae3734043f431fd500996f992cafd078,True,4,nominal,False,selection_no_approach,"[0.7745130658149719, -0.06777007132768631, -0.7861990928649902, 0.0034886219073086977, 0.005913533270359039, -0.006789986044168472, -1.0]",1,3c00e119888e9c978c75e95a6046fd0773b16b73e3185c0edb7c241865bbe99f,False,Place the green cube in the yellow receptacle.,0.0,0.8207844891595659,act,v1_act,1,0.27033773958296287,0.27037060486390097,3.740849999303464,5.067165005675633,0.2512499995646067,0.3368399957253132,False,300035,False,False,12.0,False,240,False,False,3.989149998233188,5.3786600055900635,1,False,5.595949100003054,False,False,False
a11daa678f9053ca6618ce0ce14208f5ae3734043f431fd500996f992cafd078,False,0,nominal,False,selection_no_approach,"[0.7667368650436401, -0.06403334438800812, -0.791211724281311, 0.0034854186233133078, 0.005882408004254103, -0.00676537724211812, -1.0]",0,f8e559c725f581c649197aaa96f9a8dcc052c1a278ee83e9a76971acf148165d,False,Place the red cube in the blue receptacle.,0.0,0.8207844891595659,act,v1_act,0,0.1830055996076757,0.18305414504842749,3.710149998369161,4.997984994406579,0.2571000004536472,0.33041999813576695,False,300036,False,False,12.0,False,240,False,False,3.953600000386359,5.2944700026273495,1,False,5.5756622000044445,False,False,False
a11daa678f9053ca6618ce0ce14208f5ae3734043f431fd500996f992cafd078,True,2,nominal,False,selection_no_approach,"[0.7752328515052795, -0.06917786598205566, -0.7835290431976318, 0.0035122327972203493, 0.005904305726289749, -0.006799932569265366, -0.9998775720596313]",0,9db26cffef5b4cf354c01ca0e2d970db823d5c5fe2b1449562d1a4d1784f58dc,False,Place the green cube in the blue receptacle.,0.0,0.8207844891595659,act,v1_act,1,0.18286219734521017,0.18291078084564727,3.682950002257712,5.032814998776303,0.25624999761930667,0.34417500064591877,False,300037,False,False,12.0,False,240,False,False,3.9763499989931006,5.355359998793574,1,False,5.54258629999822,False,False,False
a11daa678f9053ca6618ce0ce14208f5ae3734043f431fd500996f992cafd078,True,3,nominal,False,selection_no_approach,"[0.7719863057136536, -0.0649346113204956, -0.7829596996307373, 0.0035626536700874567, 0.00580490380525589, -0.006775707937777042, -0.9993863105773926]",1,5ad6fa21b0dc7e7ee4489154e81e55358449d43125639e4e066734313bff6fbb,False,Place the red cube in the yellow receptacle.,0.0,0.8207844891595659,act,v1_act,0,0.32236017257945254,0.3223877345636776,3.7402000016300008,5.024460002096021,0.25865000134217553,0.3289750013209414,False,300038,False,False,12.0,False,240,False,False,3.994449998572236,5.342449990348541,1,False,5.607279799995013,False,False,False
a11daa678f9053ca6618ce0ce14208f5ae3734043f431fd500996f992cafd078,True,1,nominal,False,selection_no_approach,"[0.7700726389884949, -0.06634936481714249, -0.7947087287902832, 0.003428522264584899, 0.005959684494882822, -0.0067730979062616825, -1.0]",1,65630beb95199703aa8813469401756affbb274999c87e4d5c750ac71f2acf15,False,Place the green cube in the yellow receptacle.,0.0,0.8207844891595659,act,v1_act,1,0.2955985246211662,0.2956285816524783,3.6958999990019947,5.0091500033886405,0.24079999639070593,0.3315450041554868,False,300039,False,False,12.0,False,240,False,False,3.935049997380702,5.309230001148535,1,False,5.464945200001239,False,False,False
a11daa678f9053ca6618ce0ce14208f5ae3734043f431fd500996f992cafd078,True,1,nominal,False,grasp,"[0.7686306834220886, -0.06602230668067932, -0.785346508026123, 0.003547632833942771, 0.005841244477778673, -0.0067860702984035015, -1.0]",0,b56b2d83467ad8fb72962b2e798b8c53e3d495004ecf60de76c64d4327964a11,False,Place the red cube in the blue receptacle.,0.0,0.8207844891595659,act,v1_act,0,0.28595942795751156,0.2859904980404647,4.712099998869235,5.078280000452651,0.2956000025733374,0.32424000164610334,False,300040,False,False,12.0,False,240,False,True,5.010299999412382,5.391675003193086,1,False,5.725687400001334,False,False,False
a11daa678f9053ca6618ce0ce14208f5ae3734043f431fd500996f992cafd078,False,0,nominal,False,grasp,"[0.7947701811790466, -0.0801059901714325, -0.7578598260879517, 0.003632539650425315, 0.005777842365205288, -0.00685968017205596, -0.9982231855392456]",0,3d9b609c55ed29bc0d9f8e89f207b2f39048448574e53c331203c5f843e175ff,False,Place the green cube in the blue receptacle.,0.0,0.8255345664340609,act,v1_act,1,0.13313220788275382,0.13319893132973176,3.8685500003339257,4.9815649988886435,0.2583499990578275,0.3289250005764188,False,300041,False,False,12.0,False,240,False,True,4.117449996556388,5.296440002712188,1,False,5.721960200004105,False,False,False
a11daa678f9053ca6618ce0ce14208f5ae3734043f431fd500996f992cafd078,False,0,nominal,False,selection_no_approach,"[0.7682520151138306, -0.06298136711120605, -0.7904244661331177, 0.0034966624807566404, 0.005851966328918934, -0.006747755687683821, -1.0]",1,141f22aed7179c81141c7612bd053247558c2b9d21c551a735c2923579a1cc55,False,Place the red cube in the yellow receptacle.,0.0,0.8207844891595659,act,v1_act,0,0.33429605044871924,0.3343226284253856,3.616399997554254,4.984164998677443,0.2522000031603966,0.3263599966885522,False,300042,False,False,12.0,False,240,False,False,3.8817999993625563,5.28814999415772,1,False,5.629959300000337,False,False,False
a11daa678f9053ca6618ce0ce14208f5ae3734043f431fd500996f992cafd078,True,3,nominal,False,selection_no_approach,"[0.7839363813400269, -0.07369960099458694, -0.7718558311462402, 0.0035742681939154863, 0.005847584921866655, -0.006816307548433542, -0.9985971450805664]",1,aaac1533a7a90c885a6db8149f709d819b674a4ddb0ad6b5a8e09f4ce69bb046,False,Place the green cube in the yellow receptacle.,0.0,0.8207844891595659,act,v1_act,1,0.1424654227471135,0.14252777697754068,3.649300000688527,5.018454994933563,0.26140000045415945,0.3419899949221871,False,300043,False,False,12.0,False,240,False,False,3.8970499954302795,5.3521400015597465,1,False,5.508097900004941,False,False,False
a11daa678f9053ca6618ce0ce14208f5ae3734043f431fd500996f992cafd078,True,4,nominal,False,selection_no_approach,"[0.7746232748031616, -0.06726962327957153, -0.7776081562042236, 0.0035805178340524435, 0.0058015803806483746, -0.006799225229769945, -0.9993976354598999]",0,62b78ae4b1dbcad1f395c83c1ce5444ce72eb09f038f049009917f42965d0553,False,Place the red cube in the blue receptacle.,0.0,0.8207844891595659,act,v1_act,0,0.26237402619187655,0.26240788889014244,3.811049999058014,5.063339999105665,0.2537000036682002,0.35056499727943446,False,300044,False,False,12.0,False,240,False,False,4.043500000989297,5.374360001223977,1,False,5.609146700000565,False,False,False
a11daa678f9053ca6618ce0ce14208f5ae3734043f431fd500996f992cafd078,True,2,nominal,False,selection_no_approach,"[0.7821224927902222, -0.07661677896976471, -0.7511284351348877, 0.0037411630619317293, 0.0056938594207167625, -0.006887583993375301, -0.9947572946548462]",0,48983721be7e2bf091dbe2dab0a0bd54833e0b63fbd909fcc4e36f7cce388fd9,False,Place the green cube in the blue receptacle.,0.0,0.8207844891595659,act,v1_act,1,0.3117708575506644,0.31179935559510463,3.650550002930686,5.033810001987149,0.2575999969849363,0.3238850047637243,False,300045,False,False,12.0,False,240,False,False,3.895250007190043,5.357750002804096,1,False,5.611965299998701,False,False,False
a11daa678f9053ca6618ce0ce14208f5ae3734043f431fd500996f992cafd078,True,1,nominal,False,selection_no_approach,"[0.7732324600219727, -0.06624190509319305, -0.7793779373168945, 0.0035865877289325, 0.005796391982585192, -0.006795390043407679, -0.9983383417129517]",1,4a27bc990bfe2d471edfc7d6a73b73b8b45f30a1916339e46da12148f30eac2a,False,Place the red cube in the yellow receptacle.,0.0,0.8207844891595659,act,v1_act,0,0.18952922294365507,0.18957609786381702,3.7554999980784487,5.020385003808769,0.2538499975344166,0.33316000335616985,False,300046,False,False,12.0,False,240,False,False,4.037849994347198,5.322865004563937,1,False,5.56030969999847,False,False,False
a11daa678f9053ca6618ce0ce14208f5ae3734043f431fd500996f992cafd078,True,4,nominal,False,selection_no_approach,"[0.7692105770111084, -0.0656726211309433, -0.7974904775619507, 0.0034012289252132177, 0.00598104577511549, -0.006766278296709061, -1.0]",1,018a3656d2e80cfbb94e3a3967629ba45916662572aa30e7dd8c2cb27f43b4ca,False,Place the green cube in the yellow receptacle.,0.0,0.8207844891595659,act,v1_act,1,0.19504405114316747,0.19508960099909053,4.293299996788846,5.187355003363336,0.2935499978775624,0.3501250030240044,False,300047,False,False,12.0,False,240,False,False,4.5728999975835904,5.521004995898693,1,False,5.901852999995754,False,False,False
a11daa678f9053ca6618ce0ce14208f5ae3734043f431fd500996f992cafd078,False,0,nominal,False,grasp,"[0.7933614253997803, -0.07836169004440308, -0.7582932710647583, 0.0036309228744357824, 0.005776789039373398, -0.006823192350566387, -0.9950900077819824]",0,8496eace00a5b4ff966f77b0b1a435d71a51e759d046664bef60e017d203e2b1,False,Place the red cube in the blue receptacle.,0.0,0.8207844891595659,act,v1_act,0,0.26261617165168,0.2626500031308404,3.657100001873914,5.074045000583283,0.24900000062189065,0.327820000165957,False,300048,False,False,12.0,False,240,False,True,3.908049995516194,5.384160001995042,1,False,5.653067100000044,False,False,False
a11daa678f9053ca6618ce0ce14208f5ae3734043f431fd500996f992cafd078,True,1,nominal,False,selection_no_approach,"[0.7670984268188477, -0.06404983997344971, -0.8005632162094116, 0.00337218982167542, 0.005992326885461807, -0.0067477235570549965, -1.0]",0,5ea79169308246b6e86e64782811ec5ca667d26bda2bc57bf43b10644d5df5e4,False,Place the green cube in the blue receptacle.,0.0,0.8207844891595659,act,v1_act,1,0.33272022298594567,0.33274692683098245,3.693750000820728,5.040189997089328,0.2709499967750162,0.3321450039948104,False,300049,False,False,12.0,False,240,False,False,3.9731500000925735,5.345220002709539,1,False,5.583253500000865,False,False,False
5dc90d5a1bfe35cd4bf1a3d504f259dd75c15f251fd3a5aac4a425a14fa029f3,False,0,nominal,False,grasp,"[0.7746451497077942, -0.3979688882827759, -0.7826567888259888, 0.005387588404119015, 0.00567980669438839, -0.007361303549259901, -0.9971442222595215]",0,618cc0427a67668783ba9996d3e5ea40b6817b7e279bfdb37542daa992f1c499,False,Place the red cube in the blue receptacle.,0.0,0.8532128670212163,act,v1_act,0,0.1959360585154658,0.1959814010517882,3.625800000008894,4.943574998469558,0.2478499991411809,0.3296600036264863,False,300000,True,False,12.0,False,240,False,True,3.8767500009271316,5.211540004529524,2,False,5.3283747999957995,False,False,False
5dc90d5a1bfe35cd4bf1a3d504f259dd75c15f251fd3a5aac4a425a14fa029f3,False,0,nominal,False,selection_no_approach,"[0.7745460271835327, -0.39927005767822266, -0.7813258171081543, 0.005382711999118328, 0.005690303631126881, -0.007381316740065813, -0.9974713325500488]",0,7aada1ca3067d195598a2918c62a9c0791c7da7b029c7002b44536c345d11e8f,False,Place the green cube in the blue receptacle.,0.0,0.8207844891595659,act,v1_act,1,0.171103043698197,0.17115496514688944,3.6188500016578473,4.950485004883376,0.24755000049481168,0.33388500160071993,False,300001,False,False,12.0,False,240,False,False,3.8707499916199595,5.268989990872797,2,False,5.384322899997642,False,False,False
5dc90d5a1bfe35cd4bf1a3d504f259dd75c15f251fd3a5aac4a425a14fa029f3,True,1,nominal,False,transport,"[0.7727146148681641, -0.3979872465133667, -0.7826765775680542, 0.005392397753894329, 0.005684574134647846, -0.0073635210283100605, -0.9949917793273926]",1,e28bd4c3500c7df81092fa51c89d0d40eddaf84b120100ce3396fa20b5a4d300,False,Place the red cube in the yellow receptacle.,0.0,0.9897395884224219,act,v1_act,0,0.2564681016558307,0.2565027440371571,3.5531499997887295,4.970099995625787,0.2525999989302363,0.32532000004721334,False,300002,True,True,12.0,False,240,False,True,3.8069000001996756,5.261660003088764,2,False,5.645339299997431,True,False,False
5dc90d5a1bfe35cd4bf1a3d504f259dd75c15f251fd3a5aac4a425a14fa029f3,False,0,nominal,False,transport,"[0.7744084000587463, -0.3996405601501465, -0.7802872657775879, 0.0054043978452682495, 0.005680105648934841, -0.007370706181973219, -0.9964115619659424]",1,eb6ea41f8719229bd27f9abfe3f10a4adf95726b125d5d415d4321b38593de34,False,Place the green cube in the yellow receptacle.,0.0,1.0001411720679432,act,v1_act,1,0.37705355867537566,0.37707255066891815,3.603150002163602,4.901525000605034,0.2515500018489547,0.33219999677385204,False,300003,True,True,12.0,False,240,False,True,3.864800000883406,5.21088000277814,2,False,5.486437399995339,True,False,False
5dc90d5a1bfe35cd4bf1a3d504f259dd75c15f251fd3a5aac4a425a14fa029f3,False,0,nominal,False,grasp,"[0.7738004922866821, -0.3990252614021301, -0.7820353507995605, 0.005394258536398411, 0.005688418168574572, -0.007370808627456427, -0.9964745044708252]",0,d5229a6169580d54bedb44c8f5f3d032436c3ca095eaad25250d8856664c355a,False,Place the red cube in the blue receptacle.,0.0,0.8207844891595658,act,v1_act,0,0.33569562342295695,0.33572209060020686,3.575899998395471,4.962839997824631,0.2549499986344017,0.3410400055145146,False,300004,False,False,12.0,False,240,False,True,3.8532500075234566,5.258714995215996,2,False,5.484872799999721,False,False,False
5dc90d5a1bfe35cd4bf1a3d504f259dd75c15f251fd3a5aac4a425a14fa029f3,False,0,nominal,False,selection,"[0.774434506893158, -0.4003593921661377, -0.7799253463745117, 0.005405985750257969, 0.0056840358301997185, -0.007374298758804798, -0.9969899654388428]",0,cc28020c5a50fe707c2e37857acb328d4744a94e394f140371949bab65179074,False,Place the green cube in the blue receptacle.,0.0,0.8207844891595659,act,v1_act,1,0.26341372929922224,0.2634474583573919,3.675649997603614,4.968950001057237,0.25705000007292256,0.37854499933018815,False,300005,False,False,12.0,False,240,False,False,3.907849997631274,5.321979995642323,2,False,5.699771800005692,False,True,True
5dc90d5a1bfe35cd4bf1a3d504f259dd75c15f251fd3a5aac4a425a14fa029f3,True,2,nominal,False,selection,"[0.7738328576087952, -0.3971981704235077, -0.7820090055465698, 0.005369237624108791, 0.005686349701136351, -0.007370903622359037, -0.9966681003570557]",1,0385b4f0895b2b4871cbc3cb841581f5bee8e86b1c72c3958786d30060a7938c,False,Place the red cube in the yellow receptacle.,0.0,0.8207844891595659,act,v1_act,0,0.14697174340990957,0.1470321865871351,3.672399998322362,4.98419999894395,0.25904999711201526,0.3644199940026738,False,300006,False,False,12.0,False,240,False,False,3.9225000036822166,5.306855002709199,2,False,5.7187845000007655,False,True,True
5dc90d5a1bfe35cd4bf1a3d504f259dd75c15f251fd3a5aac4a425a14fa029f3,False,0,nominal,False,selection,"[0.7748870849609375, -0.39833173155784607, -0.781649112701416, 0.005375278182327747, 0.005688860081136227, -0.007375343702733517, -0.99730384349823]",1,c69622cfeadc9bdddacdd26bcc4c4a74807498c9664b178b6e03300bc82bf6c2,False,Place the green cube in the yellow receptacle.,0.0,0.8207844891595659,act,v1_act,1,0.15359539423003582,0.15365323185773197,3.7068499987071846,5.050754997137119,0.26280000020051375,0.35943500115536153,False,300007,False,False,12.0,False,240,False,False,3.9538499986520037,5.375524995906744,2,False,5.777800000003481,False,True,True
5dc90d5a1bfe35cd4bf1a3d504f259dd75c15f251fd3a5aac4a425a14fa029f3,True,2,nominal,False,grasp,"[0.775469958782196, -0.3992203176021576, -0.7817846536636353, 0.005401029251515865, 0.00568414106965065, -0.007370721083134413, -0.9984503984451294]",0,570a7213b7a3b0ed8621d7b9fabbda311b5712a6c5122f8729a1f4a12e93835d,False,Place the red cube in the blue receptacle.,0.0,0.8212545828520694,act,v1_act,0,0.3154700571418277,0.3154982210484139,3.8444500023615547,4.946285003097728,0.2667500011739321,0.3462450022198027,False,300008,False,False,12.0,False,240,False,True,4.08380000226316,5.275914996309439,2,False,5.785874400004104,False,False,False
5dc90d5a1bfe35cd4bf1a3d504f259dd75c15f251fd3a5aac4a425a14fa029f3,False,0,nominal,False,grasp,"[0.773576557636261, -0.39912304282188416, -0.7806155681610107, 0.005394795909523964, 0.005685567390173674, -0.0073720659129321575, -0.9961767196655273]",0,b0f3241941526b230d7c1c4864775079d60f12f7e296e33507613a1d5e1f4d06,False,Place the green cube in the blue receptacle.,0.0,0.8241593074839054,act,v1_act,1,0.1686516078500309,0.16870428376910415,2.6228999995510094,4.98792000071262,0.18419999832985923,0.34481999900890514,False,300009,False,False,12.0,False,240,False,True,2.7981499988527503,5.314704994816566,2,False,4.272780499995861,False,False,False
5dc90d5a1bfe35cd4bf1a3d504f259dd75c15f251fd3a5aac4a425a14fa029f3,False,0,nominal,False,selection_no_approach,"[0.7742086052894592, -0.39697322249412537, -0.7826336622238159, 0.005364677868783474, 0.005686985794454813, -0.007370536681264639, -0.9967330694198608]",1,1b9a75dbff04a39f82b9e9964b4069592c8eef3fdaf43d4c6d4d998829598005,False,Place the red cube in the yellow receptacle.,0.0,0.8207844891595659,act,v1_act,0,0.18804242449168707,0.18808966994590015,2.24684999557212,2.972834997126483,0.16575000336160883,0.23414999704982617,False,300010,False,False,12.0,False,240,False,False,2.4242499930551276,3.1318649958848255,2,False,2.7144305999972858,False,False,False
5dc90d5a1bfe35cd4bf1a3d504f259dd75c15f251fd3a5aac4a425a14fa029f3,True,1,nominal,False,selection_no_approach,"[0.7735430002212524, -0.40083321928977966, -0.7789808511734009, 0.005387440323829651, 0.005690982565283775, -0.007389672100543976, -0.9962042570114136]",1,060190a1f31221adcbb23a324297a02e64e258a35628d470f37e090fb16feecf,False,Place the green cube in the yellow receptacle.,0.0,0.8207844891595659,act,v1_act,1,0.30202080644179097,0.3020502243922285,2.1638500038534403,2.6432349983224412,0.15055000039865263,0.2294800033268984,False,300011,False,False,12.0,False,240,False,False,2.3165000056906138,2.793839996229508,2,False,2.8418571000001975,False,False,False
5dc90d5a1bfe35cd4bf1a3d504f259dd75c15f251fd3a5aac4a425a14fa029f3,True,2,nominal,False,grasp,"[0.7738905549049377, -0.39971643686294556, -0.7810918092727661, 0.005400289781391621, 0.005685626063495874, -0.007377283181995153, -0.9964100122451782]",0,1e7facf5c27b60265c8e032e7a58cc399c32ef47006c419b7010eb49eb1516bc,False,Place the red cube in the blue receptacle.,0.0,0.8304271652767421,act,v1_act,0,0.28897952757139045,0.28901027297836634,2.145949998521246,2.8101999985665316,0.1590999963809736,0.23621500076842494,False,300012,False,False,12.0,False,240,False,True,2.3113499955798034,2.987205003228155,2,False,3.2794384000007994,False,False,False
5dc90d5a1bfe35cd4bf1a3d504f259dd75c15f251fd3a5aac4a425a14fa029f3,False,0,nominal,False,release,"[0.7751528024673462, -0.3986901342868805, -0.7801804542541504, 0.005381912924349308, 0.005691938102245331, -0.007372722029685974, -0.998197078704834]",0,d5756ede5366e38fdc8d530a216fde85bdb6966b0a5cf3940ea0fb1ec2a8ade8,True,Place the green cube in the blue receptacle.,0.0,0.9837215817650411,act,v1_act,1,0.0419891959332023,0.042159254976020945,2.1648500005539972,2.7625849994365126,0.15785000141477212,0.2478149956004927,False,300013,True,True,12.0,False,240,False,True,2.3287000076379627,2.9172099973948207,2,True,3.4747950000019046,False,False,False
5dc90d5a1bfe35cd4bf1a3d504f259dd75c15f251fd3a5aac4a425a14fa029f3,False,0,nominal,False,grasp,"[0.7734187245368958, -0.39651399850845337, -0.7836207151412964, 0.005357257090508938, 0.005688745528459549, -0.00736746983602643, -0.9956756830215454]",1,e470269c9dbba30eecd298362adb62ff9e9f342387d8ffcee27174ff33b177e6,False,Place the red cube in the yellow receptacle.,0.0,0.8304009902585413,act,v1_act,0,0.2972172797937988,0.29724717313991583,2.1770499988633674,2.750785000534961,0.15889999485807493,0.25402999817742966,False,300014,False,False,12.0,False,240,False,True,2.350200000364566,2.923505003127502,2,False,3.438313200000266,False,False,False
5dc90d5a1bfe35cd4bf1a3d504f259dd75c15f251fd3a5aac4a425a14fa029f3,False,0,nominal,False,success,"[0.7751383781433105, -0.39720675349235535, -0.783122181892395, 0.005377605557441711, 0.005682886112481356, -0.007361904717981815, -0.9978796243667603]",1,3d040b71d43ddc7fdb9be4189a7d003caa5f5780032316826993650530200741,True,Place the green cube in the yellow receptacle.,0.9999999999998899,0.9880365804683502,act,v1_act,1,0.004365145440548506,0.005777270142101978,2.1355500030040275,2.7344800015271176,0.15159999747993425,0.21702999802073455,True,300015,True,True,5.95,True,119,True,True,2.2958500048844144,2.9003000036027515,2,True,1.6659841999935452,False,False,False
5dc90d5a1bfe35cd4bf1a3d504f259dd75c15f251fd3a5aac4a425a14fa029f3,False,0,nominal,False,grasp,"[0.7738112807273865, -0.400202214717865, -0.7797766923904419, 0.005379197187721729, 0.005688400939106941, -0.007388255558907986, -0.9956566095352173]",0,b83610388891056688ace00db02eff47d82915bdbff13cf8dc6565bee1bbbe89,False,Place the red cube in the blue receptacle.,0.0,0.8207844891595659,act,v1_act,0,0.20402555820679705,0.20406910332836017,2.145100002962863,2.756065000357921,0.15450000137207098,0.2311949981958605,False,300016,False,False,12.0,False,240,False,True,2.319549999810988,2.928690000771894,2,False,3.490036600000167,False,False,False
5dc90d5a1bfe35cd4bf1a3d504f259dd75c15f251fd3a5aac4a425a14fa029f3,True,1,nominal,False,selection_no_approach,"[0.7744871973991394, -0.3996998369693756, -0.7805572748184204, 0.005400374531745911, 0.00568474642932415, -0.007369570899754763, -0.9971967935562134]",0,ec8b657c2bfcf71b937e69429392aaf224ab9d6f86953c4e0926bf1879e4be86,False,Place the green cube in the blue receptacle.,0.0,0.8207844891595659,act,v1_act,1,0.1946359515398369,0.19468159687927247,2.1670999994967133,2.8223600042110775,0.15545000132988207,0.226045003728359,False,300017,False,False,12.0,False,240,False,False,2.329849998204736,2.9756649990304136,2,False,3.459885399999621,False,False,False
5dc90d5a1bfe35cd4bf1a3d504f259dd75c15f251fd3a5aac4a425a14fa029f3,False,0,nominal,False,selection_no_approach,"[0.7727911472320557, -0.3983480632305145, -0.7818254232406616, 0.00538188312202692, 0.005686319898813963, -0.007374382112175226, -0.9948779344558716]",1,f173d088be28c5cb58b57e1481d45ecb64944e3eedf64dd77a2f8a4298df4dd4,False,Place the red cube in the yellow receptacle.,0.0,0.8207844891595659,act,v1_act,0,0.3285353631656143,0.32856240713448626,2.184950000810204,2.8239900013431907,0.15509999502683058,0.20104500254092267,False,300018,False,False,12.0,False,240,False,False,2.345450000575511,2.9813800072588488,2,False,3.4796730000016396,False,False,False
5dc90d5a1bfe35cd4bf1a3d504f259dd75c15f251fd3a5aac4a425a14fa029f3,False,0,nominal,False,grasp,"[0.772882878780365, -0.3996826708316803, -0.7802248001098633, 0.00538573507219553, 0.005688241682946682, -0.0073835477232933044, -0.9948285818099976]",1,1eadadd7ab0505b8f1ac3c594a90befdd59110d748d6e3af749a5d53c1974993,False,Place the green cube in the yellow receptacle.,0.0,0.8207844891595659,act,v1_act,1,0.17016435484395395,0.17021656262275092,2.135049999196781,2.704054997957428,0.15239999993355013,0.18433499899401784,False,300019,False,False,12.0,False,240,False,True,2.291649994731415,2.8476050043536816,2,False,3.444746100001794,False,False,False
5dc90d5a1bfe35cd4bf1a3d504f259dd75c15f251fd3a5aac4a425a14fa029f3,False,0,nominal,False,selection_no_approach,"[0.7736067771911621, -0.39776375889778137, -0.7826991081237793, 0.0053628915920853615, 0.0056916759349405766, -0.0073775858618319035, -0.9961284399032593]",0,62fbcff6e98309523b32f613824acc69ba62c742aa149e708b6eff42bda03b55,False,Place the red cube in the blue receptacle.,0.0,0.8207844891595659,act,v1_act,0,0.31332636236069644,0.31335471893978595,2.1262499976728577,2.618274999258574,0.15379999967990443,0.1965899955393979,False,300020,False,False,12.0,False,240,False,False,2.2838499971840065,2.7789800013124477,2,False,3.443862399995851,False,False,False
5dc90d5a1bfe35cd4bf1a3d504f259dd75c15f251fd3a5aac4a425a14fa029f3,False,0,nominal,False,transport,"[0.7757592797279358, -0.3975132405757904, -0.781234860420227, 0.005361001007258892, 0.005689444951713085, -0.007374307606369257, -0.9985367059707642]",0,a221ca1c2f016a9ad2a1f58920324146d6f8982025439298f576e201a8f3dad3,False,Place the green cube in the blue receptacle.,0.0,1.002170507417674,act,v1_act,1,0.36030710036955577,0.36032697503089606,2.154800000425894,2.7001750000636093,0.15560000247205608,0.2515500014851568,False,300021,True,True,12.0,False,240,False,True,2.3190000028989743,2.8621450011996785,2,False,3.482249699998647,True,False,False
5dc90d5a1bfe35cd4bf1a3d504f259dd75c15f251fd3a5aac4a425a14fa029f3,False,0,nominal,False,grasp,"[0.7732487916946411, -0.39874860644340515, -0.7811979055404663, 0.005375288426876068, 0.005688753444701433, -0.007377905305474997, -0.9955810308456421]",1,886bd55daefcd499f9fc4c215117d0269d8b33888ff5bfde9eb688098ee99518,False,Place the red cube in the yellow receptacle.,0.0,0.8207844891595658,act,v1_act,0,0.16648359524690157,0.16653695691341297,2.157049995730631,2.581994997672154,0.1566499995533377,0.2134400008799275,False,300022,False,False,12.0,False,240,False,True,2.3122999991755933,2.7483900004881434,2,False,3.4699560000008205,False,False,False
5dc90d5a1bfe35cd4bf1a3d504f259dd75c15f251fd3a5aac4a425a14fa029f3,False,0,nominal,False,grasp,"[0.7734511494636536, -0.3986506462097168, -0.7812662124633789, 0.005370244383811951, 0.005689763929694891, -0.007380552589893341, -0.9956446886062622]",1,b56a2a163700b02b032dd5c52e0849264dfcc224a7ea43ef5415284da4db989c,False,Place the green cube in the yellow receptacle.,0.0,0.8207844891595659,act,v1_act,1,0.32109934591278855,0.32112701611241995,2.14389999746345,2.633554998465115,0.15424999583046883,0.2485600005456945,False,300023,False,False,12.0,False,240,False,True,2.3024500005703885,2.7866500025993446,2,False,3.4192211000045063,False,False,False
5dc90d5a1bfe35cd4bf1a3d504f259dd75c15f251fd3a5aac4a425a14fa029f3,False,0,nominal,False,grasp,"[0.7735075950622559, -0.40109989047050476, -0.7780207395553589, 0.005380724556744099, 0.005689825862646103, -0.00739531172439456, -0.9958596229553223]",0,104c8e714ee847db92726d57121421538e3de3b47fa917dda0c9999b8e51ba64,False,Place the red cube in the blue receptacle.,0.0,0.8218377637336604,act,v1_act,0,0.14489897648037914,0.14496028392876198,2.16540000110399,2.7125300006446196,0.1565000056871213,0.2414950035017682,False,300024,False,False,12.0,False,240,False,True,2.333699998416705,2.8745950032316614,2,False,3.4002519999994547,False,False,False
5dc90d5a1bfe35cd4bf1a3d504f259dd75c15f251fd3a5aac4a425a14fa029f3,False,0,nominal,False,selection_no_approach,"[0.7745159864425659, -0.3998159170150757, -0.779769778251648, 0.005381767638027668, 0.005688311532139778, -0.007388587109744549, -0.9967520236968994]",0,2a833a1cf45d9715931a6c247581b62dc40a52c66aed224288ae61ff4c95c871,False,Place the green cube in the blue receptacle.,0.0,0.8207844891595659,act,v1_act,1,0.3330538375766551,0.3330805146750298,2.1678999983123504,2.642220004054252,0.1551000023027882,0.24558999830333045,False,300025,False,False,12.0,False,240,False,False,2.340299997740658,2.8296100052102697,2,False,3.4492726999960723,False,False,False
5dc90d5a1bfe35cd4bf1a3d504f259dd75c15f251fd3a5aac4a425a14fa029f3,False,0,nominal,False,selection_no_approach,"[0.7730810642242432, -0.39795181155204773, -0.7823513746261597, 0.005381460301578045, 0.005686724092811346, -0.007367595564574003, -0.9957660436630249]",1,88268cb48c7647e76522ca8736835741effb0e05b551c4205fc796ac650250c7,False,Place the red cube in the yellow receptacle.,0.0,0.8207844891595659,act,v1_act,0,0.1350954494407266,0.1351612037207339,2.1453999943332747,2.8640700056712376,0.1555499984533526,0.1900149989523925,False,300026,False,False,12.0,False,240,False,False,2.304100002220366,3.0112850068690022,2,False,3.4988499999963096,False,False,False
5dc90d5a1bfe35cd4bf1a3d504f259dd75c15f251fd3a5aac4a425a14fa029f3,False,0,nominal,False,selection_no_approach,"[0.7728096842765808, -0.4017370045185089, -0.7782492637634277, 0.005394795909523964, 0.005687640514224768, -0.007396559696644545, -0.99462890625]",1,5d36ecf12c18bbff79658e6b83263f081dbd5ed8a5dbbe29148b635b93816aa8,False,Place the green cube in the yellow receptacle.,0.0,0.8207844891595659,act,v1_act,1,0.18690832360872983,0.18695585566082568,2.169549999962328,2.748619997510104,0.15579999671899714,0.21428499821922734,False,300027,False,False,12.0,False,240,False,False,2.337350000743754,2.989305000301101,2,False,3.4627550000004703,False,False,False
5dc90d5a1bfe35cd4bf1a3d504f259dd75c15f251fd3a5aac4a425a14fa029f3,False,0,nominal,False,success,"[0.7737882137298584, -0.39993855357170105, -0.7800968885421753, 0.00540230143815279, 0.0056852493435144424, -0.007373032160103321, -0.9962493181228638]",0,7276f65e425c44886d2322a4e4a36cc7796d6f806afb8f8033cb6dc7da0e1bd4,True,Place the red cube in the blue receptacle.,0.9999999999998899,1.0020834684868793,act,v1_act,0,0.004872866029370677,0.006169860474697409,2.198900001531001,2.761369999643648,0.1593000051798299,0.22694999861414544,True,300028,True,True,6.25,True,125,True,True,2.3662999956286512,2.9375399972195737,2,True,1.8798787000050652,False,False,False
5dc90d5a1bfe35cd4bf1a3d504f259dd75c15f251fd3a5aac4a425a14fa029f3,False,0,nominal,False,transport,"[0.7735854387283325, -0.40031951665878296, -0.7802973985671997, 0.0053888531401753426, 0.005684541072696447, -0.00738426111638546, -0.9954138994216919]",0,1f0ef5b9e80d21f446c4d8e86c08183ce5a1c30753bc926223f2e5810a5f723a,False,Place the green cube in the blue receptacle.,0.0,0.9957669723882238,act,v1_act,1,0.36680094308296407,0.3668204659022595,2.168250004615402,2.8674400004092604,0.15640000128769316,0.23868499738455284,False,300029,True,True,12.0,False,240,False,True,2.332850002858322,3.0892900074832137,2,False,3.4968583999943803,True,False,False
5dc90d5a1bfe35cd4bf1a3d504f259dd75c15f251fd3a5aac4a425a14fa029f3,False,0,nominal,False,grasp,"[0.7729285359382629, -0.3973016142845154, -0.7832560539245605, 0.005373175255954266, 0.005685433745384216, -0.007368694059550762, -0.9952112436294556]",1,b7bb5331d48012f20d6f6b15fd2a266f5e4f1e5838f733bd51a7e653a5d1d658,False,Place the red cube in the yellow receptacle.,0.0,0.8207844891595659,act,v1_act,0,0.33959064739501577,0.3396168110235589,2.1641499988618307,2.824655000222265,0.1579000017954968,0.23448999854736027,False,300030,False,False,12.0,False,240,False,True,2.3375499949906953,2.9809450043103425,2,False,3.6132427000047755,False,False,False
5dc90d5a1bfe35cd4bf1a3d504f259dd75c15f251fd3a5aac4a425a14fa029f3,False,0,nominal,False,grasp,"[0.7747290730476379, -0.3978920578956604, -0.7815066576004028, 0.005360146053135395, 0.005695736967027187, -0.007382113486528397, -0.997613787651062]",1,f33e2c24702df5d93eb88b92218db997d68ee16460bb21843c660cc4922ff428,False,Place the green cube in the yellow receptacle.,0.0,0.8251447797378847,act,v1_act,1,0.2645609547401937,0.26459453755640655,2.214849999290891,2.8715500033285934,0.1650000012887176,0.24981499591376632,False,300031,False,False,12.0,False,240,False,True,2.3976999982551206,3.133654999692226,2,False,3.51653599999554,False,False,False
5dc90d5a1bfe35cd4bf1a3d504f259dd75c15f251fd3a5aac4a425a14fa029f3,False,0,nominal,False,grasp,"[0.7744513154029846, -0.4010946750640869, -0.7790106534957886, 0.005392330698668957, 0.005684893112629652, -0.007385921664535999, -0.9962457418441772]",0,726caac55da1a832a5b8336cbcfd0b73d5f2925742b8f52584804ef67ce00717,False,Place the red cube in the blue receptacle.,0.0,0.8208548726766071,act,v1_act,0,0.20043653233155018,0.2004808570032121,2.1473000051628333,2.700015006121248,0.15625000378349796,0.23999500590434764,False,300032,False,False,12.0,False,240,False,True,2.3252499995578546,2.8821750100178174,2,False,3.431861299999582,False,False,False
5dc90d5a1bfe35cd4bf1a3d504f259dd75c15f251fd3a5aac4a425a14fa029f3,True,1,nominal,False,selection_no_approach,"[0.7742122411727905, -0.3981465995311737, -0.7824627161026001, 0.005383790470659733, 0.005683399271219969, -0.0073738922365009785, -0.9965615272521973]",0,0e11f8b1fda3616a3b4b88416d5a12ee0eaed8df6fc79057d77d97be213ad047,False,Place the green cube in the blue receptacle.,0.0,0.8207844891595659,act,v1_act,1,0.30735628058745,0.3073851879128159,2.134999998816056,2.7196549977816176,0.1549500011606142,0.19471500454528723,False,300033,False,False,12.0,False,240,False,False,2.2953500010771677,2.91453500467469,2,False,3.354163099997095,False,False,False
5dc90d5a1bfe35cd4bf1a3d504f259dd75c15f251fd3a5aac4a425a14fa029f3,False,0,nominal,False,success,"[0.7762745022773743, -0.40047937631607056, -0.7778844833374023, 0.005387244746088982, 0.005684681702405214, -0.007387479767203331, -0.9984570741653442]",1,9f6c3afb20c9f94fcc7de8047e30d8ad5d8ff2fdc1beac5422994ca1de84b300,True,Place the red cube in the yellow receptacle.,0.9999999999998899,1.0028367915372647,act,v1_act,0,0.035265234414815494,0.035467719319267496,2.1487000049091876,2.7219499985221773,0.15800000255694613,0.24176999941118993,True,300034,True,True,6.25,True,125,True,True,2.3269000012078322,2.884880000783596,2,True,1.7966792000006535,False,False,False
5dc90d5a1bfe35cd4bf1a3d504f259dd75c15f251fd3a5aac4a425a14fa029f3,True,1,nominal,False,selection_no_approach,"[0.7740492224693298, -0.39885348081588745, -0.7820309400558472, 0.005406866781413555, 0.005682561080902815, -0.007363320328295231, -0.9964470863342285]",1,3c00e119888e9c978c75e95a6046fd0773b16b73e3185c0edb7c241865bbe99f,False,Place the green cube in the yellow receptacle.,0.0,0.8207844891595659,act,v1_act,1,0.27033773958296287,0.27037060486390097,2.151699998648837,2.6487600054679206,0.1554000009491574,0.24693999584997073,False,300035,False,False,12.0,False,240,False,False,2.3140499979490414,2.8198949978104793,2,False,3.3492687000034493,False,False,False
5dc90d5a1bfe35cd4bf1a3d504f259dd75c15f251fd3a5aac4a425a14fa029f3,False,0,nominal,False,grasp,"[0.7739614844322205, -0.3999479413032532, -0.780238151550293, 0.005391791462898254, 0.005687805823981762, -0.0073815276846289635, -0.9963274002075195]",0,f8e559c725f581c649197aaa96f9a8dcc052c1a278ee83e9a76971acf148165d,False,Place the red cube in the blue receptacle.,0.0,0.8207844891595659,act,v1_act,0,0.1830055996076757,0.18305414504842749,2.1357000005082227,2.6250950028043007,0.1542999998491723,0.24554499941586982,False,300036,False,False,12.0,False,240,False,True,2.2946499957470223,2.774654997483594,2,False,3.367148100005579,False,False,False
5dc90d5a1bfe35cd4bf1a3d504f259dd75c15f251fd3a5aac4a425a14fa029f3,False,0,nominal,False,grasp,"[0.7734230756759644, -0.39725998044013977, -0.7833007574081421, 0.005373681895434856, 0.005685770884156227, -0.007368495222181082, -0.9960950613021851]",0,9db26cffef5b4cf354c01ca0e2d970db823d5c5fe2b1449562d1a4d1784f58dc,False,Place the green cube in the blue receptacle.,0.0,0.8207844891595659,act,v1_act,1,0.18286219734521017,0.18291078084564727,2.147850002074847,2.7466100011224626,0.15534999693045393,0.2552850004576612,False,300037,False,False,12.0,False,240,False,True,2.306700003828155,2.9082749999361113,2,False,3.4525143999999273,False,False,False
5dc90d5a1bfe35cd4bf1a3d504f259dd75c15f251fd3a5aac4a425a14fa029f3,False,0,nominal,False,selection_no_approach,"[0.7747300267219543, -0.39794522523880005, -0.7827261686325073, 0.005392228253185749, 0.005680248606950045, -0.007359637878835201, -0.9977341890335083]",1,5ad6fa21b0dc7e7ee4489154e81e55358449d43125639e4e066734313bff6fbb,False,Place the red cube in the yellow receptacle.,0.0,0.8207844891595659,act,v1_act,0,0.32236017257945254,0.3223877345636776,2.136900002369657,2.7631149965600343,0.15389999680337496,0.19691000052262098,False,300038,False,False,12.0,False,240,False,False,2.301749998878222,2.935915000489331,2,False,3.3878758999999263,False,False,False
5dc90d5a1bfe35cd4bf1a3d504f259dd75c15f251fd3a5aac4a425a14fa029f3,True,1,nominal,False,grasp,"[0.7753477096557617, -0.3986467123031616, -0.7798311710357666, 0.0053653353825211525, 0.0056907557882368565, -0.007384993601590395, -0.9978902339935303]",1,65630beb95199703aa8813469401756affbb274999c87e4d5c750ac71f2acf15,False,Place the green cube in the yellow receptacle.,0.0,0.8207844891595659,act,v1_act,1,0.2955985246211662,0.2956285816524783,2.228199999080971,2.8264250035135774,0.15284999972209334,0.24869999397196807,False,300039,False,False,12.0,False,240,False,True,2.3853499988035765,2.973930001098779,2,False,3.4401797000027727,False,False,False
5dc90d5a1bfe35cd4bf1a3d504f259dd75c15f251fd3a5aac4a425a14fa029f3,False,0,nominal,False,success,"[0.7741098403930664, -0.39994528889656067, -0.7789549827575684, 0.005393115803599358, 0.0056858486495912075, -0.007376121357083321, -0.9964085817337036]",0,b56b2d83467ad8fb72962b2e798b8c53e3d495004ecf60de76c64d4327964a11,True,Place the red cube in the blue receptacle.,0.9999999999998899,0.9872867308388258,act,v1_act,0,0.03563886901054457,0.035839243010830836,2.1908000053372234,2.6346000013290904,0.1579000017954968,0.2477000016369857,True,300040,True,True,6.05,True,121,True,True,2.35870000324212,2.8201000022818334,2,True,1.7535397000028752,False,False,False
5dc90d5a1bfe35cd4bf1a3d504f259dd75c15f251fd3a5aac4a425a14fa029f3,True,1,nominal,False,grasp,"[0.7734463214874268, -0.39935970306396484, -0.7795885801315308, 0.005369492806494236, 0.0056998287327587605, -0.007385429926216602, -0.9963430166244507]",0,3d9b609c55ed29bc0d9f8e89f207b2f39048448574e53c331203c5f843e175ff,False,Place the green cube in the blue receptacle.,0.0,0.8207844891595658,act,v1_act,1,0.13476273212121934,0.13482864866348448,2.1495500004675705,2.67653999835602,0.1559999982418958,0.1944800002092961,False,300041,False,False,12.0,False,240,False,True,2.308300001459429,2.843345001747366,2,False,3.4063754999951925,False,False,False
5dc90d5a1bfe35cd4bf1a3d504f259dd75c15f251fd3a5aac4a425a14fa029f3,False,0,nominal,False,selection,"[0.7753059267997742, -0.39909082651138306, -0.7806812524795532, 0.005388819612562656, 0.005684530828148127, -0.007373695727437735, -0.9979556798934937]",1,141f22aed7179c81141c7612bd053247558c2b9d21c551a735c2923579a1cc55,False,Place the red cube in the yellow receptacle.,0.0,0.8207844891595659,act,v1_act,0,0.33429605044871924,0.3343226284253856,2.145599999494152,2.727245003188727,0.15514999904553406,0.20196500190650113,False,300042,False,False,12.0,False,240,False,False,2.3050000054354314,2.9271299943502527,2,False,3.420792700002494,False,True,True
5dc90d5a1bfe35cd4bf1a3d504f259dd75c15f251fd3a5aac4a425a14fa029f3,False,0,nominal,False,selection_no_approach,"[0.7741488814353943, -0.396472692489624, -0.783501386642456, 0.0053541092202067375, 0.0056901355274021626, -0.007370599079877138, -0.9966211318969727]",1,aaac1533a7a90c885a6db8149f709d819b674a4ddb0ad6b5a8e09f4ce69bb046,False,Place the green cube in the yellow receptacle.,0.0,0.8207844891595659,act,v1_act,1,0.1424654227471135,0.14252777697754068,2.1419999975478277,2.6514600045629777,0.15614999938406982,0.24015999952098352,False,300043,False,False,12.0,False,240,False,False,2.3029499934636988,2.8096450005250517,2,False,3.398622000000614,False,False,False
5dc90d5a1bfe35cd4bf1a3d504f259dd75c15f251fd3a5aac4a425a14fa029f3,False,0,nominal,False,selection_no_approach,"[0.7745996117591858, -0.3994310796260834, -0.7818547487258911, 0.005399341695010662, 0.005681144073605537, -0.007370229344815016, -0.9969723224639893]",0,62b78ae4b1dbcad1f395c83c1ce5444ce72eb09f038f049009917f42965d0553,False,Place the red cube in the blue receptacle.,0.0,0.8207844891595659,act,v1_act,0,0.26237402619187655,0.26240788889014244,2.125550003256649,2.6671650015487103,0.15560000247205608,0.25144999926851597,False,300044,False,False,12.0,False,240,False,False,2.293399997142842,2.8415650012902915,2,False,3.429049099999247,False,False,False
5dc90d5a1bfe35cd4bf1a3d504f259dd75c15f251fd3a5aac4a425a14fa029f3,False,0,nominal,False,grasp,"[0.7749791145324707, -0.3975345492362976, -0.782435417175293, 0.005358235910534859, 0.005699242930859327, -0.007372037973254919, -0.9984909296035767]",0,48983721be7e2bf091dbe2dab0a0bd54833e0b63fbd909fcc4e36f7cce388fd9,False,Place the green cube in the blue receptacle.,0.0,0.823399416245181,act,v1_act,1,0.312787819737285,0.31281622513490265,2.1462000004248694,2.6388049947854597,0.158049999299692,0.19461499759927392,False,300045,False,False,12.0,False,240,False,True,2.3038999970594887,2.7908699947147393,2,False,3.416754600002605,False,False,False
5dc90d5a1bfe35cd4bf1a3d504f259dd75c15f251fd3a5aac4a425a14fa029f3,False,0,nominal,False,selection,"[0.7732469439506531, -0.3968938887119293, -0.7831312417984009, 0.0053765662014484406, 0.0056821079924702644, -0.007362836040556431, -0.9954200983047485]",1,4a27bc990bfe2d471edfc7d6a73b73b8b45f30a1916339e46da12148f30eac2a,False,Place the red cube in the yellow receptacle.,0.0,0.8207844891595659,act,v1_act,0,0.18952922294365507,0.18957609786381702,2.134200003638398,2.681209999354905,0.15505000192206353,0.2393500013567973,False,300046,False,False,12.0,False,240,False,False,2.2909000035724603,2.8474649978306843,2,False,3.490995899999689,False,True,True
5dc90d5a1bfe35cd4bf1a3d504f259dd75c15f251fd3a5aac4a425a14fa029f3,True,4,nominal,False,grasp,"[0.7729697227478027, -0.39737430214881897, -0.7832437753677368, 0.00537517387419939, 0.005686333868652582, -0.007367944344878197, -0.9951093196868896]",1,018a3656d2e80cfbb94e3a3967629ba45916662572aa30e7dd8c2cb27f43b4ca,False,Place the green cube in the yellow receptacle.,0.0,0.8207844891595659,act,v1_act,1,0.19504405114316747,0.19508960099909053,2.131950001057703,2.6085849985975074,0.15685000107623637,0.2344449992961017,False,300047,False,False,12.0,False,240,False,True,2.2982999944360927,2.815824997378513,2,False,3.334925299997849,False,False,False
5dc90d5a1bfe35cd4bf1a3d504f259dd75c15f251fd3a5aac4a425a14fa029f3,False,0,nominal,False,success,"[0.775238037109375, -0.3997368812561035, -0.781118631362915, 0.005401677452027798, 0.005686934106051922, -0.0073701441287994385, -0.9985476732254028]",0,8496eace00a5b4ff966f77b0b1a435d71a51e759d046664bef60e017d203e2b1,True,Place the red cube in the blue receptacle.,0.9999999999998899,0.9881023796136703,act,v1_act,0,0.027480536035980954,0.02773990290616043,2.1644499975082,2.8355600021313876,0.15655000242986716,0.19887999624188513,True,300048,True,True,6.0,True,120,True,True,2.327600002899999,2.991514999666833,2,True,1.7243792999943253,False,False,False
5dc90d5a1bfe35cd4bf1a3d504f259dd75c15f251fd3a5aac4a425a14fa029f3,False,0,nominal,False,grasp,"[0.7726583480834961, -0.398931622505188, -0.7810088396072388, 0.005387152545154095, 0.005686467047780752, -0.007375670596957207, -0.9945614337921143]",0,5ea79169308246b6e86e64782811ec5ca667d26bda2bc57bf43b10644d5df5e4,False,Place the green cube in the blue receptacle.,0.0,0.8207844891595659,act,v1_act,1,0.33272022298594567,0.33274692683098245,2.1652999967045616,2.841285002432414,0.16025000513764098,0.21657499637512953,False,300049,False,False,12.0,False,240,False,True,2.3339499966823496,3.0566250032279636,2,False,3.617293900002551,False,False,False
