checkpoint_sha256,collision,collision_steps,condition,dropped,failure_stage,first_action,goal_id,initial_rgbd_robot_camera_pose_sha256,instantaneous_success_v1,instruction,longest_stable_seconds,max_lift_m,mode,model,object_id,placement_error_m,placement_error_xyz_m,policy_p50_ms,policy_p95_ms,preprocess_p50_ms,preprocess_p95_ms,released_in_tray,scene_seed,selected_grasped,selected_lifted,simulation_seconds,stable_success,steps,success,target_approached,total_p50_ms,total_p95_ms,training_seed,transport_reached,wall_seconds,wrong_destination,wrong_object_lifted,wrong_target
7bbed8d9aff298b564b56f4deaf3f3daa8ba60195c71326f0a7158aab7bd9aba,False,0,nominal,False,success,"[0.7963258624076843, -0.840360701084137, -0.8268848657608032, 0.006299285218119621, 0.006722066085785627, -0.00860664900392294, -1.0]",0,714a715946b50dbf0c3d827eba2e215a3230992beb7008e805cce36a545d3ada,True,Place the red cube in the blue receptacle.,0.9999999999998899,0.989125659580663,diffusion,fusion_prior,0,0.01715045962019317,0.01756304701944636,14.006249999511056,15.879814998697839,6.296600000496255,7.374619996699038,True,300100,True,True,6.0,True,120,True,True,20.315699999628123,22.120445002656197,0,True,2.6368071000033524,False,False,False
7bbed8d9aff298b564b56f4deaf3f3daa8ba60195c71326f0a7158aab7bd9aba,False,0,nominal,False,transport,"[0.7934827208518982, -0.8010237216949463, -0.8327614068984985, 0.006090493872761726, 0.006661362014710903, -0.00851889606565237, -1.0]",0,2271825b7030240f388fa95a2688ab1b2b647b7ef8ef7ee746af9c555e493e10,False,Place the red cube in the blue receptacle.,0.0,0.9960455942618115,diffusion,fusion_prior,0,0.3693206519437401,0.3693400415746282,14.063699996768264,15.361024997400818,5.929599999944912,6.981635001284302,False,300101,True,True,12.0,False,240,False,True,20.056999997905223,21.83302499288402,0,False,5.295086600002833,True,False,False
7bbed8d9aff298b564b56f4deaf3f3daa8ba60195c71326f0a7158aab7bd9aba,False,0,nominal,False,success,"[0.7899841070175171, -0.8624826073646545, -0.8081443309783936, 0.006458908319473267, 0.006895111408084631, -0.008602052927017212, -1.0]",0,985442ec7dc55b1280f32124a7ad33adea9715f8927756d086c12a013b5d6bb4,True,Place the red cube in the blue receptacle.,0.9999999999998899,1.0005967795316457,diffusion,fusion_prior,0,0.03765058322540345,0.03784030621101216,14.28900000610156,15.088699996704236,6.314500002190471,7.100780001201201,True,300102,True,True,6.3,True,126,True,True,20.791100010683294,21.905399995011976,0,True,2.989134399998875,False,False,False
7bbed8d9aff298b564b56f4deaf3f3daa8ba60195c71326f0a7158aab7bd9aba,False,0,nominal,False,selection_no_approach,"[0.8015812039375305, -0.8021900057792664, -0.7988051176071167, 0.006108075380325317, 0.006752627436071634, -0.008666676469147205, -1.0]",0,4c0161d3dcc5f3810d289f3eb26844d4ef94150723eda25c686519b2c01a07e9,False,Place the red cube in the blue receptacle.,0.0,0.8207844891595659,diffusion,fusion_prior,0,0.3095575738836816,0.3095862756654384,14.187800003128359,15.179425000678748,5.720400000427617,6.901774998186738,False,300103,False,False,12.0,False,240,False,False,19.76854999884381,21.34600500794477,0,False,5.565256000001682,False,False,False
7bbed8d9aff298b564b56f4deaf3f3daa8ba60195c71326f0a7158aab7bd9aba,False,0,nominal,False,grasp,"[0.7700015306472778, -0.8449426293373108, -0.8302192687988281, 0.0063012391328811646, 0.006884299218654633, -0.008279764093458652, -1.0]",0,01cff4377f131a668e171d2af0327d5f1516d6345cb3445f79c5d46ce8e725cf,False,Place the red cube in the blue receptacle.,0.0,0.821724092506677,diffusion,fusion_prior,0,0.2892414385132786,0.2892721560829465,14.0475999978662,14.952915004323586,5.657749996316852,7.003024995719898,False,300104,False,False,12.0,False,240,False,True,19.79580000261194,21.52573499843129,0,False,5.512077400002454,False,False,False
7bbed8d9aff298b564b56f4deaf3f3daa8ba60195c71326f0a7158aab7bd9aba,False,0,nominal,False,selection,"[0.7733386754989624, -0.8410434722900391, -0.8034384250640869, 0.006460567936301231, 0.006979937665164471, -0.00841150525957346, -1.0]",0,cad2366d94149cf24367c27a2aa80c2281e227e689fa60a470edf661452c5d53,False,Place the red cube in the blue receptacle.,0.0,0.8207844891595659,diffusion,fusion_prior,0,0.27997043102394353,0.2800021656690864,14.043699997273507,15.083474998391466,6.113450002885656,7.066695004687062,False,300105,False,False,12.0,False,240,False,False,20.162200005870545,21.4067850032734,0,False,5.54977019999933,False,True,True
7bbed8d9aff298b564b56f4deaf3f3daa8ba60195c71326f0a7158aab7bd9aba,False,0,nominal,False,success,"[0.7794163823127747, -0.8479659557342529, -0.8207849264144897, 0.006286335177719593, 0.006862758193165064, -0.008400674909353256, -1.0]",0,1abdbdd00d4162f1c3a7d1ea2c854c3a391b8f846de81f14dda6364117a60f5c,True,Place the red cube in the blue receptacle.,0.9999999999998899,0.9930675030521098,diffusion,fusion_prior,0,0.026185281560820728,0.02645734921279387,14.079000004130648,15.071595001063542,6.192650002049049,7.382755001526675,True,300106,True,True,6.35,True,127,True,True,20.23929999268148,21.659425001780615,0,True,3.045591800000693,False,False,False
7bbed8d9aff298b564b56f4deaf3f3daa8ba60195c71326f0a7158aab7bd9aba,False,0,nominal,False,transport,"[0.7732296586036682, -0.8528691530227661, -0.8205363750457764, 0.006395524367690086, 0.006931493524461985, -0.008357461541891098, -1.0]",0,359bc09a3dd6e44ed38b15351eedd65e74bbf127484da11213c0080cf15dd2d6,False,Place the red cube in the blue receptacle.,0.0,0.9827077376278543,diffusion,fusion_prior,0,0.3578606657751578,0.3578806762976147,14.145900000585243,15.346159997352515,6.018899999617133,7.004779997805599,False,300107,True,True,12.0,False,240,False,True,20.270649998565204,21.73816500871908,0,False,5.599210399996082,True,False,False
7bbed8d9aff298b564b56f4deaf3f3daa8ba60195c71326f0a7158aab7bd9aba,False,0,nominal,False,selection_no_approach,"[0.7492272257804871, 0.7203016877174377, -0.8046321868896484, 0.0021296816412359476, 0.004827500320971012, -0.003017015289515257, -1.0]",0,bda3dd6585256e697beb054671f8013d095d45789184fff239c1f765bf4d52f1,False,Place the red cube in the blue receptacle.,0.0,0.8207844891595659,diffusion,fusion_prior,0,0.3292577314251245,0.3292847160663021,14.1694500016456,15.32614000389003,5.668499998137122,6.801125002311892,False,300108,False,False,12.0,False,240,False,False,19.983299996965798,21.422209998127073,0,False,5.534685400001763,False,False,False
7bbed8d9aff298b564b56f4deaf3f3daa8ba60195c71326f0a7158aab7bd9aba,False,0,nominal,False,selection_no_approach,"[0.7485117316246033, 0.7490423321723938, -0.8089584112167358, 0.0022027946542948484, 0.004645004402846098, -0.002909755799919367, -1.0]",0,f5aa83d455a66c6b5b7be937b341561d924155a8608bb336b763791d99c4c419,False,Place the red cube in the blue receptacle.,0.0,0.8207844891595659,diffusion,fusion_prior,0,0.17387991343304146,0.1739310059395041,14.06459999998333,14.9748250056291,5.627150003419956,7.084775001203525,False,300109,False,False,12.0,False,240,False,False,19.620899998699315,21.232239998789737,0,False,5.5384139999951,False,False,False
7bbed8d9aff298b564b56f4deaf3f3daa8ba60195c71326f0a7158aab7bd9aba,False,0,nominal,False,transport,"[0.8014459609985352, -0.8157046437263489, -0.8302394151687622, 0.006162828765809536, 0.006646151654422283, -0.008620092645287514, -1.0]",1,714a715946b50dbf0c3d827eba2e215a3230992beb7008e805cce36a545d3ada,False,Place the red cube in the yellow receptacle.,0.0,0.9907315771354183,diffusion,fusion_prior,0,0.3608276648025004,0.3608475107923351,13.744150001002708,15.760950001276793,6.335300000500865,7.223524999790243,False,300100,True,True,12.0,False,240,False,True,20.123999995121267,22.30618499597767,0,False,5.277008099998056,True,False,False
7bbed8d9aff298b564b56f4deaf3f3daa8ba60195c71326f0a7158aab7bd9aba,False,0,nominal,False,release,"[0.7977122068405151, -0.7678400278091431, -0.8349603414535522, 0.005911963060498238, 0.0065680076368153095, -0.008504503406584263, -1.0]",1,2271825b7030240f388fa95a2688ab1b2b647b7ef8ef7ee746af9c555e493e10,True,Place the red cube in the yellow receptacle.,0.0,0.99651848945415,diffusion,fusion_prior,0,0.0422875058318881,0.04245651313615901,13.967099999717902,15.259339999465737,6.3569500016456,7.0916399996349355,False,300101,True,True,12.0,False,240,False,True,20.263900005375035,22.082125007727882,0,True,5.661329199996544,False,False,False
7bbed8d9aff298b564b56f4deaf3f3daa8ba60195c71326f0a7158aab7bd9aba,False,0,nominal,False,success,"[0.7945438623428345, -0.8451582789421082, -0.8118730783462524, 0.0063713910058140755, 0.006835730746388435, -0.008620649576187134, -1.0]",1,985442ec7dc55b1280f32124a7ad33adea9715f8927756d086c12a013b5d6bb4,True,Place the red cube in the yellow receptacle.,0.9999999999998899,0.993370772717147,diffusion,fusion_prior,0,0.03469113235104732,0.03489694858630143,14.051899997866713,16.41074999679403,6.279450000874931,7.238659994982299,True,300102,True,True,5.95,True,119,True,True,20.497199999226723,23.280839998551524,0,True,2.91856430000189,False,False,False
7bbed8d9aff298b564b56f4deaf3f3daa8ba60195c71326f0a7158aab7bd9aba,False,0,nominal,False,selection,"[0.8052469491958618, -0.7742365002632141, -0.7989538908004761, 0.0059699565172195435, 0.006671579089015722, -0.008661290630698204, -1.0]",1,4c0161d3dcc5f3810d289f3eb26844d4ef94150723eda25c686519b2c01a07e9,False,Place the red cube in the yellow receptacle.,0.0,0.8207844891595659,diffusion,fusion_prior,0,0.11851802572404875,0.11859297176971365,13.759299999946961,15.233414999602246,6.237349996808916,7.0719850049499655,False,300103,False,False,12.0,False,240,False,False,20.006850005302113,21.554644998104777,0,False,5.631200600000739,False,True,True
7bbed8d9aff298b564b56f4deaf3f3daa8ba60195c71326f0a7158aab7bd9aba,False,0,nominal,False,grasp,"[0.7759352326393127, -0.8250681161880493, -0.835831880569458, 0.006192504428327084, 0.006824452895671129, -0.008299431763589382, -1.0]",1,01cff4377f131a668e171d2af0327d5f1516d6345cb3445f79c5d46ce8e725cf,False,Place the red cube in the yellow receptacle.,0.0,0.8207844891595658,diffusion,fusion_prior,0,0.16322545584369214,0.16327988230956964,13.860099999874365,14.69272499489307,5.8937499998137355,7.218060001832782,False,300104,False,False,12.0,False,240,False,True,19.868650000717025,21.477444999982254,0,False,5.569864399993094,False,False,False
7bbed8d9aff298b564b56f4deaf3f3daa8ba60195c71326f0a7158aab7bd9aba,False,0,nominal,False,selection,"[0.7772967219352722, -0.8233052492141724, -0.8063709735870361, 0.006375056691467762, 0.006934946868568659, -0.008417099714279175, -1.0]",1,cad2366d94149cf24367c27a2aa80c2281e227e689fa60a470edf661452c5d53,False,Place the red cube in the yellow receptacle.,0.0,0.8207844891595659,diffusion,fusion_prior,0,0.14881504436613882,0.148874739164647,13.676700000360142,14.632654999149963,6.253950003156206,6.999770001493744,False,300105,False,False,12.0,False,240,False,False,19.98059999823454,20.734955003717914,0,False,5.641216399999394,False,True,True
7bbed8d9aff298b564b56f4deaf3f3daa8ba60195c71326f0a7158aab7bd9aba,False,0,nominal,False,transport,"[0.7847955226898193, -0.8292882442474365, -0.8260868787765503, 0.006185899488627911, 0.006798041518777609, -0.008414145559072495, -1.0]",1,1abdbdd00d4162f1c3a7d1ea2c854c3a391b8f846de81f14dda6364117a60f5c,False,Place the red cube in the yellow receptacle.,0.0,0.9939839689764484,diffusion,fusion_prior,0,0.3671308851838552,0.36715039045884174,13.925999999628402,15.38931000395678,6.503649998194305,7.237319996784208,False,300106,True,True,12.0,False,240,False,True,20.408700002008118,21.96326000521367,0,False,5.7058348999999,True,False,False
7bbed8d9aff298b564b56f4deaf3f3daa8ba60195c71326f0a7158aab7bd9aba,False,0,nominal,False,transport,"[0.7775235772132874, -0.8355485200881958, -0.8249272108078003, 0.006304328329861164, 0.00688216183334589, -0.008370229974389076, -1.0]",1,359bc09a3dd6e44ed38b15351eedd65e74bbf127484da11213c0080cf15dd2d6,False,Place the red cube in the yellow receptacle.,0.0,0.9848464736537154,diffusion,fusion_prior,0,0.3553230092763412,0.3553431627024695,13.62794999658945,14.785824997306918,6.420949997846037,7.077770000978489,False,300107,True,True,12.0,False,240,False,True,20.099449997360352,21.280760004083277,0,False,5.6262807000020985,True,False,False
7bbed8d9aff298b564b56f4deaf3f3daa8ba60195c71326f0a7158aab7bd9aba,False,0,nominal,False,selection_no_approach,"[0.7545989751815796, 0.7290911674499512, -0.8023775815963745, 0.0021453031804412603, 0.004838977009057999, -0.0030147761572152376, -1.0]",1,bda3dd6585256e697beb054671f8013d095d45789184fff239c1f765bf4d52f1,False,Place the red cube in the yellow receptacle.,0.0,0.8207844891595659,diffusion,fusion_prior,0,0.19742337499337909,0.19746837601353337,13.889599998947233,15.312550003727665,5.921899995882995,7.126905002587591,False,300108,False,False,12.0,False,240,False,False,19.816500003798865,21.181524996791268,0,False,5.608367000000726,False,False,False
7bbed8d9aff298b564b56f4deaf3f3daa8ba60195c71326f0a7158aab7bd9aba,False,0,nominal,False,selection,"[0.7500349283218384, 0.7613176703453064, -0.8042635917663574, 0.002179510658606887, 0.004636156838387251, -0.002857817802578211, -1.0]",1,f5aa83d455a66c6b5b7be937b341561d924155a8608bb336b763791d99c4c419,False,Place the red cube in the yellow receptacle.,0.0,0.8207844891595659,diffusion,fusion_prior,0,0.32537750786095365,0.3254048142751591,13.733600000705337,14.92477000610961,6.286699997872347,7.05144499988819,False,300109,False,False,12.0,False,240,False,False,19.944150004448602,21.339199996873504,0,False,5.605814400005329,False,True,True
7bbed8d9aff298b564b56f4deaf3f3daa8ba60195c71326f0a7158aab7bd9aba,False,0,nominal,False,selection,"[0.7829350233078003, -0.8551751971244812, -0.8314963579177856, 0.006353703327476978, 0.006734133698046207, -0.008452370762825012, -1.0]",0,714a715946b50dbf0c3d827eba2e215a3230992beb7008e805cce36a545d3ada,False,Place the green cube in the blue receptacle.,0.0,0.8207844891595659,diffusion,fusion_prior,1,0.17601252545536833,0.1760629990907303,14.427550002437783,15.4869400037569,6.359449998853961,7.4719149990414735,False,300100,False,False,12.0,False,240,False,False,20.92714999889722,21.93750999686017,0,False,5.365383899996232,False,True,True
7bbed8d9aff298b564b56f4deaf3f3daa8ba60195c71326f0a7158aab7bd9aba,False,0,nominal,False,selection,"[0.7794556021690369, -0.8272369503974915, -0.834969162940979, 0.006219485774636269, 0.006726195104420185, -0.008375471457839012, -1.0]",0,2271825b7030240f388fa95a2688ab1b2b647b7ef8ef7ee746af9c555e493e10,False,Place the green cube in the blue receptacle.,0.0,0.8207844891595659,diffusion,fusion_prior,1,0.33893186293030053,0.33895807740936024,14.388199997483753,15.536310001698439,6.506749999971362,7.341920000544633,False,300101,False,False,12.0,False,240,False,False,21.027949995186646,22.268274998714332,0,False,5.716161800002737,False,True,True
7bbed8d9aff298b564b56f4deaf3f3daa8ba60195c71326f0a7158aab7bd9aba,False,0,nominal,False,selection,"[0.7757881283760071, -0.8751746416091919, -0.8128130435943604, 0.00651220977306366, 0.006891170516610146, -0.008447732776403427, -1.0]",0,985442ec7dc55b1280f32124a7ad33adea9715f8927756d086c12a013b5d6bb4,False,Place the green cube in the blue receptacle.,0.0,0.8207844891595659,diffusion,fusion_prior,1,0.20387892720597295,0.20392250363877018,14.515899994876236,15.849449998859198,6.42974999936996,7.2406700059218565,False,300102,False,False,12.0,False,240,False,False,20.8926999985124,22.76648500264855,0,False,5.7777089000010164,False,True,True
7bbed8d9aff298b564b56f4deaf3f3daa8ba60195c71326f0a7158aab7bd9aba,False,0,nominal,False,success,"[0.7881183624267578, -0.8373154997825623, -0.804865837097168, 0.0062950896099209785, 0.00683111697435379, -0.008540064096450806, -1.0]",0,4c0161d3dcc5f3810d289f3eb26844d4ef94150723eda25c686519b2c01a07e9,True,Place the green cube in the blue receptacle.,0.9999999999998899,0.9895417332719428,diffusion,fusion_prior,1,0.010035952953796464,0.010725796393696797,14.590099999622907,15.781499998411164,6.526999997731764,7.04999999870779,True,300103,True,True,5.65,True,113,True,True,21.1875000022701,22.359539996250533,0,True,2.767915100004757,False,False,False
7bbed8d9aff298b564b56f4deaf3f3daa8ba60195c71326f0a7158aab7bd9aba,False,0,nominal,False,selection,"[0.7548186779022217, -0.853938102722168, -0.8317731618881226, 0.006328140385448933, 0.006892520003020763, -0.008088391274213791, -1.0]",0,01cff4377f131a668e171d2af0327d5f1516d6345cb3445f79c5d46ce8e725cf,False,Place the green cube in the blue receptacle.,0.0,0.8207844891595659,diffusion,fusion_prior,1,0.1606859621757187,0.16074124850822305,14.525950002280297,15.638385000420383,6.429799999750685,7.3070950027613435,False,300104,False,False,12.0,False,240,False,False,20.96105000237003,22.08799500549503,0,False,5.814445299998624,False,True,True
7bbed8d9aff298b564b56f4deaf3f3daa8ba60195c71326f0a7158aab7bd9aba,False,0,nominal,False,success,"[0.7568508386611938, -0.8621087074279785, -0.806259036064148, 0.006558737717568874, 0.007033073343336582, -0.00824486743658781, -1.0]",0,cad2366d94149cf24367c27a2aa80c2281e227e689fa60a470edf661452c5d53,True,Place the green cube in the blue receptacle.,0.9999999999998899,0.9821109693695191,diffusion,fusion_prior,1,0.010190726371489657,0.010870752389943079,14.435499997489387,15.275025001756148,6.505800000013551,7.188550000137184,True,300105,True,True,5.55,True,111,True,True,20.92265000101179,21.82995000111987,0,True,2.726545099998475,False,False,False
7bbed8d9aff298b564b56f4deaf3f3daa8ba60195c71326f0a7158aab7bd9aba,False,0,nominal,False,selection,"[0.7649844884872437, -0.8582203984260559, -0.8237185478210449, 0.0063264090567827225, 0.006865913514047861, -0.008228257298469543, -1.0]",0,1abdbdd00d4162f1c3a7d1ea2c854c3a391b8f846de81f14dda6364117a60f5c,False,Place the green cube in the blue receptacle.,0.0,0.8207844891595659,diffusion,fusion_prior,1,0.2060192867956355,0.2060624106027786,14.418549999390962,15.499665004608687,6.495350004115608,7.26116499681666,False,300106,False,False,12.0,False,240,False,False,20.87105000464362,22.17470000650792,0,False,5.811055400001351,False,True,True
7bbed8d9aff298b564b56f4deaf3f3daa8ba60195c71326f0a7158aab7bd9aba,False,0,nominal,False,selection,"[0.7578237056732178, -0.8635824918746948, -0.8230612277984619, 0.006432215683162212, 0.006942238193005323, -0.008176591247320175, -1.0]",0,359bc09a3dd6e44ed38b15351eedd65e74bbf127484da11213c0080cf15dd2d6,False,Place the green cube in the blue receptacle.,0.0,0.8207844891595659,diffusion,fusion_prior,1,0.15188463661369708,0.15194312544804595,14.356649997353088,15.36107500141952,6.420350000553299,7.089235000603367,False,300107,False,False,12.0,False,240,False,False,20.802549999643816,21.864494992769323,0,False,5.730984600006195,False,True,True
7bbed8d9aff298b564b56f4deaf3f3daa8ba60195c71326f0a7158aab7bd9aba,False,0,nominal,False,grasp,"[0.7423878312110901, 0.7148175239562988, -0.8162238597869873, 0.002234615618363023, 0.004754741210490465, -0.0030501075088977814, -1.0]",0,bda3dd6585256e697beb054671f8013d095d45789184fff239c1f765bf4d52f1,False,Place the green cube in the blue receptacle.,0.0,0.8207844891595659,diffusion,fusion_prior,1,0.1624813505613359,0.1625360261969067,14.445849999901839,15.981840004678817,5.841850004799198,6.9741150004119845,False,300108,False,False,12.0,False,240,False,True,20.424300004378892,22.05625999740732,0,False,5.684957999998005,False,False,False
7bbed8d9aff298b564b56f4deaf3f3daa8ba60195c71326f0a7158aab7bd9aba,False,0,nominal,False,grasp,"[0.742824375629425, 0.7439015507698059, -0.8196990489959717, 0.002307273680344224, 0.004580676555633545, -0.0029387320391833782, -1.0]",0,f5aa83d455a66c6b5b7be937b341561d924155a8608bb336b763791d99c4c419,False,Place the green cube in the blue receptacle.,0.0,0.8207844891595659,diffusion,fusion_prior,1,0.29756004211771936,0.2975899010328555,14.398449999134755,15.431315002933843,5.839700002979953,6.947075002244674,False,300109,False,False,12.0,False,240,False,True,20.191200001136167,21.790915003293776,0,False,5.677327199999127,False,False,False
7bbed8d9aff298b564b56f4deaf3f3daa8ba60195c71326f0a7158aab7bd9aba,False,0,nominal,False,selection,"[0.7900994420051575, -0.8345232009887695, -0.8350882530212402, 0.006244204007089138, 0.006663961801677942, -0.00849736388772726, -1.0]",1,714a715946b50dbf0c3d827eba2e215a3230992beb7008e805cce36a545d3ada,False,Place the green cube in the yellow receptacle.,0.0,0.8207844891595659,diffusion,fusion_prior,1,0.29227067245106036,0.29230107168233377,13.700100000278326,14.71860499914328,6.391699997038813,7.140474998959689,False,300100,False,False,12.0,False,240,False,False,20.037399997818284,21.243190008681267,0,False,5.1172242000029655,False,True,True
7bbed8d9aff298b564b56f4deaf3f3daa8ba60195c71326f0a7158aab7bd9aba,False,0,nominal,False,selection,"[0.7869006395339966, -0.7963095307350159, -0.841241717338562, 0.006038338877260685, 0.0066260285675525665, -0.008385991677641869, -1.0]",1,2271825b7030240f388fa95a2688ab1b2b647b7ef8ef7ee746af9c555e493e10,False,Place the green cube in the yellow receptacle.,0.0,0.8207844891595659,diffusion,fusion_prior,1,0.19448856861409552,0.19453424853533005,13.416450001386693,14.428590000898112,6.289099997957237,7.137874995169113,False,300101,False,False,12.0,False,240,False,False,19.704649999766843,21.438804992794758,0,False,5.397721000001184,False,True,True
7bbed8d9aff298b564b56f4deaf3f3daa8ba60195c71326f0a7158aab7bd9aba,False,0,nominal,False,selection,"[0.7828600406646729, -0.8596622943878174, -0.8163871765136719, 0.006437653675675392, 0.006833411753177643, -0.008497968316078186, -1.0]",1,985442ec7dc55b1280f32124a7ad33adea9715f8927756d086c12a013b5d6bb4,False,Place the green cube in the yellow receptacle.,0.0,0.8207844891595659,diffusion,fusion_prior,1,0.28423561761461,0.2842668761083581,13.390300002356526,14.296799997828202,6.445350001740735,7.02803999556636,False,300102,False,False,12.0,False,240,False,False,19.886800007952843,20.82487000807305,0,False,5.496787499992934,False,True,True
7bbed8d9aff298b564b56f4deaf3f3daa8ba60195c71326f0a7158aab7bd9aba,False,0,nominal,False,transport,"[0.7937097549438477, -0.8123045563697815, -0.8082523345947266, 0.006162537261843681, 0.00673414021730423, -0.008559685200452805, -1.0]",1,4c0161d3dcc5f3810d289f3eb26844d4ef94150723eda25c686519b2c01a07e9,False,Place the green cube in the yellow receptacle.,0.0,0.9893483518617684,diffusion,fusion_prior,1,0.35285146727922906,0.35287176186159147,13.366099999984726,14.329205003377865,6.407849996321602,7.019409999338677,False,300103,True,True,12.0,False,240,False,True,19.641900002170587,20.783149993803818,0,False,5.45322060000035,True,False,False
7bbed8d9aff298b564b56f4deaf3f3daa8ba60195c71326f0a7158aab7bd9aba,False,0,nominal,False,selection_no_approach,"[0.7635454535484314, -0.83501136302948, -0.8383384943008423, 0.006237325258553028, 0.006830129306763411, -0.00814245454967022, -1.0]",1,01cff4377f131a668e171d2af0327d5f1516d6345cb3445f79c5d46ce8e725cf,False,Place the green cube in the yellow receptacle.,0.0,0.8207844891595659,diffusion,fusion_prior,1,0.324123079555671,0.32415049164284426,13.7653500023589,14.503875004083966,5.840649999299785,7.084804997430183,False,300104,False,False,12.0,False,240,False,False,19.458999999187654,21.42871499672765,0,False,5.479822200002673,False,False,False
7bbed8d9aff298b564b56f4deaf3f3daa8ba60195c71326f0a7158aab7bd9aba,False,0,nominal,False,transport,"[0.7634174227714539, -0.8409956693649292, -0.8119540214538574, 0.00645352341234684, 0.006958671845495701, -0.008268099278211594, -1.0]",1,cad2366d94149cf24367c27a2aa80c2281e227e689fa60a470edf661452c5d53,False,Place the green cube in the yellow receptacle.,0.0,0.9873023643334154,diffusion,fusion_prior,1,0.3479777119601554,0.3479982907705493,13.50530000127037,15.127474999826516,6.203950000781333,7.080434997624251,False,300105,True,True,12.0,False,240,False,True,19.799149995378684,21.543110000129673,0,False,5.594360700000834,True,False,False
7bbed8d9aff298b564b56f4deaf3f3daa8ba60195c71326f0a7158aab7bd9aba,False,0,nominal,False,selection,"[0.7724817991256714, -0.841109037399292, -0.8290458917617798, 0.00624054204672575, 0.006801185198128223, -0.008272524923086166, -1.0]",1,1abdbdd00d4162f1c3a7d1ea2c854c3a391b8f846de81f14dda6364117a60f5c,False,Place the green cube in the yellow receptacle.,0.0,0.8207844891595659,diffusion,fusion_prior,1,0.332300098394547,0.33232683599834584,13.968349998322083,15.008889999808162,6.461749999289168,7.14058500198007,False,300106,False,False,12.0,False,240,False,False,20.316750000347383,21.91444999371015,0,False,5.698347700003069,False,True,True
7bbed8d9aff298b564b56f4deaf3f3daa8ba60195c71326f0a7158aab7bd9aba,False,0,nominal,False,selection,"[0.7650398015975952, -0.848029375076294, -0.8276412487030029, 0.006359649822115898, 0.006891431752592325, -0.0082256980240345, -1.0]",1,359bc09a3dd6e44ed38b15351eedd65e74bbf127484da11213c0080cf15dd2d6,False,Place the green cube in the yellow receptacle.,0.0,0.8207844891595659,diffusion,fusion_prior,1,0.28714404388105996,0.2871749857978823,13.400949999777367,14.278079998257454,6.4250499999616295,7.12954999798967,False,300107,False,False,12.0,False,240,False,False,19.91460000135703,21.18098500468477,0,False,5.516132600001583,False,True,True
7bbed8d9aff298b564b56f4deaf3f3daa8ba60195c71326f0a7158aab7bd9aba,False,0,nominal,False,grasp,"[0.7493903636932373, 0.7237762212753296, -0.8110172748565674, 0.0022436731960624456, 0.004772840067744255, -0.0030518732964992523, -1.0]",1,bda3dd6585256e697beb054671f8013d095d45789184fff239c1f765bf4d52f1,False,Place the green cube in the yellow receptacle.,0.0,0.8207844891595659,diffusion,fusion_prior,1,0.27544150402214507,0.27547376040128974,13.371400003961753,14.217415002349298,5.781199997727526,6.860334996963501,False,300108,False,False,12.0,False,240,False,True,19.246950003434904,20.452179997300846,0,False,5.471472099998209,False,False,False
7bbed8d9aff298b564b56f4deaf3f3daa8ba60195c71326f0a7158aab7bd9aba,False,0,nominal,False,success,"[0.7462711334228516, 0.7583451867103577, -0.8131965398788452, 0.002274910220876336, 0.004565410781651735, -0.002876454032957554, -1.0]",1,f5aa83d455a66c6b5b7be937b341561d924155a8608bb336b763791d99c4c419,True,Place the green cube in the yellow receptacle.,0.9999999999998899,0.9931931042973203,diffusion,fusion_prior,1,0.01423793532084488,0.014732316771395962,13.384549998590956,14.01955000255839,6.458400002884446,7.036399998469278,True,300109,True,True,5.55,True,111,True,True,19.639500009361655,20.836724999753642,0,True,2.5749367000025813,False,False,False
31ff8da79e55baf64f9820caef2ac41a2336589dfb4ddedf6fb47ddee12054be,False,0,nominal,False,success,"[0.769336998462677, -0.817882776260376, -0.7919257879257202, 0.00722126942127943, 0.006599860731512308, -0.009266369976103306, -1.0]",0,714a715946b50dbf0c3d827eba2e215a3230992beb7008e805cce36a545d3ada,True,Place the red cube in the blue receptacle.,0.9999999999998899,0.9984396133334641,diffusion,fusion_prior,0,0.038392523297735334,0.0385785976823042,14.188500004820526,16.246760002104566,6.649999995715916,7.793979995767585,True,300100,True,True,6.45,True,129,True,True,20.76870000018971,22.894820003421046,1,True,2.8928625999978976,False,False,False
31ff8da79e55baf64f9820caef2ac41a2336589dfb4ddedf6fb47ddee12054be,False,0,nominal,False,selection_no_approach,"[0.7848726511001587, 0.7697732448577881, -0.8043614625930786, 0.0014230592641979456, 0.004994673654437065, -0.003207980189472437, -1.0]",0,2271825b7030240f388fa95a2688ab1b2b647b7ef8ef7ee746af9c555e493e10,False,Place the red cube in the blue receptacle.,0.0,0.8207844891595659,diffusion,fusion_prior,0,0.16903484953589015,0.1690874060634524,14.173849998769583,15.145495000251685,5.69089999771677,6.788195005719899,False,300101,False,False,12.0,False,240,False,False,19.901700004993472,21.557904997098376,1,False,5.361044899997069,False,False,False
31ff8da79e55baf64f9820caef2ac41a2336589dfb4ddedf6fb47ddee12054be,False,0,nominal,False,selection,"[0.7959455847740173, 0.7472829818725586, -0.8140856027603149, 0.0015912188682705164, 0.004879488609731197, -0.0035883309319615364, -1.0]",0,985442ec7dc55b1280f32124a7ad33adea9715f8927756d086c12a013b5d6bb4,False,Place the red cube in the blue receptacle.,0.0,0.8207844891595659,diffusion,fusion_prior,0,0.306464566855707,0.3064935582841863,14.330650003103074,15.560640005060122,6.404249998013256,7.147299997814116,False,300102,False,False,12.0,False,240,False,False,20.782699997653253,22.081809991504997,1,False,5.720738899995922,False,True,True
31ff8da79e55baf64f9820caef2ac41a2336589dfb4ddedf6fb47ddee12054be,False,0,nominal,False,selection,"[0.7669383883476257, -0.7793030142784119, -0.7779024839401245, 0.007334599271416664, 0.006515244487673044, -0.009312206879258156, -1.0]",0,4c0161d3dcc5f3810d289f3eb26844d4ef94150723eda25c686519b2c01a07e9,False,Place the red cube in the blue receptacle.,0.0,0.8207844891595659,diffusion,fusion_prior,0,0.3095575738836816,0.3095862756654384,14.267250000557397,15.89078499964671,6.374899996444583,7.59996000197134,False,300103,False,False,12.0,False,240,False,False,20.712650002678856,22.587365001163562,1,False,5.717254499999399,False,True,True
31ff8da79e55baf64f9820caef2ac41a2336589dfb4ddedf6fb47ddee12054be,False,0,nominal,False,success,"[0.7640053033828735, -0.8040053844451904, -0.8723835945129395, 0.007873871363699436, 0.0061950418166816235, -0.009151406586170197, -1.0]",0,01cff4377f131a668e171d2af0327d5f1516d6345cb3445f79c5d46ce8e725cf,True,Place the red cube in the blue receptacle.,0.9999999999998899,0.9957553489104528,diffusion,fusion_prior,0,0.03979447051976028,0.03997401952638799,14.480999998340849,16.00828000155161,6.619499996304512,7.287750003160909,True,300104,True,True,6.3,True,126,True,True,21.081300001242198,22.87084999406943,1,True,3.049041300000681,False,False,False
31ff8da79e55baf64f9820caef2ac41a2336589dfb4ddedf6fb47ddee12054be,False,0,nominal,False,selection,"[0.7677159905433655, -0.7565467953681946, -0.8251736164093018, 0.0075333863496780396, 0.006310397293418646, -0.009151115082204342, -1.0]",0,cad2366d94149cf24367c27a2aa80c2281e227e689fa60a470edf661452c5d53,False,Place the red cube in the blue receptacle.,0.0,0.8207844891595659,diffusion,fusion_prior,0,0.27997043102394353,0.2800021656690864,14.257599999837112,15.387379996536765,6.338099999993574,7.126790000256733,False,300105,False,False,12.0,False,240,False,False,20.61995000258321,21.5918599980796,1,False,5.638105099998938,False,True,True
31ff8da79e55baf64f9820caef2ac41a2336589dfb4ddedf6fb47ddee12054be,False,0,nominal,False,success,"[0.7649335265159607, -0.8412697315216064, -0.7895585298538208, 0.007245339453220367, 0.006733624264597893, -0.009184000082314014, -1.0]",0,1abdbdd00d4162f1c3a7d1ea2c854c3a391b8f846de81f14dda6364117a60f5c,True,Place the red cube in the blue receptacle.,0.9999999999998899,0.9949920841471104,diffusion,fusion_prior,0,0.030411675570400358,0.03064624558526113,14.202099999238271,15.305549996264745,6.653649998042965,7.3094749972369755,True,300106,True,True,6.2,True,124,True,True,20.965499999874737,21.960384993144544,1,True,3.0277592000056757,False,False,False
31ff8da79e55baf64f9820caef2ac41a2336589dfb4ddedf6fb47ddee12054be,False,0,nominal,False,success,"[0.7688336968421936, -0.7877215147018433, -0.8054620027542114, 0.007383884862065315, 0.006370319053530693, -0.009194592013955116, -1.0]",0,359bc09a3dd6e44ed38b15351eedd65e74bbf127484da11213c0080cf15dd2d6,True,Place the red cube in the blue receptacle.,0.9999999999998899,0.99566339728306,diffusion,fusion_prior,0,0.01989245019867186,0.02024924521952003,14.216499999747612,15.201289996184641,6.489199993666261,7.259859995247098,True,300107,True,True,6.25,True,125,True,True,20.81759999418864,22.431979996326845,1,True,3.018173600001319,False,False,False
31ff8da79e55baf64f9820caef2ac41a2336589dfb4ddedf6fb47ddee12054be,False,0,nominal,False,selection_no_approach,"[0.8098609447479248, 0.7317184805870056, -0.8139903545379639, 0.0016811804380267859, 0.004919556900858879, -0.0038302079774439335, -1.0]",0,bda3dd6585256e697beb054671f8013d095d45789184fff239c1f765bf4d52f1,False,Place the red cube in the blue receptacle.,0.0,0.8207844891595659,diffusion,fusion_prior,0,0.3292577314251245,0.3292847160663021,14.2207499993674,15.632529999857068,5.81294999938109,6.94956999795977,False,300108,False,False,12.0,False,240,False,False,20.15525000388152,21.51077999806148,1,False,5.577447000003303,False,False,False
31ff8da79e55baf64f9820caef2ac41a2336589dfb4ddedf6fb47ddee12054be,False,0,nominal,False,grasp,"[0.7766611576080322, -0.7652620077133179, -0.7931535243988037, 0.007460844703018665, 0.0062972307205200195, -0.009334549307823181, -1.0]",0,f5aa83d455a66c6b5b7be937b341561d924155a8608bb336b763791d99c4c419,False,Place the red cube in the blue receptacle.,0.0,0.8250243294687408,diffusion,fusion_prior,0,0.17633340919047163,0.1763837910024051,14.372099998581689,15.714850002041203,5.368500002077781,7.058510005299468,False,300109,False,False,12.0,False,240,False,True,19.748850008909358,22.360639997350518,1,False,5.681078900001012,False,False,False
31ff8da79e55baf64f9820caef2ac41a2336589dfb4ddedf6fb47ddee12054be,False,0,nominal,False,transport,"[0.7708027362823486, -0.79923415184021, -0.8086756467819214, 0.007247350178658962, 0.006625342182815075, -0.009142138995230198, -1.0]",1,714a715946b50dbf0c3d827eba2e215a3230992beb7008e805cce36a545d3ada,False,Place the red cube in the yellow receptacle.,0.0,0.9968270344820197,diffusion,fusion_prior,0,0.3589401527315314,0.35896010307711634,14.39570000002277,15.529594996041851,5.959400001302129,7.175075000486686,False,300100,True,True,12.0,False,240,False,True,20.517050004855264,22.060684998723445,1,False,5.365159599998151,True,False,False
31ff8da79e55baf64f9820caef2ac41a2336589dfb4ddedf6fb47ddee12054be,False,0,nominal,False,selection_no_approach,"[0.7802202701568604, 0.7731122374534607, -0.80376136302948, 0.0014125960879027843, 0.005041524767875671, -0.0031364031601697206, -1.0]",1,2271825b7030240f388fa95a2688ab1b2b647b7ef8ef7ee746af9c555e493e10,False,Place the red cube in the yellow receptacle.,0.0,0.8207844891595659,diffusion,fusion_prior,0,0.2968139754896177,0.29684390945006295,14.331999998830725,15.629904997331321,5.5060499980754685,6.721994996041758,False,300101,False,False,12.0,False,240,False,False,19.82884999961243,21.62931500461127,1,False,5.553121800003282,False,False,False
31ff8da79e55baf64f9820caef2ac41a2336589dfb4ddedf6fb47ddee12054be,False,0,nominal,False,selection,"[0.7970574498176575, 0.7336063981056213, -0.8196860551834106, 0.001677313121035695, 0.004897624719887972, -0.003710576333105564, -1.0]",1,985442ec7dc55b1280f32124a7ad33adea9715f8927756d086c12a013b5d6bb4,False,Place the red cube in the yellow receptacle.,0.0,0.8207844891595659,diffusion,fusion_prior,0,0.15107616670916255,0.15113496841955698,14.28219999797875,15.576744999270886,6.13070000326843,6.984295000802376,False,300102,False,False,12.0,False,240,False,False,20.534600000246428,22.089159995812224,1,False,5.7068880000006175,False,True,True
31ff8da79e55baf64f9820caef2ac41a2336589dfb4ddedf6fb47ddee12054be,False,0,nominal,False,selection,"[0.7668237090110779, -0.7605646252632141, -0.7930662631988525, 0.0073836250230669975, 0.006491549778729677, -0.009188611060380936, -1.0]",1,4c0161d3dcc5f3810d289f3eb26844d4ef94150723eda25c686519b2c01a07e9,False,Place the red cube in the yellow receptacle.,0.0,0.8207844891595659,diffusion,fusion_prior,0,0.11851802572404875,0.11859297176971365,14.286949997767806,15.298985004483256,5.937049998465227,7.049425004515797,False,300103,False,False,12.0,False,240,False,False,20.37209999980405,21.544830001948867,1,False,5.62218330000178,False,True,True
31ff8da79e55baf64f9820caef2ac41a2336589dfb4ddedf6fb47ddee12054be,False,0,nominal,False,success,"[0.7644175291061401, -0.7790444493293762, -0.912419319152832, 0.008090938441455364, 0.006124967243522406, -0.009017071686685085, -1.0]",1,01cff4377f131a668e171d2af0327d5f1516d6345cb3445f79c5d46ce8e725cf,True,Place the red cube in the yellow receptacle.,0.9999999999998899,0.9887526333312832,diffusion,fusion_prior,0,0.018421930489109232,0.01880664453738262,14.213999995263293,14.974800003255949,6.074100005207583,7.320080000499729,True,300104,True,True,5.45,True,109,True,True,20.528100001683924,21.507410002232064,1,True,2.5817267000020365,False,False,False
31ff8da79e55baf64f9820caef2ac41a2336589dfb4ddedf6fb47ddee12054be,False,0,nominal,False,selection,"[0.7674009203910828, -0.7308176755905151, -0.8529806137084961, 0.0076570771634578705, 0.006238455418497324, -0.009016187861561775, -1.0]",1,cad2366d94149cf24367c27a2aa80c2281e227e689fa60a470edf661452c5d53,False,Place the red cube in the yellow receptacle.,0.0,0.8207844891595659,diffusion,fusion_prior,0,0.14881504436613882,0.148874739164647,14.29170000119484,15.257899998687208,6.105249998654472,6.927559999166988,False,300105,False,False,12.0,False,240,False,False,20.396449999680044,21.51058999952511,1,False,5.767693400004646,False,True,True
31ff8da79e55baf64f9820caef2ac41a2336589dfb4ddedf6fb47ddee12054be,False,0,nominal,False,transport,"[0.7662227153778076, -0.827581524848938, -0.806266188621521, 0.00729046855121851, 0.00677415682002902, -0.009066630154848099, -1.0]",1,1abdbdd00d4162f1c3a7d1ea2c854c3a391b8f846de81f14dda6364117a60f5c,False,Place the red cube in the yellow receptacle.,0.0,0.9954823052816326,diffusion,fusion_prior,0,0.37113235887507634,0.37115165385914334,14.307150002423441,15.612470001360634,6.065299996407703,7.129635005185264,False,300106,True,True,12.0,False,240,False,True,20.437750001292443,22.141435000594356,1,False,5.644928699999582,True,False,False
31ff8da79e55baf64f9820caef2ac41a2336589dfb4ddedf6fb47ddee12054be,False,0,nominal,False,transport,"[0.7689995169639587, -0.7687011361122131, -0.8259834051132202, 0.007447023876011372, 0.0063675809651613235, -0.00907278060913086, -1.0]",1,359bc09a3dd6e44ed38b15351eedd65e74bbf127484da11213c0080cf15dd2d6,False,Place the red cube in the yellow receptacle.,0.0,0.9922124511688143,diffusion,fusion_prior,0,0.36206715168330805,0.3620869297368554,14.27509999848553,15.223829998649308,6.161450000945479,7.105015004344749,False,300107,True,True,12.0,False,240,False,True,20.529900000838097,21.798869999111048,1,False,5.697623000000021,True,False,False
31ff8da79e55baf64f9820caef2ac41a2336589dfb4ddedf6fb47ddee12054be,False,0,nominal,False,selection_no_approach,"[0.8111695647239685, 0.7144895195960999, -0.8203209638595581, 0.0017918527591973543, 0.004929231479763985, -0.003981663845479488, -1.0]",1,bda3dd6585256e697beb054671f8013d095d45789184fff239c1f765bf4d52f1,False,Place the red cube in the yellow receptacle.,0.0,0.8207844891595659,diffusion,fusion_prior,0,0.19742337499337909,0.19746837601353337,14.245750004192814,15.265705000274465,5.650850001984509,6.635159998404561,False,300108,False,False,12.0,False,240,False,False,19.846399998641573,21.21509499484091,1,False,5.542163100006292,False,False,False
31ff8da79e55baf64f9820caef2ac41a2336589dfb4ddedf6fb47ddee12054be,False,0,nominal,False,grasp,"[0.7766501903533936, -0.7440416812896729, -0.8113858699798584, 0.0075218332931399345, 0.006274405401200056, -0.009203989990055561, -1.0]",1,f5aa83d455a66c6b5b7be937b341561d924155a8608bb336b763791d99c4c419,False,Place the red cube in the yellow receptacle.,0.0,0.8233523043629456,diffusion,fusion_prior,0,0.32601420049928564,0.32604145358962294,14.34385000175098,15.834399994128036,5.10020000001532,6.834754995725234,False,300109,False,False,12.0,False,240,False,True,19.563850000849925,21.441810005853768,1,False,5.5552563999954145,False,False,False
31ff8da79e55baf64f9820caef2ac41a2336589dfb4ddedf6fb47ddee12054be,False,0,nominal,False,selection,"[0.7688434720039368, -0.8434166312217712, -0.7999323606491089, 0.007198776118457317, 0.006682442966848612, -0.00921568088233471, -1.0]",0,714a715946b50dbf0c3d827eba2e215a3230992beb7008e805cce36a545d3ada,False,Place the green cube in the blue receptacle.,0.0,0.8207844891595659,diffusion,fusion_prior,1,0.17601252545536833,0.1760629990907303,14.014500000484986,15.857005002180811,6.414150000637164,7.44872000250325,False,300100,False,False,12.0,False,240,False,False,20.513400002528215,22.000455000306825,1,False,5.347205600002781,False,True,True
31ff8da79e55baf64f9820caef2ac41a2336589dfb4ddedf6fb47ddee12054be,False,0,nominal,False,grasp,"[0.7852513194084167, 0.7498994469642639, -0.8210828304290771, 0.0015554630663245916, 0.004778419155627489, -0.003307139500975609, -1.0]",0,2271825b7030240f388fa95a2688ab1b2b647b7ef8ef7ee746af9c555e493e10,False,Place the green cube in the blue receptacle.,0.0,0.8252524173121178,diffusion,fusion_prior,1,0.3275821445149784,0.3276092671715469,14.166200002364349,15.297100003954256,5.830849997437326,6.957454996518209,False,300101,True,False,12.0,False,240,False,True,20.148300001892494,21.02135499844735,1,False,5.5167855999970925,False,False,False
31ff8da79e55baf64f9820caef2ac41a2336589dfb4ddedf6fb47ddee12054be,False,0,nominal,False,transport,"[0.8012804388999939, 0.7186138033866882, -0.8348164558410645, 0.001763262553140521, 0.004661404062062502, -0.0038171112537384033, -1.0]",0,985442ec7dc55b1280f32124a7ad33adea9715f8927756d086c12a013b5d6bb4,False,Place the green cube in the blue receptacle.,0.0,0.9890050524323827,diffusion,fusion_prior,1,0.36565180887584264,0.3656713930462357,14.202649996150285,15.111555000476073,6.558250002854038,7.23678999893309,False,300102,True,True,12.0,False,240,False,True,20.699749995401362,21.703215002344223,1,False,5.776764800000819,True,False,False
31ff8da79e55baf64f9820caef2ac41a2336589dfb4ddedf6fb47ddee12054be,False,0,nominal,False,success,"[0.7668867707252502, -0.8073303699493408, -0.7891159057617188, 0.007342780940234661, 0.006595401093363762, -0.009280182421207428, -1.0]",0,4c0161d3dcc5f3810d289f3eb26844d4ef94150723eda25c686519b2c01a07e9,True,Place the green cube in the blue receptacle.,0.9999999999998899,0.9887786371736567,diffusion,fusion_prior,1,0.00830412169331689,0.009125831054039631,14.022750001458917,15.105024996955763,6.550300000526477,7.193125002231682,True,300103,True,True,5.6,True,112,True,True,20.707700001366902,21.665474996552803,1,True,2.659767199998896,False,False,False
31ff8da79e55baf64f9820caef2ac41a2336589dfb4ddedf6fb47ddee12054be,False,0,nominal,False,selection,"[0.7633020281791687, -0.8299659490585327, -0.885263204574585, 0.007904019206762314, 0.006246799603104591, -0.00910305418074131, -1.0]",0,01cff4377f131a668e171d2af0327d5f1516d6345cb3445f79c5d46ce8e725cf,False,Place the green cube in the blue receptacle.,0.0,0.8207844891595659,diffusion,fusion_prior,1,0.1606859621757187,0.16074124850822305,14.082249999773921,15.706919998046944,6.540750000567641,7.752704995436943,False,300104,False,False,12.0,False,240,False,False,20.792949999304255,22.33643999934429,1,False,5.7030597999983,False,True,True
31ff8da79e55baf64f9820caef2ac41a2336589dfb4ddedf6fb47ddee12054be,False,0,nominal,False,success,"[0.7674120664596558, -0.7836311459541321, -0.8408143520355225, 0.007590210996568203, 0.006368559785187244, -0.009106798097491264, -1.0]",0,cad2366d94149cf24367c27a2aa80c2281e227e689fa60a470edf661452c5d53,True,Place the green cube in the blue receptacle.,0.9999999999998899,0.9889858334250502,diffusion,fusion_prior,1,0.03032259126532915,0.03055784508928003,14.07755000036559,15.096324996193289,6.651349998719525,7.188675004726974,True,300105,True,True,5.55,True,111,True,True,20.513400002528215,21.800300002723816,1,True,2.64187249999668,False,False,False
31ff8da79e55baf64f9820caef2ac41a2336589dfb4ddedf6fb47ddee12054be,False,0,nominal,False,selection,"[0.7645269632339478, -0.8643216490745544, -0.7980401515960693, 0.007226554676890373, 0.006803452968597412, -0.009125211276113987, -1.0]",0,1abdbdd00d4162f1c3a7d1ea2c854c3a391b8f846de81f14dda6364117a60f5c,False,Place the green cube in the blue receptacle.,0.0,0.8207844891595659,diffusion,fusion_prior,1,0.2060192867956355,0.2060624106027786,14.028550001967233,15.282205005132708,6.59885000277427,7.191724994117976,False,300106,False,False,12.0,False,240,False,False,20.509250003669877,21.92996500816662,1,False,5.764674999998533,False,True,True
31ff8da79e55baf64f9820caef2ac41a2336589dfb4ddedf6fb47ddee12054be,False,0,nominal,False,selection,"[0.7683804631233215, -0.8164180517196655, -0.8145203590393066, 0.007392887957394123, 0.006453950889408588, -0.00915865320712328, -1.0]",0,359bc09a3dd6e44ed38b15351eedd65e74bbf127484da11213c0080cf15dd2d6,False,Place the green cube in the blue receptacle.,0.0,0.8207844891595659,diffusion,fusion_prior,1,0.15188463661369708,0.15194312544804595,13.95799999954761,15.108370001689764,6.496400004834868,7.472559997768258,False,300107,False,False,12.0,False,240,False,False,20.543700007692678,21.669675000521238,1,False,5.723682999996527,False,True,True
31ff8da79e55baf64f9820caef2ac41a2336589dfb4ddedf6fb47ddee12054be,False,0,nominal,False,grasp,"[0.8189756274223328, 0.6849704384803772, -0.8402717113494873, 0.0019351334776729345, 0.004667147062718868, -0.004241859540343285, -1.0]",0,bda3dd6585256e697beb054671f8013d095d45789184fff239c1f765bf4d52f1,False,Place the green cube in the blue receptacle.,0.0,0.8207844891595659,diffusion,fusion_prior,1,0.1624813505613359,0.1625360261969067,14.179800004058052,15.032434997556265,5.811500002891989,7.018940002672025,False,300108,False,False,12.0,False,240,False,True,20.018150000396417,21.35670500465494,1,False,5.611745599999267,False,False,False
31ff8da79e55baf64f9820caef2ac41a2336589dfb4ddedf6fb47ddee12054be,True,1,nominal,False,selection,"[0.7761828303337097, -0.7934821844100952, -0.8051033020019531, 0.00747477263212204, 0.006355199497193098, -0.009290508925914764, -1.0]",0,f5aa83d455a66c6b5b7be937b341561d924155a8608bb336b763791d99c4c419,False,Place the green cube in the blue receptacle.,0.0,0.8207844891595659,diffusion,fusion_prior,1,0.29756004211771936,0.2975899010328555,14.17425000181538,15.34838499756006,5.969149999145884,7.396444999540108,False,300109,False,False,12.0,False,240,False,False,20.12385000125505,22.07355999671563,1,False,5.671506800004863,False,True,True
31ff8da79e55baf64f9820caef2ac41a2336589dfb4ddedf6fb47ddee12054be,False,0,nominal,False,selection,"[0.7704893350601196, -0.8265868425369263, -0.8157339096069336, 0.007222452200949192, 0.00671954732388258, -0.009101569652557373, -1.0]",1,714a715946b50dbf0c3d827eba2e215a3230992beb7008e805cce36a545d3ada,False,Place the green cube in the yellow receptacle.,0.0,0.8207844891595659,diffusion,fusion_prior,1,0.29227067245106036,0.29230107168233377,14.101999997365056,15.254815000662347,6.203199998708442,7.3247150034148945,False,300100,False,False,12.0,False,240,False,False,20.478350001212675,21.536754998305696,1,False,5.253289599997515,False,True,True
31ff8da79e55baf64f9820caef2ac41a2336589dfb4ddedf6fb47ddee12054be,False,0,nominal,False,grasp,"[0.7822384238243103, 0.7496193051338196, -0.8210849761962891, 0.0015538723673671484, 0.004841180518269539, -0.0032890501897782087, -1.0]",1,2271825b7030240f388fa95a2688ab1b2b647b7ef8ef7ee746af9c555e493e10,False,Place the green cube in the yellow receptacle.,0.0,0.8250321847561786,diffusion,fusion_prior,1,0.19896868236926527,0.19901333396385126,14.173049996315967,15.306374998544925,5.451350003568223,6.848630004242295,False,300101,True,False,12.0,False,240,False,True,19.679250002809567,21.251250001296285,1,False,5.513997699999891,False,False,False
31ff8da79e55baf64f9820caef2ac41a2336589dfb4ddedf6fb47ddee12054be,False,0,nominal,False,success,"[0.8032360076904297, 0.7022230625152588, -0.8412593603134155, 0.0018496646080166101, 0.004677797667682171, -0.003974037244915962, -1.0]",1,985442ec7dc55b1280f32124a7ad33adea9715f8927756d086c12a013b5d6bb4,True,Place the green cube in the yellow receptacle.,0.9999999999998899,0.9897607022208207,diffusion,fusion_prior,1,0.011726683020739606,0.012322233983932026,14.207300002453849,15.432589995180024,6.331399999908172,7.108720002361224,True,300102,True,True,6.15,True,123,True,True,20.519049998256378,22.15002000120876,1,True,2.969342600001255,False,False,False
31ff8da79e55baf64f9820caef2ac41a2336589dfb4ddedf6fb47ddee12054be,False,0,nominal,False,transport,"[0.7673222422599792, -0.7902591228485107, -0.8045856952667236, 0.007388681173324585, 0.006588292308151722, -0.009159436449408531, -1.0]",1,4c0161d3dcc5f3810d289f3eb26844d4ef94150723eda25c686519b2c01a07e9,False,Place the green cube in the yellow receptacle.,0.0,0.9857764682169475,diffusion,fusion_prior,1,0.3494555223653042,0.34947601415520135,14.327450000564568,16.110450000633133,6.316599999991013,7.1139949970529415,False,300103,True,True,12.0,False,240,False,True,20.63645000453107,22.280534998571966,1,False,5.789731299999403,True,False,False
31ff8da79e55baf64f9820caef2ac41a2336589dfb4ddedf6fb47ddee12054be,False,0,nominal,False,selection,"[0.7633640766143799, -0.8055058121681213, -0.9283288717269897, 0.008142119273543358, 0.006182979326695204, -0.008969287388026714, -1.0]",1,01cff4377f131a668e171d2af0327d5f1516d6345cb3445f79c5d46ce8e725cf,False,Place the green cube in the yellow receptacle.,0.0,0.8207844891595659,diffusion,fusion_prior,1,0.324123079555671,0.32415049164284426,14.20384999801172,15.679850001470188,6.2199499989219476,7.1987899940722855,False,300104,False,False,12.0,False,240,False,False,20.46485000028042,22.43121499705012,1,False,5.680405499995686,False,True,True
31ff8da79e55baf64f9820caef2ac41a2336589dfb4ddedf6fb47ddee12054be,False,0,nominal,False,transport,"[0.7665551900863647, -0.7609996199607849, -0.8686977624893188, 0.0077108656987547874, 0.006324662361294031, -0.0089784637093544, -1.0]",1,cad2366d94149cf24367c27a2aa80c2281e227e689fa60a470edf661452c5d53,False,Place the green cube in the yellow receptacle.,0.0,0.9887888559075074,diffusion,fusion_prior,1,0.34586534311601286,0.3458860476037681,14.219800003047567,15.346010000212118,6.261600003199419,7.0524450016819165,False,300105,True,True,12.0,False,240,False,True,20.484299995587207,21.718409998356947,1,False,5.713920499998494,True,False,False
31ff8da79e55baf64f9820caef2ac41a2336589dfb4ddedf6fb47ddee12054be,False,0,nominal,False,selection,"[0.7658562064170837, -0.8515346050262451, -0.814129114151001, 0.007269610650837421, 0.006852922961115837, -0.00901491753757, -1.0]",1,1abdbdd00d4162f1c3a7d1ea2c854c3a391b8f846de81f14dda6364117a60f5c,False,Place the green cube in the yellow receptacle.,0.0,0.8207844891595659,diffusion,fusion_prior,1,0.332300098394547,0.33232683599834584,14.130550000118092,15.205924997644615,6.301749999693129,7.244974997956888,False,300106,False,False,12.0,False,240,False,False,20.38324999739416,21.890354996503447,1,False,5.657808500000101,False,True,True
31ff8da79e55baf64f9820caef2ac41a2336589dfb4ddedf6fb47ddee12054be,False,0,nominal,False,selection,"[0.7684878706932068, -0.7983868718147278, -0.8354711532592773, 0.007464051246643066, 0.00646602688357234, -0.009036794304847717, -1.0]",1,359bc09a3dd6e44ed38b15351eedd65e74bbf127484da11213c0080cf15dd2d6,False,Place the green cube in the yellow receptacle.,0.0,0.8207844891595659,diffusion,fusion_prior,1,0.28714404388105996,0.2871749857978823,14.115549998678034,15.50411499592883,5.9199000024818815,6.998129997373326,False,300107,False,False,12.0,False,240,False,False,20.19145000303979,21.825935001470498,1,False,5.617183700000169,False,True,True
31ff8da79e55baf64f9820caef2ac41a2336589dfb4ddedf6fb47ddee12054be,False,0,nominal,False,grasp,"[0.8202367424964905, 0.663550615310669, -0.847583532333374, 0.002047550166025758, 0.004670032300055027, -0.004428441170603037, -1.0]",1,bda3dd6585256e697beb054671f8013d095d45789184fff239c1f765bf4d52f1,False,Place the green cube in the yellow receptacle.,0.0,0.8207844891595659,diffusion,fusion_prior,1,0.27544150402214507,0.27547376040128974,14.153399999486282,15.528500002619694,5.661899998813169,7.034434998422511,False,300108,False,False,12.0,False,240,False,True,19.709799998963717,22.055104998435127,1,False,5.658152299998619,False,False,False
31ff8da79e55baf64f9820caef2ac41a2336589dfb4ddedf6fb47ddee12054be,False,0,nominal,False,selection_no_approach,"[0.7765583395957947, -0.775496780872345, -0.821905255317688, 0.007524145767092705, 0.006365797482430935, -0.009170334786176682, -1.0]",1,f5aa83d455a66c6b5b7be937b341561d924155a8608bb336b763791d99c4c419,False,Place the green cube in the yellow receptacle.,0.0,0.8207844891595659,diffusion,fusion_prior,1,0.15400006046029743,0.15405774616494,14.182750001054956,15.294694998010527,5.0551999993331265,6.66854500050249,False,300109,False,False,12.0,False,240,False,False,19.36059999570716,21.174764998431783,1,False,5.531554200002574,False,False,False
4008f4f06767681375d2c09cd0916e7bda219ce7f252c6cb524d45025f6f9f45,False,0,nominal,False,grasp,"[0.7588661909103394, 0.6558719873428345, -0.8469607830047607, 0.0023205445613712072, 0.004672105424106121, -0.0028897884767502546, -1.0]",0,714a715946b50dbf0c3d827eba2e215a3230992beb7008e805cce36a545d3ada,False,Place the red cube in the blue receptacle.,0.0,0.8207844891595659,diffusion,fusion_prior,0,0.28661253798428277,0.28664353727484904,14.42220000171801,16.07257999785361,6.1210000021674205,7.456454998464324,False,300100,False,False,12.0,False,240,False,True,20.6292500042764,22.466029999850434,2,False,5.300301800001762,False,False,False
4008f4f06767681375d2c09cd0916e7bda219ce7f252c6cb524d45025f6f9f45,False,0,nominal,False,grasp,"[0.7688589096069336, -0.8406999111175537, -0.8023717403411865, 0.007133413106203079, 0.007071599364280701, -0.0094841867685318, -1.0]",0,2271825b7030240f388fa95a2688ab1b2b647b7ef8ef7ee746af9c555e493e10,False,Place the red cube in the blue receptacle.,0.0,0.8207844891595659,diffusion,fusion_prior,0,0.16903484953589015,0.1690874060634524,14.22034999995958,15.319404997717356,6.0267000044404995,7.120285000564763,False,300101,False,False,12.0,False,240,False,True,20.19980000477517,21.852475003834112,2,False,5.56223129999853,False,False,False
4008f4f06767681375d2c09cd0916e7bda219ce7f252c6cb524d45025f6f9f45,False,0,nominal,False,success,"[0.7771471738815308, -0.8450996279716492, -0.7819323539733887, 0.006888372823596001, 0.00732761062681675, -0.009498313069343567, -1.0]",0,985442ec7dc55b1280f32124a7ad33adea9715f8927756d086c12a013b5d6bb4,True,Place the red cube in the blue receptacle.,0.9999999999998899,0.987195004545627,diffusion,fusion_prior,0,0.016582587456717094,0.017008955372313516,14.376899998751469,15.499390001423304,6.609200001548743,7.474895001359982,True,300102,True,True,6.0,True,120,True,True,20.9288000005472,22.235240004374642,2,True,2.8979221999979927,False,False,False
4008f4f06767681375d2c09cd0916e7bda219ce7f252c6cb524d45025f6f9f45,False,0,nominal,False,selection_no_approach,"[0.8132616877555847, -0.5342840552330017, -0.7803947925567627, 0.00617073941975832, 0.005711647681891918, -0.008910031989216805, -1.0]",0,4c0161d3dcc5f3810d289f3eb26844d4ef94150723eda25c686519b2c01a07e9,False,Place the red cube in the blue receptacle.,0.0,0.8207844891595659,diffusion,fusion_prior,0,0.3095575738836816,0.3095862756654384,14.715850000357023,17.52693999442272,6.286199997703079,7.5768049973703455,False,300103,False,False,12.0,False,240,False,False,20.9528000013961,25.104975008071047,2,False,5.885172700000112,False,False,False
4008f4f06767681375d2c09cd0916e7bda219ce7f252c6cb524d45025f6f9f45,False,0,nominal,False,selection,"[0.7804772257804871, 0.7448031306266785, -0.8200682401657104, 0.0019368987996131182, 0.004249352030456066, -0.00309837912209332, -1.0]",0,01cff4377f131a668e171d2af0327d5f1516d6345cb3445f79c5d46ce8e725cf,False,Place the red cube in the blue receptacle.,0.0,0.8207844891595659,diffusion,fusion_prior,0,0.28980146954069397,0.28983212775603673,14.45044999854872,15.800795000905053,6.518900001537986,7.444640005269321,False,300104,False,False,12.0,False,240,False,False,21.02760000343551,22.185124994939542,2,False,5.763930999994045,False,True,True
4008f4f06767681375d2c09cd0916e7bda219ce7f252c6cb524d45025f6f9f45,False,0,nominal,False,selection_no_approach,"[0.7562347054481506, -0.7227516174316406, -0.8226587772369385, 0.0066342419013381, 0.007247420493513346, -0.00834803655743599, -1.0]",0,cad2366d94149cf24367c27a2aa80c2281e227e689fa60a470edf661452c5d53,False,Place the red cube in the blue receptacle.,0.0,0.8207844891595659,diffusion,fusion_prior,0,0.27997043102394353,0.2800021656690864,14.378249998117099,15.764469998248387,6.031699998857221,7.225045002633124,False,300105,False,False,12.0,False,240,False,False,20.429399999557063,22.275025005001226,2,False,5.730108899995685,False,False,False
4008f4f06767681375d2c09cd0916e7bda219ce7f252c6cb524d45025f6f9f45,False,0,nominal,False,success,"[0.7687966227531433, -0.8686608076095581, -0.7960350513458252, 0.0069896504282951355, 0.0072843292728066444, -0.009563066065311432, -1.0]",0,1abdbdd00d4162f1c3a7d1ea2c854c3a391b8f846de81f14dda6364117a60f5c,True,Place the red cube in the blue receptacle.,0.9999999999998899,0.9911739288628351,diffusion,fusion_prior,0,0.006405875838258409,0.007440268857714016,14.503300000797026,16.15325000238954,6.7893000014009885,7.451190003484953,True,300106,True,True,6.25,True,125,True,True,21.266799994918983,22.828830002254108,2,True,3.072273000005225,False,False,False
4008f4f06767681375d2c09cd0916e7bda219ce7f252c6cb524d45025f6f9f45,False,0,nominal,False,selection,"[0.7691847085952759, 0.7724879384040833, -0.8083246946334839, 0.0017436889465898275, 0.004252376966178417, -0.0028673126362264156, -1.0]",0,359bc09a3dd6e44ed38b15351eedd65e74bbf127484da11213c0080cf15dd2d6,False,Place the red cube in the blue receptacle.,0.0,0.8207844891595659,diffusion,fusion_prior,0,0.303161680254252,0.3031909875082489,14.42020000104094,16.705989995898562,6.605149999813875,7.5046950005344115,False,300107,False,False,12.0,False,240,False,False,20.958900000550784,23.84913499445247,2,False,5.789543399994727,False,True,True
4008f4f06767681375d2c09cd0916e7bda219ce7f252c6cb524d45025f6f9f45,False,0,nominal,False,selection,"[0.7766923904418945, 0.6761057376861572, -0.8094533681869507, 0.0022225731518119574, 0.0043502068147063255, -0.0035188987385481596, -1.0]",0,bda3dd6585256e697beb054671f8013d095d45789184fff239c1f765bf4d52f1,False,Place the red cube in the blue receptacle.,0.0,0.8207844891595659,diffusion,fusion_prior,0,0.3292577314251245,0.3292847160663021,14.360000001033768,15.33898999914527,6.463900001108414,7.054960000459687,False,300108,False,False,12.0,False,240,False,False,20.799499998247484,21.765044994754135,2,False,5.755338099996152,False,True,True
4008f4f06767681375d2c09cd0916e7bda219ce7f252c6cb524d45025f6f9f45,False,0,nominal,False,grasp,"[0.78640216588974, -0.6995554566383362, -0.7869848012924194, 0.006630392745137215, 0.006674493197351694, -0.00905443262308836, -1.0]",0,f5aa83d455a66c6b5b7be937b341561d924155a8608bb336b763791d99c4c419,False,Place the red cube in the blue receptacle.,0.0,0.8291213602902414,diffusion,fusion_prior,0,0.17415479612402657,0.17420580801066043,14.35479999781819,16.21054999959597,5.779800001619151,6.9552300021314295,False,300109,False,False,12.0,False,240,False,True,20.262849997379817,21.792205004021525,2,False,5.640960199998517,False,False,False
4008f4f06767681375d2c09cd0916e7bda219ce7f252c6cb524d45025f6f9f45,False,0,nominal,False,grasp,"[0.7618805170059204, 0.6983224153518677, -0.8369541168212891, 0.0021014262456446886, 0.0046655419282615185, -0.0027052382938563824, -1.0]",1,714a715946b50dbf0c3d827eba2e215a3230992beb7008e805cce36a545d3ada,False,Place the red cube in the yellow receptacle.,0.0,0.8207844891595659,diffusion,fusion_prior,0,0.158624507184093,0.15868051175567272,14.39734999803477,15.19895499368431,6.003000002237968,7.216655006777728,False,300100,False,False,12.0,False,240,False,True,20.290699998440687,22.18305500864517,2,False,5.299215300001379,False,False,False
4008f4f06767681375d2c09cd0916e7bda219ce7f252c6cb524d45025f6f9f45,False,0,nominal,False,grasp,"[0.7724928259849548, -0.8191138505935669, -0.804121732711792, 0.007139913737773895, 0.007045120000839233, -0.009443353861570358, -1.0]",1,2271825b7030240f388fa95a2688ab1b2b647b7ef8ef7ee746af9c555e493e10,False,Place the red cube in the yellow receptacle.,0.0,0.8207844891595659,diffusion,fusion_prior,0,0.2968139754896177,0.29684390945006295,14.286449997598538,15.782020002370698,5.8160000007774215,6.860699995741015,False,300101,False,False,12.0,False,240,False,True,20.105399999010842,21.74520500630024,2,False,5.547715600005176,False,False,False
4008f4f06767681375d2c09cd0916e7bda219ce7f252c6cb524d45025f6f9f45,False,0,nominal,False,transport,"[0.7817739844322205, -0.8327045440673828, -0.7822302579879761, 0.00689900666475296, 0.007339289411902428, -0.009476985782384872, -1.0]",1,985442ec7dc55b1280f32124a7ad33adea9715f8927756d086c12a013b5d6bb4,False,Place the red cube in the yellow receptacle.,0.0,0.9918759289335354,diffusion,fusion_prior,0,0.34124648099390537,0.3412674657053067,14.197100001183571,15.477839995219256,6.509099999675527,7.462359998680768,False,300102,True,True,12.0,False,240,False,True,20.727649996842956,22.11804499092977,2,False,5.714979999997013,True,False,False
4008f4f06767681375d2c09cd0916e7bda219ce7f252c6cb524d45025f6f9f45,False,0,nominal,False,grasp,"[0.7900128960609436, 0.6587384939193726, -0.7880038022994995, 0.0022727905306965113, 0.004389296751469374, -0.003976127132773399, -1.0]",1,4c0161d3dcc5f3810d289f3eb26844d4ef94150723eda25c686519b2c01a07e9,False,Place the red cube in the yellow receptacle.,0.0,0.8282880883657866,diffusion,fusion_prior,0,0.11825127699844586,0.11832639199861114,13.690700001461664,15.01699499458482,5.993500002659857,7.044105000022682,False,300103,False,False,12.0,False,240,False,True,19.939100006013177,21.136949997890042,2,False,5.487931800002116,False,False,False
4008f4f06767681375d2c09cd0916e7bda219ce7f252c6cb524d45025f6f9f45,False,0,nominal,False,selection,"[0.7830125093460083, 0.757054328918457, -0.8146299123764038, 0.001887876307591796, 0.004282576497644186, -0.0030280319042503834, -1.0]",1,01cff4377f131a668e171d2af0327d5f1516d6345cb3445f79c5d46ce8e725cf,False,Place the red cube in the yellow receptacle.,0.0,0.8207844891595659,diffusion,fusion_prior,0,0.1632803890111447,0.1633347971721781,14.343449998705182,15.263544997287681,6.47604999539908,7.129525000345893,False,300104,False,False,12.0,False,240,False,False,20.879849995253608,21.835129999453784,2,False,5.652392500000133,False,True,True
4008f4f06767681375d2c09cd0916e7bda219ce7f252c6cb524d45025f6f9f45,False,0,nominal,False,selection_no_approach,"[0.7182616591453552, -0.5555084347724915, -0.9160014390945435, 0.005506464280188084, 0.008144382387399673, -0.006130330264568329, -1.0]",1,cad2366d94149cf24367c27a2aa80c2281e227e689fa60a470edf661452c5d53,False,Place the red cube in the yellow receptacle.,0.0,0.8207844891595659,diffusion,fusion_prior,0,0.14881504436613882,0.148874739164647,14.112049997493159,15.823579996140325,5.9690500020224135,6.979004998356686,False,300105,False,False,12.0,False,240,False,False,20.006049999210518,21.566489996257587,2,False,5.628413499995077,False,False,False
4008f4f06767681375d2c09cd0916e7bda219ce7f252c6cb524d45025f6f9f45,False,0,nominal,False,transport,"[0.7736527919769287, -0.8576459288597107, -0.7960983514785767, 0.006996716372668743, 0.007304899860173464, -0.009551864117383957, -1.0]",1,1abdbdd00d4162f1c3a7d1ea2c854c3a391b8f846de81f14dda6364117a60f5c,False,Place the red cube in the yellow receptacle.,0.0,0.9906689557768069,diffusion,fusion_prior,0,0.36348538698715344,0.3635050878755338,14.369349999469705,16.749915001491896,6.488949999038596,7.550570000239531,False,300106,True,True,12.0,False,240,False,True,20.83410000341246,23.77415500159259,2,False,5.831050900000264,True,False,False
4008f4f06767681375d2c09cd0916e7bda219ce7f252c6cb524d45025f6f9f45,False,0,nominal,False,selection,"[0.7711465954780579, 0.7831210494041443, -0.8032851219177246, 0.0016987414564937353, 0.004295705817639828, -0.0027994413394480944, -1.0]",1,359bc09a3dd6e44ed38b15351eedd65e74bbf127484da11213c0080cf15dd2d6,False,Place the red cube in the yellow receptacle.,0.0,0.8207844891595659,diffusion,fusion_prior,0,0.13965639867778426,0.13972000652481392,14.308850000816165,16.016645000854624,6.484500001533888,7.27055499846756,False,300107,False,False,12.0,False,240,False,False,20.821099999011494,21.942609992765938,2,False,5.762533099994471,False,True,True
4008f4f06767681375d2c09cd0916e7bda219ce7f252c6cb524d45025f6f9f45,False,0,nominal,False,selection,"[0.7769678235054016, 0.7036068439483643, -0.8047072887420654, 0.0020905148703604937, 0.004397398326545954, -0.0033183088526129723, -1.0]",1,bda3dd6585256e697beb054671f8013d095d45789184fff239c1f765bf4d52f1,False,Place the red cube in the yellow receptacle.,0.0,0.8207844891595659,diffusion,fusion_prior,0,0.19742337499337909,0.19746837601353337,13.88769999903161,15.688605000832467,6.338650000543566,7.3990499979117885,False,300108,False,False,12.0,False,240,False,False,20.209099995554425,21.839250008997624,2,False,5.635390300005383,False,True,True
4008f4f06767681375d2c09cd0916e7bda219ce7f252c6cb524d45025f6f9f45,False,0,nominal,False,selection_no_approach,"[0.7763762474060059, 0.5081229209899902, -0.8220212459564209, 0.0030232833232730627, 0.004176268819719553, -0.0047354851849377155, -1.0]",1,f5aa83d455a66c6b5b7be937b341561d924155a8608bb336b763791d99c4c419,False,Place the red cube in the yellow receptacle.,0.0,0.8207844891595659,diffusion,fusion_prior,0,0.32537750786095365,0.3254048142751591,14.28055000360473,16.43153000040911,5.79229999857489,6.858514994746656,False,300109,False,False,12.0,False,240,False,False,20.087149998289533,21.92916000203695,2,False,5.598815500001365,False,False,False
4008f4f06767681375d2c09cd0916e7bda219ce7f252c6cb524d45025f6f9f45,False,0,nominal,False,grasp,"[0.7600554823875427, 0.6639038324356079, -0.8564075231552124, 0.0023693775292485952, 0.0045308019034564495, -0.002797080669552088, -1.0]",0,714a715946b50dbf0c3d827eba2e215a3230992beb7008e805cce36a545d3ada,False,Place the green cube in the blue receptacle.,0.0,0.8209972379939128,diffusion,fusion_prior,1,0.17749423668776762,0.17754428909153644,13.372199999139411,14.579194994803402,6.051450000086334,7.015064998267917,False,300100,False,False,12.0,False,240,False,True,19.452450000244426,20.78286000105436,2,False,5.052071899997827,False,False,False
4008f4f06767681375d2c09cd0916e7bda219ce7f252c6cb524d45025f6f9f45,False,0,nominal,False,selection,"[0.764800488948822, -0.8483183979988098, -0.8064566850662231, 0.007174414582550526, 0.007001013960689306, -0.009435949847102165, -1.0]",0,2271825b7030240f388fa95a2688ab1b2b647b7ef8ef7ee746af9c555e493e10,False,Place the green cube in the blue receptacle.,0.0,0.8207844891595659,diffusion,fusion_prior,1,0.33893186293030053,0.33895807740936024,13.373150002735201,14.285714997822652,6.4125000026251655,7.036115002483712,False,300101,False,False,12.0,False,240,False,False,19.78189999863389,20.82503499586892,2,False,5.429600900002697,False,True,True
4008f4f06767681375d2c09cd0916e7bda219ce7f252c6cb524d45025f6f9f45,False,0,nominal,False,selection,"[0.7750899195671082, -0.8582162261009216, -0.7852766513824463, 0.0069320304319262505, 0.0072943116538226604, -0.009477483108639717, -1.0]",0,985442ec7dc55b1280f32124a7ad33adea9715f8927756d086c12a013b5d6bb4,False,Place the green cube in the blue receptacle.,0.0,0.8207844891595659,diffusion,fusion_prior,1,0.20387892720597295,0.20392250363877018,13.32620000175666,14.525770004183869,6.462049997935537,7.102560006023849,False,300102,False,False,12.0,False,240,False,False,19.720000003871974,21.11332999265869,2,False,5.431547399995907,False,True,True
4008f4f06767681375d2c09cd0916e7bda219ce7f252c6cb524d45025f6f9f45,False,0,nominal,False,success,"[0.8090699315071106, -0.7050077319145203, -0.820123553276062, 0.006780811585485935, 0.006186514627188444, -0.009480467066168785, -1.0]",0,4c0161d3dcc5f3810d289f3eb26844d4ef94150723eda25c686519b2c01a07e9,True,Place the green cube in the blue receptacle.,0.9999999999998899,0.9835311480842636,diffusion,fusion_prior,1,0.0071907352327350935,0.008125824872561046,13.58079999772599,15.10428000037791,6.489699997473508,7.1762200008379295,True,300103,True,True,5.7,True,114,True,True,19.86409999517491,21.34694000415038,2,True,2.647108900004241,False,False,False
4008f4f06767681375d2c09cd0916e7bda219ce7f252c6cb524d45025f6f9f45,False,0,nominal,False,transport,"[0.7811618447303772, 0.7550441026687622, -0.8265784978866577, 0.0019363744650036097, 0.004113576374948025, -0.002986086765304208, -1.0]",0,01cff4377f131a668e171d2af0327d5f1516d6345cb3445f79c5d46ce8e725cf,False,Place the green cube in the blue receptacle.,0.0,0.9912425266996039,diffusion,fusion_prior,1,0.3482520738349209,0.34827263643376016,13.460599995596567,16.051950002656664,6.548900004418101,7.726085002286708,False,300104,True,True,12.0,False,240,False,True,19.949600002291845,23.59946000105992,2,False,5.618322900001658,True,False,False
4008f4f06767681375d2c09cd0916e7bda219ce7f252c6cb524d45025f6f9f45,False,0,nominal,False,grasp,"[0.7537203431129456, -0.7410168051719666, -0.8249959945678711, 0.0067117465659976006, 0.0071939704939723015, -0.008388504385948181, -1.0]",0,cad2366d94149cf24367c27a2aa80c2281e227e689fa60a470edf661452c5d53,False,Place the green cube in the blue receptacle.,0.0,0.8207844891595659,diffusion,fusion_prior,1,0.14339600452604825,0.1434579542781796,13.351450001209741,14.465025002937182,5.927500005782349,6.868395002675243,False,300105,False,False,12.0,False,240,False,True,19.34985000116285,20.41068999460549,2,False,5.3708585999993375,False,False,False
4008f4f06767681375d2c09cd0916e7bda219ce7f252c6cb524d45025f6f9f45,False,0,nominal,False,selection,"[0.768405556678772, -0.8803688883781433, -0.798515796661377, 0.007022064179182053, 0.007251020520925522, -0.009554147720336914, -1.0]",0,1abdbdd00d4162f1c3a7d1ea2c854c3a391b8f846de81f14dda6364117a60f5c,False,Place the green cube in the blue receptacle.,0.0,0.8207844891595659,diffusion,fusion_prior,1,0.2060192867956355,0.2060624106027786,13.425850000203354,14.730990003590705,6.593100002646679,7.0245150054688565,False,300106,False,False,12.0,False,240,False,False,19.953950002673082,20.85553999968397,2,False,5.639775099996768,False,True,True
4008f4f06767681375d2c09cd0916e7bda219ce7f252c6cb524d45025f6f9f45,False,0,nominal,False,transport,"[0.7697109580039978, 0.7809480428695679, -0.8137392997741699, 0.0017460749950259924, 0.004121936392039061, -0.0027672091964632273, -1.0]",0,359bc09a3dd6e44ed38b15351eedd65e74bbf127484da11213c0080cf15dd2d6,False,Place the green cube in the blue receptacle.,0.0,0.993109612650603,diffusion,fusion_prior,1,0.34713942512257895,0.34716005362459756,13.463499999488704,14.685209997333002,6.4939500007312745,7.154574997184682,False,300107,True,True,12.0,False,240,False,True,20.041950003360398,21.525759996802662,2,False,5.649495899997419,True,False,False
4008f4f06767681375d2c09cd0916e7bda219ce7f252c6cb524d45025f6f9f45,False,0,nominal,False,grasp,"[0.7769213914871216, 0.6873444318771362, -0.8185931444168091, 0.0022514371667057276, 0.00420944020152092, -0.0033981557935476303, -1.0]",0,bda3dd6585256e697beb054671f8013d095d45789184fff239c1f765bf4d52f1,False,Place the green cube in the blue receptacle.,0.0,0.8234224924036002,diffusion,fusion_prior,1,0.16584315006434597,0.1658967177339895,13.360899996769149,14.74804500103346,6.094100004702341,7.141154998316779,False,300108,True,False,12.0,False,240,False,True,19.427700000960613,21.047174999694107,2,False,5.543972600004054,False,False,False
4008f4f06767681375d2c09cd0916e7bda219ce7f252c6cb524d45025f6f9f45,False,0,nominal,False,selection_no_approach,"[0.7815975546836853, -0.7098127007484436, -0.7930928468704224, 0.0067017776891589165, 0.00658460333943367, -0.00902100931853056, -1.0]",0,f5aa83d455a66c6b5b7be937b341561d924155a8608bb336b763791d99c4c419,False,Place the green cube in the blue receptacle.,0.0,0.8207844891595659,diffusion,fusion_prior,1,0.29756004211771936,0.2975899010328555,13.423649998003384,14.147359998241882,5.77654999869992,6.694360001347377,False,300109,False,False,12.0,False,240,False,False,19.21379999475903,20.622460002050502,2,False,5.468775699999242,False,False,False
4008f4f06767681375d2c09cd0916e7bda219ce7f252c6cb524d45025f6f9f45,False,0,nominal,False,grasp,"[0.7609003186225891, 0.7121654748916626, -0.8427846431732178, 0.0020794987212866545, 0.0045463768765330315, -0.0025715259835124016, -1.0]",1,714a715946b50dbf0c3d827eba2e215a3230992beb7008e805cce36a545d3ada,False,Place the green cube in the yellow receptacle.,0.0,0.8207844891595659,diffusion,fusion_prior,1,0.29227067245106036,0.29230107168233377,14.286450001236517,15.617144999487207,5.866250001417939,7.002134995855158,False,300100,False,False,12.0,False,240,False,True,20.320999996329192,21.754814995074412,2,False,5.194422100001248,False,False,False
4008f4f06767681375d2c09cd0916e7bda219ce7f252c6cb524d45025f6f9f45,False,0,nominal,False,selection_no_approach,"[0.7676689624786377, -0.818209707736969, -0.8097132444381714, 0.007131760008633137, 0.006931674666702747, -0.009377219714224339, -1.0]",1,2271825b7030240f388fa95a2688ab1b2b647b7ef8ef7ee746af9c555e493e10,False,Place the green cube in the yellow receptacle.,0.0,0.8207844891595659,diffusion,fusion_prior,1,0.19448856861409552,0.19453424853533005,14.245549999031937,15.585484997063759,5.904800000280375,7.000205003714655,False,300101,False,False,12.0,False,240,False,False,20.166349997452926,21.492500001113513,2,False,5.531336100000772,False,False,False
4008f4f06767681375d2c09cd0916e7bda219ce7f252c6cb524d45025f6f9f45,False,0,nominal,False,selection,"[0.7789433002471924, -0.8425469994544983, -0.7859456539154053, 0.006923040375113487, 0.0072870878502726555, -0.009453675709664822, -1.0]",1,985442ec7dc55b1280f32124a7ad33adea9715f8927756d086c12a013b5d6bb4,False,Place the green cube in the yellow receptacle.,0.0,0.8207844891595659,diffusion,fusion_prior,1,0.28423561761461,0.2842668761083581,14.233549998607486,14.948529998218872,6.4435000022058375,7.328525002958486,False,300102,False,False,12.0,False,240,False,False,20.66125000055763,21.73357500541897,2,False,5.660861100004695,False,True,True
4008f4f06767681375d2c09cd0916e7bda219ce7f252c6cb524d45025f6f9f45,False,0,nominal,False,selection_no_approach,"[0.7888781428337097, 0.6822474598884583, -0.7975133657455444, 0.0022805046755820513, 0.0042351544834673405, -0.0037776825483888388, -1.0]",1,4c0161d3dcc5f3810d289f3eb26844d4ef94150723eda25c686519b2c01a07e9,False,Place the green cube in the yellow receptacle.,0.0,0.8207844891595659,diffusion,fusion_prior,1,0.2749088196657144,0.27494113853994656,14.269399998738663,15.784164997239714,5.877000003238209,6.894105005267193,False,300103,False,False,12.0,False,240,False,False,20.287850002205232,21.552724996217876,2,False,5.58730099999957,False,False,False
4008f4f06767681375d2c09cd0916e7bda219ce7f252c6cb524d45025f6f9f45,False,0,nominal,False,success,"[0.7829493284225464, 0.7676104307174683, -0.8203041553497314, 0.0018790022004395723, 0.004160879645496607, -0.0029089809395372868, -1.0]",1,01cff4377f131a668e171d2af0327d5f1516d6345cb3445f79c5d46ce8e725cf,True,Place the green cube in the yellow receptacle.,0.9999999999998899,0.9909206708317029,diffusion,fusion_prior,1,0.023085583869000798,0.023393728652817896,14.248399995267391,15.286760000890354,6.57169999612961,7.374290001462214,True,300104,True,True,6.65,True,133,True,True,20.80759999807924,21.89463999529835,2,True,3.200456100006704,False,False,False
4008f4f06767681375d2c09cd0916e7bda219ce7f252c6cb524d45025f6f9f45,False,0,nominal,False,grasp,"[0.7140296697616577, -0.5608000159263611, -0.9232676029205322, 0.005557740107178688, 0.00805202592164278, -0.006093604490160942, -1.0]",1,cad2366d94149cf24367c27a2aa80c2281e227e689fa60a470edf661452c5d53,False,Place the green cube in the yellow receptacle.,0.0,0.8207844891595659,diffusion,fusion_prior,1,0.2633875625704971,0.2634212949791139,14.314250001916662,15.412704999107518,6.082349998905556,7.040520004738937,False,300105,False,False,12.0,False,240,False,True,20.42539999820292,21.565724999891245,2,False,5.643830300003174,False,False,False
4008f4f06767681375d2c09cd0916e7bda219ce7f252c6cb524d45025f6f9f45,False,0,nominal,False,selection,"[0.7722132802009583, -0.8674009442329407, -0.7989212274551392, 0.007015779614448547, 0.0072603411972522736, -0.009542107582092285, -1.0]",1,1abdbdd00d4162f1c3a7d1ea2c854c3a391b8f846de81f14dda6364117a60f5c,False,Place the green cube in the yellow receptacle.,0.0,0.8207844891595659,diffusion,fusion_prior,1,0.332300098394547,0.33232683599834584,14.120249998086365,15.278075000969691,6.471600001532352,7.400464995953371,False,300106,False,False,12.0,False,240,False,False,20.534700004645856,21.92110999749275,2,False,5.6630956000008155,False,True,True
4008f4f06767681375d2c09cd0916e7bda219ce7f252c6cb524d45025f6f9f45,False,0,nominal,False,success,"[0.7709181904792786, 0.791235625743866, -0.8077265024185181, 0.0016935293097048998, 0.004180382937192917, -0.002697547897696495, -1.0]",1,359bc09a3dd6e44ed38b15351eedd65e74bbf127484da11213c0080cf15dd2d6,True,Place the green cube in the yellow receptacle.,0.9999999999998899,0.9896357141867921,diffusion,fusion_prior,1,0.03295071573422445,0.03316733369561489,14.070600002014544,17.2411200022907,6.561900001543108,7.266380000510252,True,300107,True,True,7.25,True,145,True,True,20.539300006930716,23.947260000568345,2,True,3.513883799998439,False,False,False
4008f4f06767681375d2c09cd0916e7bda219ce7f252c6cb524d45025f6f9f45,False,0,nominal,False,success,"[0.7759078145027161, 0.7171815037727356, -0.8116574287414551, 0.0020791373681277037, 0.004282285459339619, -0.0031745233573019505, -1.0]",1,bda3dd6585256e697beb054671f8013d095d45789184fff239c1f765bf4d52f1,True,Place the green cube in the yellow receptacle.,0.9999999999998899,0.9901322736948653,diffusion,fusion_prior,1,0.032208490292024126,0.03243006634244826,14.135649998934241,14.765984997939086,6.525350003357744,7.125085001462139,True,300108,True,True,7.0,True,140,True,True,20.503050003753742,21.649580003941082,2,True,3.322949300003529,False,False,False
4008f4f06767681375d2c09cd0916e7bda219ce7f252c6cb524d45025f6f9f45,False,0,nominal,False,grasp,"[0.7720742225646973, 0.6797324419021606, -0.829071044921875, 0.0024841364938765764, 0.003896224545314908, -0.003762461943551898, -1.0]",1,f5aa83d455a66c6b5b7be937b341561d924155a8608bb336b763791d99c4c419,False,Place the green cube in the yellow receptacle.,0.0,0.8207844891595659,diffusion,fusion_prior,1,0.15400006046029743,0.15405774616494,14.114199999312405,15.300239998396137,5.811650000396185,7.0112349963892475,False,300109,False,False,12.0,False,240,False,True,19.962550002674107,21.81383000315691,2,False,5.597122899998794,False,False,False
6d0791863077e8be268c9a4f800e41a71ab9c10f023c00ae0186348c1994c221,False,0,nominal,False,success,"[0.7782367467880249, -0.7935979962348938, -0.8133261203765869, 0.006675019860267639, 0.006291672121733427, -0.009081369265913963, -1.0]",0,714a715946b50dbf0c3d827eba2e215a3230992beb7008e805cce36a545d3ada,True,Place the red cube in the blue receptacle.,0.9999999999998899,0.9897606415013912,diffusion,fusion_no_prior,0,0.017914280155322624,0.01830966385887515,13.513299996702699,15.216164995581492,6.155149996629916,7.299304996922728,True,300100,True,True,6.2,True,124,True,True,19.81004999834113,21.352479997221963,0,True,2.6685873000024003,False,False,False
6d0791863077e8be268c9a4f800e41a71ab9c10f023c00ae0186348c1994c221,False,0,nominal,False,transport,"[0.7880004644393921, -0.7106359601020813, -0.8177285194396973, 0.006185054779052734, 0.005933276377618313, -0.009079649113118649, -1.0]",0,2271825b7030240f388fa95a2688ab1b2b647b7ef8ef7ee746af9c555e493e10,False,Place the red cube in the blue receptacle.,0.0,0.9900897350057428,diffusion,fusion_no_prior,0,0.3665898308057103,0.36660936486723594,13.601849997940008,15.127290002783411,5.909999999857973,6.938249999438995,False,300101,True,True,12.0,False,240,False,True,19.595449997723335,21.587880003426108,0,False,5.306269699998666,True,False,False
6d0791863077e8be268c9a4f800e41a71ab9c10f023c00ae0186348c1994c221,False,0,nominal,False,transport,"[0.7556362748146057, -0.878653883934021, -0.8055101633071899, 0.007169011980295181, 0.006585679017007351, -0.008949967101216316, -1.0]",0,985442ec7dc55b1280f32124a7ad33adea9715f8927756d086c12a013b5d6bb4,False,Place the red cube in the blue receptacle.,0.0,0.9930509029932767,diffusion,fusion_no_prior,0,0.3631903268293467,0.36321004372209553,13.61795000048005,14.74189000473416,5.848249995324295,7.34618499991484,False,300102,True,True,12.0,False,240,False,True,19.591049996961374,21.075414993902086,0,False,5.45418499999505,True,False,False
6d0791863077e8be268c9a4f800e41a71ab9c10f023c00ae0186348c1994c221,False,0,nominal,False,selection_no_approach,"[0.7856891751289368, -0.7359983921051025, -0.7853742837905884, 0.00619339756667614, 0.006321195513010025, -0.009123312309384346, -1.0]",0,4c0161d3dcc5f3810d289f3eb26844d4ef94150723eda25c686519b2c01a07e9,False,Place the red cube in the blue receptacle.,0.0,0.8207844891595659,diffusion,fusion_no_prior,0,0.3095575738836816,0.3095862756654384,13.519399999495363,14.54416999949899,5.494800003361888,6.714989999090903,False,300103,False,False,12.0,False,240,False,False,19.064799998886883,20.744985005876515,0,False,5.404999799997313,False,False,False
6d0791863077e8be268c9a4f800e41a71ab9c10f023c00ae0186348c1994c221,False,0,nominal,False,grasp,"[0.7539424896240234, -0.8731202483177185, -0.8044670820236206, 0.007082132622599602, 0.006720626261085272, -0.008911671116948128, -1.0]",0,01cff4377f131a668e171d2af0327d5f1516d6345cb3445f79c5d46ce8e725cf,False,Place the red cube in the blue receptacle.,0.0,0.8207844891595659,diffusion,fusion_no_prior,0,0.28980146954069397,0.28983212775603673,13.79224999982398,14.786914999058354,5.554299998038914,6.956520000676391,False,300104,False,False,12.0,False,240,False,True,19.51385000211303,21.010670004034182,0,False,5.413365899999917,False,False,False
6d0791863077e8be268c9a4f800e41a71ab9c10f023c00ae0186348c1994c221,False,0,nominal,False,selection,"[0.7611151933670044, -0.8531423211097717, -0.7945696115493774, 0.006928177550435066, 0.006654783617705107, -0.009003253653645515, -1.0]",0,cad2366d94149cf24367c27a2aa80c2281e227e689fa60a470edf661452c5d53,False,Place the red cube in the blue receptacle.,0.0,0.8207844891595659,diffusion,fusion_no_prior,0,0.27997043102394353,0.2800021656690864,13.991699997859541,15.971565002473653,6.078549999074312,7.323300003554323,False,300105,False,False,12.0,False,240,False,False,20.198349997372134,22.388760001922492,0,False,5.62870870000188,False,True,True
6d0791863077e8be268c9a4f800e41a71ab9c10f023c00ae0186348c1994c221,False,0,nominal,False,success,"[0.7537356019020081, -0.871547281742096, -0.8055499792098999, 0.007102935574948788, 0.0065611787140369415, -0.008907575160264969, -1.0]",0,1abdbdd00d4162f1c3a7d1ea2c854c3a391b8f846de81f14dda6364117a60f5c,True,Place the red cube in the blue receptacle.,0.9999999999998899,0.9884224475350767,diffusion,fusion_no_prior,0,0.014079375410266189,0.014579134722788923,13.915949999500299,15.65878500405233,6.316999999398831,7.469074996697597,True,300106,True,True,6.35,True,127,True,True,20.24925000296207,22.525109994967348,0,True,3.0946575999987544,False,False,False
6d0791863077e8be268c9a4f800e41a71ab9c10f023c00ae0186348c1994c221,False,0,nominal,False,transport,"[0.7513697147369385, -0.8843762278556824, -0.8018512725830078, 0.007174480706453323, 0.006728670559823513, -0.008900243788957596, -1.0]",0,359bc09a3dd6e44ed38b15351eedd65e74bbf127484da11213c0080cf15dd2d6,False,Place the red cube in the blue receptacle.,0.0,0.9856144286441119,diffusion,fusion_no_prior,0,0.36037494096204437,0.3603948118821855,13.512000001355773,14.793020004435675,5.765750000136904,6.898275000276044,False,300107,True,True,12.0,False,240,False,True,19.520750000083353,21.07783999745152,0,False,5.478684199995769,True,False,False
6d0791863077e8be268c9a4f800e41a71ab9c10f023c00ae0186348c1994c221,False,0,nominal,False,selection_no_approach,"[0.7622097134590149, 0.7818315625190735, -0.7901053428649902, 0.0013542361557483673, 0.0051633212715387344, -0.002413730835542083, -1.0]",0,bda3dd6585256e697beb054671f8013d095d45789184fff239c1f765bf4d52f1,False,Place the red cube in the blue receptacle.,0.0,0.8207844891595659,diffusion,fusion_no_prior,0,0.3292577314251245,0.3292847160663021,13.64244999786024,14.724899997600005,5.443550002382835,6.749694996688049,False,300108,False,False,12.0,False,240,False,False,19.217099998058984,20.62813000047754,0,False,5.45143160000589,False,False,False
6d0791863077e8be268c9a4f800e41a71ab9c10f023c00ae0186348c1994c221,False,0,nominal,False,selection,"[0.7652871012687683, 0.7900124192237854, -0.8054678440093994, 0.0013871700502932072, 0.005104872863739729, -0.0024119254667311907, -1.0]",0,f5aa83d455a66c6b5b7be937b341561d924155a8608bb336b763791d99c4c419,False,Place the red cube in the blue receptacle.,0.0,0.8207844891595659,diffusion,fusion_no_prior,0,0.17387991343304146,0.1739310059395041,13.483649996487657,14.687060001961072,5.968549998215167,7.0606850011245115,False,300109,False,False,12.0,False,240,False,False,19.69410000310745,21.12929500253813,0,False,5.567569899998489,False,True,True
6d0791863077e8be268c9a4f800e41a71ab9c10f023c00ae0186348c1994c221,False,0,nominal,False,transport,"[0.7926127314567566, -0.7071985006332397, -0.8159540891647339, 0.006145069375634193, 0.006011731922626495, -0.009085319936275482, -1.0]",1,714a715946b50dbf0c3d827eba2e215a3230992beb7008e805cce36a545d3ada,False,Place the red cube in the yellow receptacle.,0.0,0.9889404167450577,diffusion,fusion_no_prior,0,0.36371641226723944,0.36373610064269307,14.052649999939604,15.61170000459242,6.336200000077952,7.463204999658046,False,300100,True,True,12.0,False,240,False,True,20.414750008058036,22.348929998406675,0,False,5.307242700000643,True,False,False
6d0791863077e8be268c9a4f800e41a71ab9c10f023c00ae0186348c1994c221,False,0,nominal,False,selection_no_approach,"[0.7685991525650024, 0.7252213358879089, -0.8380032777786255, 0.001705454895272851, 0.005275405012071133, -0.002763237338513136, -1.0]",1,2271825b7030240f388fa95a2688ab1b2b647b7ef8ef7ee746af9c555e493e10,False,Place the red cube in the yellow receptacle.,0.0,0.8207844891595659,diffusion,fusion_no_prior,0,0.2968139754896177,0.29684390945006295,13.908099997934187,15.72242000038386,5.968699999357341,7.580979996055248,False,300101,False,False,12.0,False,240,False,False,19.858899995597312,22.986649996164484,0,False,5.613065699995786,False,False,False
6d0791863077e8be268c9a4f800e41a71ab9c10f023c00ae0186348c1994c221,False,0,nominal,False,success,"[0.7608115673065186, -0.8574550151824951, -0.8062223196029663, 0.006956950761377811, 0.006526562850922346, -0.008931521326303482, -1.0]",1,985442ec7dc55b1280f32124a7ad33adea9715f8927756d086c12a013b5d6bb4,True,Place the red cube in the yellow receptacle.,0.9999999999998899,0.9882287308321276,diffusion,fusion_no_prior,0,0.01101560596727958,0.011647571823129758,13.822299995808862,15.129019998130389,6.536500004585832,7.084600003145169,True,300102,True,True,5.7,True,114,True,True,20.122199995967094,21.915400002035312,0,True,2.656557399997837,False,False,False
6d0791863077e8be268c9a4f800e41a71ab9c10f023c00ae0186348c1994c221,False,0,nominal,False,selection_no_approach,"[0.7941451072692871, -0.388291597366333, -0.8894020318984985, 0.005411188118159771, 0.004915697034448385, -0.008372373878955841, -1.0]",1,4c0161d3dcc5f3810d289f3eb26844d4ef94150723eda25c686519b2c01a07e9,False,Place the red cube in the yellow receptacle.,0.0,0.8207844891595659,diffusion,fusion_no_prior,0,0.11851802572404875,0.11859297176971365,13.871099999960279,15.462960000149906,5.926600002567284,6.862899999396177,False,300103,False,False,12.0,False,240,False,False,19.58310000190977,21.556754995981464,0,False,5.610936199998832,False,False,False
6d0791863077e8be268c9a4f800e41a71ab9c10f023c00ae0186348c1994c221,False,0,nominal,False,grasp,"[0.7588956356048584, -0.8518187999725342, -0.8042107820510864, 0.006853718310594559, 0.006669078953564167, -0.008889359422028065, -1.0]",1,01cff4377f131a668e171d2af0327d5f1516d6345cb3445f79c5d46ce8e725cf,False,Place the red cube in the yellow receptacle.,0.0,0.820879946887232,diffusion,fusion_no_prior,0,0.16321796942056688,0.16327239838202565,13.727300000027753,15.011095001682406,5.896949998714263,7.5085649947141055,False,300104,False,False,12.0,False,240,False,True,19.818400007352466,21.41205499829084,0,False,5.501379899993481,False,False,False
6d0791863077e8be268c9a4f800e41a71ab9c10f023c00ae0186348c1994c221,False,0,nominal,False,selection,"[0.7661083340644836, -0.8303147554397583, -0.7935068607330322, 0.006708666682243347, 0.006598736625164747, -0.008986132219433784, -1.0]",1,cad2366d94149cf24367c27a2aa80c2281e227e689fa60a470edf661452c5d53,False,Place the red cube in the yellow receptacle.,0.0,0.8207844891595659,diffusion,fusion_no_prior,0,0.14881504436613882,0.148874739164647,13.934399998106528,15.855299998656848,6.405249998351792,7.119365004109568,False,300105,False,False,12.0,False,240,False,False,20.263449998310534,22.249425010522828,0,False,5.725561999999627,False,True,True
6d0791863077e8be268c9a4f800e41a71ab9c10f023c00ae0186348c1994c221,False,0,nominal,False,transport,"[0.7587012648582458, -0.8509883880615234, -0.8059936761856079, 0.006888826377689838, 0.006508842576295137, -0.008887214586138725, -1.0]",1,1abdbdd00d4162f1c3a7d1ea2c854c3a391b8f846de81f14dda6364117a60f5c,False,Place the red cube in the yellow receptacle.,0.0,0.9891779498237538,diffusion,fusion_no_prior,0,0.3698219764186346,0.369841339766641,13.901699996495154,15.368184999897492,6.475650003267219,7.0815350005432265,False,300106,True,True,12.0,False,240,False,True,20.348800004285295,21.937815004275762,0,False,5.640762099996209,True,False,False
6d0791863077e8be268c9a4f800e41a71ab9c10f023c00ae0186348c1994c221,False,0,nominal,False,success,"[0.7558818459510803, -0.8654960989952087, -0.8014699220657349, 0.006963776424527168, 0.006680816877633333, -0.008878092281520367, -1.0]",1,359bc09a3dd6e44ed38b15351eedd65e74bbf127484da11213c0080cf15dd2d6,True,Place the red cube in the yellow receptacle.,0.9999999999998899,0.9837059860574274,diffusion,fusion_no_prior,0,0.00793579845815684,0.008791999313603638,13.699499999347609,14.268589999846881,6.717999996908475,7.520910000312141,True,300107,True,True,5.5,True,110,True,True,20.382499998959247,21.029939996515168,0,True,2.604341399994155,False,False,False
6d0791863077e8be268c9a4f800e41a71ab9c10f023c00ae0186348c1994c221,False,0,nominal,False,selection,"[0.7648603320121765, 0.7894003391265869, -0.7867658138275146, 0.0012447824701666832, 0.005124825052917004, -0.0023843226954340935, -1.0]",1,bda3dd6585256e697beb054671f8013d095d45789184fff239c1f765bf4d52f1,False,Place the red cube in the yellow receptacle.,0.0,0.8207844891595659,diffusion,fusion_no_prior,0,0.19742337499337909,0.19746837601353337,13.624350001919083,14.832845002092654,6.271900001593167,7.0578349972493015,False,300108,False,False,12.0,False,240,False,False,19.850149998092093,21.380870003486052,0,False,5.5339139999996405,False,True,True
6d0791863077e8be268c9a4f800e41a71ab9c10f023c00ae0186348c1994c221,False,0,nominal,False,selection,"[0.7676950693130493, 0.7969099879264832, -0.8026556968688965, 0.0012731754686683416, 0.005071728490293026, -0.00238258158788085, -1.0]",1,f5aa83d455a66c6b5b7be937b341561d924155a8608bb336b763791d99c4c419,False,Place the red cube in the yellow receptacle.,0.0,0.8207844891595659,diffusion,fusion_no_prior,0,0.32537750786095365,0.3254048142751591,13.816149999911431,15.662789995622004,6.376750003255438,7.066574998316355,False,300109,False,False,12.0,False,240,False,False,20.0705499992182,22.026455001469003,0,False,5.666148800002702,False,True,True
6d0791863077e8be268c9a4f800e41a71ab9c10f023c00ae0186348c1994c221,False,0,nominal,False,selection,"[0.776830792427063, -0.8305224776268005, -0.8097082376480103, 0.006842886097729206, 0.006444105412811041, -0.009096868336200714, -1.0]",0,714a715946b50dbf0c3d827eba2e215a3230992beb7008e805cce36a545d3ada,False,Place the green cube in the blue receptacle.,0.0,0.8207844891595659,diffusion,fusion_no_prior,1,0.17601252545536833,0.1760629990907303,13.642400001117494,15.004184999634163,6.313199999567587,7.06560000180616,False,300100,False,False,12.0,False,240,False,False,19.902550000551855,21.448780002538115,0,False,5.2269442999968305,False,True,True
6d0791863077e8be268c9a4f800e41a71ab9c10f023c00ae0186348c1994c221,False,0,nominal,False,selection,"[0.7777905464172363, -0.8046820163726807, -0.8062833547592163, 0.006633293814957142, 0.006331006530672312, -0.009084917604923248, -1.0]",0,2271825b7030240f388fa95a2688ab1b2b647b7ef8ef7ee746af9c555e493e10,False,Place the green cube in the blue receptacle.,0.0,0.8207844891595659,diffusion,fusion_no_prior,1,0.33893186293030053,0.33895807740936024,13.637849999213358,14.919029999509803,6.406000000424683,7.1150950014271075,False,300101,False,False,12.0,False,240,False,False,20.054349999554688,21.434000000954256,0,False,5.488962600000377,False,True,True
6d0791863077e8be268c9a4f800e41a71ab9c10f023c00ae0186348c1994c221,False,0,nominal,False,selection,"[0.7584983706474304, -0.892754316329956, -0.8022557497024536, 0.007216933183372021, 0.00666022440418601, -0.008990764617919922, -1.0]",0,985442ec7dc55b1280f32124a7ad33adea9715f8927756d086c12a013b5d6bb4,False,Place the green cube in the blue receptacle.,0.0,0.8207844891595659,diffusion,fusion_no_prior,1,0.20387892720597295,0.20392250363877018,13.58904999869992,14.875235002546106,6.435150000470458,7.121774999177433,False,300102,False,False,12.0,False,240,False,False,19.99394999802462,21.548580006856355,0,False,5.646890500000154,False,True,True
6d0791863077e8be268c9a4f800e41a71ab9c10f023c00ae0186348c1994c221,False,0,nominal,False,success,"[0.7819716930389404, -0.7935846447944641, -0.7835991382598877, 0.006472643464803696, 0.00655162800103426, -0.009144891984760761, -1.0]",0,4c0161d3dcc5f3810d289f3eb26844d4ef94150723eda25c686519b2c01a07e9,True,Place the green cube in the blue receptacle.,0.9999999999998899,0.9910677604047963,diffusion,fusion_no_prior,1,0.011688446286453914,0.01228585091529661,13.686450001841877,14.576000003216905,6.637799997406546,7.0324249973054975,True,300103,True,True,5.6,True,112,True,True,20.197849997202866,20.917100004226086,0,True,2.6079403000039747,False,False,False
6d0791863077e8be268c9a4f800e41a71ab9c10f023c00ae0186348c1994c221,False,0,nominal,False,selection_no_approach,"[0.7571105360984802, -0.8878971934318542, -0.8022406101226807, 0.0071334075182676315, 0.006778945215046406, -0.008954837918281555, -1.0]",0,01cff4377f131a668e171d2af0327d5f1516d6345cb3445f79c5d46ce8e725cf,False,Place the green cube in the blue receptacle.,0.0,0.8207844891595659,diffusion,fusion_no_prior,1,0.1606859621757187,0.16074124850822305,13.840300001902506,15.416105004624114,5.986000000120839,7.170839998434531,False,300104,False,False,12.0,False,240,False,False,19.895449997420656,21.470504994431394,0,False,5.580898399995931,False,False,False
6d0791863077e8be268c9a4f800e41a71ab9c10f023c00ae0186348c1994c221,False,0,nominal,False,success,"[0.763943076133728, -0.8700019717216492, -0.7909880876541138, 0.0069874972105026245, 0.006749247666448355, -0.009048699401319027, -1.0]",0,cad2366d94149cf24367c27a2aa80c2281e227e689fa60a470edf661452c5d53,True,Place the green cube in the blue receptacle.,0.9999999999998899,0.976230240240529,diffusion,fusion_no_prior,1,0.009608513825457837,0.01032694980764946,13.490149998688139,14.673019999827375,6.57475000116392,7.11732999952801,True,300105,True,True,5.75,True,115,True,True,20.003250003355788,21.24656499545381,0,True,2.700641199997335,False,False,False
6d0791863077e8be268c9a4f800e41a71ab9c10f023c00ae0186348c1994c221,False,0,nominal,False,selection,"[0.756798505783081, -0.8858839869499207, -0.8026100397109985, 0.007154430262744427, 0.0066275447607040405, -0.008952554315328598, -1.0]",0,1abdbdd00d4162f1c3a7d1ea2c854c3a391b8f846de81f14dda6364117a60f5c,False,Place the green cube in the blue receptacle.,0.0,0.8207844891595659,diffusion,fusion_no_prior,1,0.2060192867956355,0.2060624106027786,13.65425000039977,15.30053000569751,6.427700001950143,7.205285004965845,False,300106,False,False,12.0,False,240,False,False,20.119550001254538,21.658250007749302,0,False,5.667813899999601,False,True,True
6d0791863077e8be268c9a4f800e41a71ab9c10f023c00ae0186348c1994c221,False,0,nominal,False,selection,"[0.7545834183692932, -0.8969680070877075, -0.7996025085449219, 0.007215304300189018, 0.006783710326999426, -0.00894166436046362, -1.0]",0,359bc09a3dd6e44ed38b15351eedd65e74bbf127484da11213c0080cf15dd2d6,False,Place the green cube in the blue receptacle.,0.0,0.8207844891595659,diffusion,fusion_no_prior,1,0.15188463661369708,0.15194312544804595,13.755749998381361,15.159525005947215,6.42745000004652,7.073834995026118,False,300107,False,False,12.0,False,240,False,False,20.182200001727324,22.018344999014516,0,False,5.64787040000374,False,True,True
6d0791863077e8be268c9a4f800e41a71ab9c10f023c00ae0186348c1994c221,False,0,nominal,False,grasp,"[0.7651878595352173, 0.7774612903594971, -0.7858185768127441, 0.0013351982925087214, 0.005251044407486916, -0.0024555230047553778, -1.0]",0,bda3dd6585256e697beb054671f8013d095d45789184fff239c1f765bf4d52f1,False,Place the green cube in the blue receptacle.,0.0,0.8207844891595659,diffusion,fusion_no_prior,1,0.1624813505613359,0.1625360261969067,13.81914999728906,14.768529997309088,5.849000001035165,6.953589994736831,False,300108,False,False,12.0,False,240,False,True,19.77370000531664,21.276045001650346,0,False,5.53194749999966,False,False,False
6d0791863077e8be268c9a4f800e41a71ab9c10f023c00ae0186348c1994c221,False,0,nominal,False,grasp,"[0.768901526927948, 0.7856848239898682, -0.8021390438079834, 0.0013667596504092216, 0.005185544956475496, -0.002456999383866787, -1.0]",0,f5aa83d455a66c6b5b7be937b341561d924155a8608bb336b763791d99c4c419,False,Place the green cube in the blue receptacle.,0.0,0.8207844891595659,diffusion,fusion_no_prior,1,0.29756004211771936,0.2975899010328555,13.850600000296254,15.616970000701258,5.9115999974892475,6.98241500176664,False,300109,False,False,12.0,False,240,False,True,19.792800001596333,21.885024997391156,0,False,5.595003999995242,False,False,False
6d0791863077e8be268c9a4f800e41a71ab9c10f023c00ae0186348c1994c221,False,0,nominal,False,selection,"[0.7890483140945435, -0.7726905345916748, -0.8087352514266968, 0.00642896443605423, 0.006275355350226164, -0.009131466038525105, -1.0]",1,714a715946b50dbf0c3d827eba2e215a3230992beb7008e805cce36a545d3ada,False,Place the green cube in the yellow receptacle.,0.0,0.8207844891595659,diffusion,fusion_no_prior,1,0.29227067245106036,0.29230107168233377,14.388000003236812,15.983770001548693,6.4372500019089784,7.4988999993365715,False,300100,False,False,12.0,False,240,False,False,20.905700002913363,22.587365001163562,0,False,5.375957500000368,False,True,True
6d0791863077e8be268c9a4f800e41a71ab9c10f023c00ae0186348c1994c221,False,0,nominal,False,selection,"[0.8043114542961121, -0.6017922163009644, -0.8357081413269043, 0.005653055384755135, 0.005552967544645071, -0.009006913751363754, -1.0]",1,2271825b7030240f388fa95a2688ab1b2b647b7ef8ef7ee746af9c555e493e10,False,Place the green cube in the yellow receptacle.,0.0,0.8207844891595659,diffusion,fusion_no_prior,1,0.19448856861409552,0.19453424853533005,14.268300001276657,15.541230001326767,6.45164999878034,7.296864996533259,False,300101,False,False,12.0,False,240,False,False,20.65530000254512,22.314729993377114,0,False,5.6037117000014405,False,True,True
6d0791863077e8be268c9a4f800e41a71ab9c10f023c00ae0186348c1994c221,False,0,nominal,False,selection,"[0.7648094296455383, -0.8712973594665527, -0.8019593954086304, 0.006998812779784203, 0.006607444025576115, -0.008995410054922104, -1.0]",1,985442ec7dc55b1280f32124a7ad33adea9715f8927756d086c12a013b5d6bb4,False,Place the green cube in the yellow receptacle.,0.0,0.8207844891595659,diffusion,fusion_no_prior,1,0.28423561761461,0.2842668761083581,14.149149999866495,15.152909999233088,6.34379999974044,7.259804995555896,False,300102,False,False,12.0,False,240,False,False,20.510449998255353,21.559309996519005,0,False,5.647027999999409,False,True,True
6d0791863077e8be268c9a4f800e41a71ab9c10f023c00ae0186348c1994c221,False,0,nominal,False,transport,"[0.7965473532676697, -0.6930809617042542, -0.7786799669265747, 0.00586338248103857, 0.006243728566914797, -0.009144512936472893, -1.0]",1,4c0161d3dcc5f3810d289f3eb26844d4ef94150723eda25c686519b2c01a07e9,False,Place the green cube in the yellow receptacle.,0.0,0.9875007460372326,diffusion,fusion_no_prior,1,0.35080427110764467,0.35082468411667495,14.209149998350767,15.204245003405958,6.401949998689815,7.2747100006381515,False,300103,True,True,12.0,False,240,False,True,20.752549997268943,21.73662500390492,0,False,5.6796982000014395,True,False,False
6d0791863077e8be268c9a4f800e41a71ab9c10f023c00ae0186348c1994c221,False,0,nominal,False,selection_no_approach,"[0.7633424997329712, -0.8660249710083008, -0.800429105758667, 0.006900760345160961, 0.006734780501574278, -0.00895870104432106, -1.0]",1,01cff4377f131a668e171d2af0327d5f1516d6345cb3445f79c5d46ce8e725cf,False,Place the green cube in the yellow receptacle.,0.0,0.8207844891595659,diffusion,fusion_no_prior,1,0.324123079555671,0.32415049164284426,14.216499999747612,16.057560002445822,5.797150002763374,6.912844996986678,False,300104,False,False,12.0,False,240,False,False,20.144099995377474,22.13938499626238,0,False,5.538374099996872,False,False,False
6d0791863077e8be268c9a4f800e41a71ab9c10f023c00ae0186348c1994c221,False,0,nominal,False,transport,"[0.7697036862373352, -0.8469449877738953, -0.7895126342773438, 0.00676366314291954, 0.0066892169415950775, -0.009047232568264008, -1.0]",1,cad2366d94149cf24367c27a2aa80c2281e227e689fa60a470edf661452c5d53,False,Place the green cube in the yellow receptacle.,0.0,0.9815523934554595,diffusion,fusion_no_prior,1,0.34098316351561503,0.34100416443104553,14.335099996969802,15.651799999250215,6.295649996900465,7.077539999227156,False,300105,True,True,12.0,False,240,False,True,20.59449999796925,21.957974997349083,0,False,5.771644099993864,True,False,False
6d0791863077e8be268c9a4f800e41a71ab9c10f023c00ae0186348c1994c221,False,0,nominal,False,selection,"[0.7630707025527954, -0.8645620942115784, -0.8018885850906372, 0.006931574083864689, 0.006581226363778114, -0.008956687524914742, -1.0]",1,1abdbdd00d4162f1c3a7d1ea2c854c3a391b8f846de81f14dda6364117a60f5c,False,Place the green cube in the yellow receptacle.,0.0,0.8207844891595659,diffusion,fusion_no_prior,1,0.332300098394547,0.33232683599834584,14.098050000029616,15.612350000810693,6.32555000265711,7.077160003245807,False,300106,False,False,12.0,False,240,False,False,20.434450001630466,22.108279998064972,0,False,5.749368700002378,False,True,True
6d0791863077e8be268c9a4f800e41a71ab9c10f023c00ae0186348c1994c221,False,0,nominal,False,selection,"[0.7603546977043152, -0.8776165843009949, -0.7977633476257324, 0.007002974860370159, 0.006743851583451033, -0.008945250883698463, -1.0]",1,359bc09a3dd6e44ed38b15351eedd65e74bbf127484da11213c0080cf15dd2d6,False,Place the green cube in the yellow receptacle.,0.0,0.8207844891595659,diffusion,fusion_no_prior,1,0.28714404388105996,0.2871749857978823,13.738049998210045,15.4802999983076,6.381200004398124,7.1389150001778034,False,300107,False,False,12.0,False,240,False,False,20.048300004418707,21.36854000054882,0,False,5.636668699997244,False,True,True
6d0791863077e8be268c9a4f800e41a71ab9c10f023c00ae0186348c1994c221,False,0,nominal,False,grasp,"[0.7691296339035034, 0.7827736735343933, -0.7840324640274048, 0.0012404525186866522, 0.005230816081166267, -0.002450636588037014, -1.0]",1,bda3dd6585256e697beb054671f8013d095d45789184fff239c1f765bf4d52f1,False,Place the green cube in the yellow receptacle.,0.0,0.8207844891595659,diffusion,fusion_no_prior,1,0.27544150402214507,0.27547376040128974,14.222800000425195,15.165525001430069,5.710249999538064,7.051355002477067,False,300108,False,False,12.0,False,240,False,True,19.968449993029935,21.784324997497606,0,False,5.6521355000004405,False,False,False
6d0791863077e8be268c9a4f800e41a71ab9c10f023c00ae0186348c1994c221,False,0,nominal,False,transport,"[0.772578775882721, 0.7902355790138245, -0.8007690906524658, 0.0012676375918090343, 0.005170236341655254, -0.002453054767102003, -1.0]",1,f5aa83d455a66c6b5b7be937b341561d924155a8608bb336b763791d99c4c419,False,Place the green cube in the yellow receptacle.,0.0,0.9905014354742167,diffusion,fusion_no_prior,1,0.36119709717059945,0.3612169228630718,14.009499995154329,16.24252999536111,6.439299999328796,7.205070001145941,False,300109,True,True,12.0,False,240,False,True,20.53209999576211,22.276504997353186,0,False,5.69369700000243,True,False,False
6f9a2913deefcb26120b4b5dd79415317c5ad2ff4c7034a8d8dc174aebdb9874,False,0,nominal,False,success,"[0.7847733497619629, -0.7879100441932678, -0.8372281789779663, 0.007277205586433411, 0.0065780202858150005, -0.009125353768467903, -1.0]",0,714a715946b50dbf0c3d827eba2e215a3230992beb7008e805cce36a545d3ada,True,Place the red cube in the blue receptacle.,0.9999999999998899,0.9979118637554388,diffusion,fusion_no_prior,0,0.026434219198076658,0.02670375062920339,14.172600000165403,15.317760001926217,6.127099994046148,7.349590000376336,True,300100,True,True,6.7,True,134,True,True,20.323600008850917,21.72945999991498,1,True,2.978837599999679,False,False,False
6f9a2913deefcb26120b4b5dd79415317c5ad2ff4c7034a8d8dc174aebdb9874,False,0,nominal,False,selection_no_approach,"[0.7802826762199402, 0.7610567808151245, -0.8086782693862915, 0.001621180446818471, 0.004633866250514984, -0.003100442234426737, -1.0]",0,2271825b7030240f388fa95a2688ab1b2b647b7ef8ef7ee746af9c555e493e10,False,Place the red cube in the blue receptacle.,0.0,0.8207844891595659,diffusion,fusion_no_prior,0,0.16903484953589015,0.1690874060634524,14.283299999078736,15.563969999857363,5.440549997729249,6.624839999494725,False,300101,False,False,12.0,False,240,False,False,19.668999997520586,21.40793000071426,1,False,5.385519399998884,False,False,False
6f9a2913deefcb26120b4b5dd79415317c5ad2ff4c7034a8d8dc174aebdb9874,False,0,nominal,False,selection_no_approach,"[0.7675407528877258, 0.7553127408027649, -0.8207039833068848, 0.0016549096908420324, 0.0045324331149458885, -0.003053040476515889, -1.0]",0,985442ec7dc55b1280f32124a7ad33adea9715f8927756d086c12a013b5d6bb4,False,Place the red cube in the blue receptacle.,0.0,0.8207844891595659,diffusion,fusion_no_prior,0,0.306464566855707,0.3064935582841863,14.24724999742466,15.39776000281563,5.340400002751267,6.963204999919981,False,300102,False,False,12.0,False,240,False,False,19.832649999443674,21.542720003344584,1,False,5.497466200002236,False,False,False
6f9a2913deefcb26120b4b5dd79415317c5ad2ff4c7034a8d8dc174aebdb9874,False,0,nominal,False,selection_no_approach,"[0.7911125421524048, -0.7585164308547974, -0.8284845352172852, 0.007423591800034046, 0.00655791163444519, -0.009043911471962929, -1.0]",0,4c0161d3dcc5f3810d289f3eb26844d4ef94150723eda25c686519b2c01a07e9,False,Place the red cube in the blue receptacle.,0.0,0.8207844891595659,diffusion,fusion_no_prior,0,0.3095575738836816,0.3095862756654384,14.19220000389032,15.068164997137501,5.276499996398343,6.795009995403234,False,300103,False,False,12.0,False,240,False,False,19.543800000974443,21.14763499557739,1,False,5.497178199999325,False,False,False
6f9a2913deefcb26120b4b5dd79415317c5ad2ff4c7034a8d8dc174aebdb9874,False,0,nominal,False,grasp,"[0.784275472164154, -0.7980033159255981, -0.847227931022644, 0.00738594401627779, 0.00654725544154644, -0.009192854166030884, -1.0]",0,01cff4377f131a668e171d2af0327d5f1516d6345cb3445f79c5d46ce8e725cf,False,Place the red cube in the blue receptacle.,0.0,0.8240247294677528,diffusion,fusion_no_prior,0,0.2799242724493439,0.27995601232683026,14.121849995717639,15.018610001061461,5.317650000506546,6.82516999731888,False,300104,True,False,12.0,False,240,False,True,19.51454999652924,21.3036449989886,1,False,5.452928699996846,False,False,False
6f9a2913deefcb26120b4b5dd79415317c5ad2ff4c7034a8d8dc174aebdb9874,False,0,nominal,False,selection_no_approach,"[0.7887749075889587, -0.7496029138565063, -0.8415279388427734, 0.007450904697179794, 0.006462759803980589, -0.008992978371679783, -1.0]",0,cad2366d94149cf24367c27a2aa80c2281e227e689fa60a470edf661452c5d53,False,Place the red cube in the blue receptacle.,0.0,0.8207844891595659,diffusion,fusion_no_prior,0,0.27997043102394353,0.2800021656690864,14.220049997675233,15.13165000033041,5.53819999913685,6.675844998608227,False,300105,False,False,12.0,False,240,False,False,19.74770000015269,21.074659995065304,1,False,5.502850199998647,False,False,False
6f9a2913deefcb26120b4b5dd79415317c5ad2ff4c7034a8d8dc174aebdb9874,False,0,nominal,False,success,"[0.7854397892951965, -0.8251006007194519, -0.8307434320449829, 0.007188889198005199, 0.006646414287388325, -0.009264558553695679, -1.0]",0,1abdbdd00d4162f1c3a7d1ea2c854c3a391b8f846de81f14dda6364117a60f5c,True,Place the red cube in the blue receptacle.,0.9999999999998899,0.9938577884470456,diffusion,fusion_no_prior,0,0.03581012272743603,0.03600954381181852,14.191099999152357,14.83659499863279,6.369700000504963,7.160899993687053,True,300106,True,True,6.2,True,124,True,True,20.421699999133125,21.55315499694552,1,True,2.933351199993922,False,False,False
6f9a2913deefcb26120b4b5dd79415317c5ad2ff4c7034a8d8dc174aebdb9874,False,0,nominal,False,success,"[0.7883336544036865, -0.7810476422309875, -0.8384146690368652, 0.00732801016420126, 0.006565535441040993, -0.009116563946008682, -1.0]",0,359bc09a3dd6e44ed38b15351eedd65e74bbf127484da11213c0080cf15dd2d6,True,Place the red cube in the blue receptacle.,0.9999999999998899,0.993833422454094,diffusion,fusion_no_prior,0,0.021733563795456875,0.022060601772894838,14.157099998556077,15.045780000946252,6.170399996335618,7.140469997830223,True,300107,True,True,6.25,True,125,True,True,20.364299998618662,21.425480004836572,1,True,2.948363099996641,False,False,False
6f9a2913deefcb26120b4b5dd79415317c5ad2ff4c7034a8d8dc174aebdb9874,False,0,nominal,False,selection_no_approach,"[0.7837134599685669, 0.6780036687850952, -0.8491183519363403, 0.0023324398789554834, 0.0042647444643080235, -0.003894429188221693, -1.0]",0,bda3dd6585256e697beb054671f8013d095d45789184fff239c1f765bf4d52f1,False,Place the red cube in the blue receptacle.,0.0,0.8207844891595659,diffusion,fusion_no_prior,0,0.3292577314251245,0.3292847160663021,14.472949998889817,15.609044997108867,5.451700002595317,6.832685001427308,False,300108,False,False,12.0,False,240,False,False,19.947799995861715,21.61994000271079,1,False,5.596186599999783,False,False,False
6f9a2913deefcb26120b4b5dd79415317c5ad2ff4c7034a8d8dc174aebdb9874,False,0,nominal,False,grasp,"[0.7849257588386536, -0.736618161201477, -0.8449652194976807, 0.007508441805839539, 0.006485417950898409, -0.008924763649702072, -1.0]",0,f5aa83d455a66c6b5b7be937b341561d924155a8608bb336b763791d99c4c419,False,Place the red cube in the blue receptacle.,0.0,0.8239232823043484,diffusion,fusion_no_prior,0,0.1759392830000912,0.1759897776412937,14.790050001465715,17.443424996963582,5.056649999460205,8.108905001790845,False,300109,False,False,12.0,False,240,False,True,20.20410000841366,24.93047499701788,1,False,5.790140199998859,False,False,False
6f9a2913deefcb26120b4b5dd79415317c5ad2ff4c7034a8d8dc174aebdb9874,False,0,nominal,False,success,"[0.786864697933197, -0.7775089144706726, -0.8377285003662109, 0.007249921560287476, 0.0066764322109520435, -0.009052136912941933, -1.0]",1,714a715946b50dbf0c3d827eba2e215a3230992beb7008e805cce36a545d3ada,True,Place the red cube in the yellow receptacle.,0.9999999999998899,0.9928356849896623,diffusion,fusion_no_prior,0,0.029779233556507346,0.030018745945161667,13.72830000036629,15.333040001132758,6.586700001207646,7.584780000615863,True,300100,True,True,5.5,True,110,True,True,20.13670000451384,22.03603999951156,1,True,2.43920259999868,False,False,False
6f9a2913deefcb26120b4b5dd79415317c5ad2ff4c7034a8d8dc174aebdb9874,False,0,nominal,False,selection_no_approach,"[0.7854282855987549, 0.7541993856430054, -0.8060613870620728, 0.0015578006859868765, 0.004774204920977354, -0.003217229852452874, -1.0]",1,2271825b7030240f388fa95a2688ab1b2b647b7ef8ef7ee746af9c555e493e10,False,Place the red cube in the yellow receptacle.,0.0,0.8207844891595659,diffusion,fusion_no_prior,0,0.2968139754896177,0.29684390945006295,13.604749998194166,14.732799998819246,5.25529999868013,6.889214998591342,False,300101,False,False,12.0,False,240,False,False,19.050749997404637,21.274260000427603,1,False,5.160243400001491,False,False,False
6f9a2913deefcb26120b4b5dd79415317c5ad2ff4c7034a8d8dc174aebdb9874,False,0,nominal,False,selection_no_approach,"[0.7724904417991638, 0.7434341311454773, -0.8203285932540894, 0.001643050229176879, 0.0046499245800077915, -0.0032189530320465565, -1.0]",1,985442ec7dc55b1280f32124a7ad33adea9715f8927756d086c12a013b5d6bb4,False,Place the red cube in the yellow receptacle.,0.0,0.8207844891595659,diffusion,fusion_no_prior,0,0.15107616670916255,0.15113496841955698,13.460600002872525,14.595359997838385,5.368749996705446,6.900369995491928,False,300102,False,False,12.0,False,240,False,False,18.921799994132016,20.5575800013321,1,False,5.341185499994026,False,False,False
6f9a2913deefcb26120b4b5dd79415317c5ad2ff4c7034a8d8dc174aebdb9874,False,0,nominal,False,selection_no_approach,"[0.7936842441558838, -0.7467840313911438, -0.8288513422012329, 0.007400131784379482, 0.006643938831984997, -0.008968459442257881, -1.0]",1,4c0161d3dcc5f3810d289f3eb26844d4ef94150723eda25c686519b2c01a07e9,False,Place the red cube in the yellow receptacle.,0.0,0.8207844891595659,diffusion,fusion_no_prior,0,0.11851802572404875,0.11859297176971365,13.30009999946924,14.78391499913414,5.425649997050641,6.957900003908435,False,300103,False,False,12.0,False,240,False,False,18.813849997968646,20.653769998898497,1,False,5.3961208000037,False,False,False
6f9a2913deefcb26120b4b5dd79415317c5ad2ff4c7034a8d8dc174aebdb9874,False,0,nominal,False,success,"[0.7865453362464905, -0.7879233360290527, -0.8474539518356323, 0.007357446476817131, 0.006647373549640179, -0.009121467359364033, -1.0]",1,01cff4377f131a668e171d2af0327d5f1516d6345cb3445f79c5d46ce8e725cf,True,Place the red cube in the yellow receptacle.,0.9999999999998899,0.9868198809201792,diffusion,fusion_no_prior,0,0.018369965997185052,0.018755745983485245,13.297099998453632,14.03766999937943,6.029500000295229,7.205170002998784,True,300104,True,True,5.5,True,110,True,True,19.29789999849163,20.62168000265956,1,True,2.5294161999991047,False,False,False
6f9a2913deefcb26120b4b5dd79415317c5ad2ff4c7034a8d8dc174aebdb9874,False,0,nominal,False,selection,"[0.7915818095207214, -0.7372535467147827, -0.8420718908309937, 0.007422490045428276, 0.0065587228164076805, -0.008918020874261856, -1.0]",1,cad2366d94149cf24367c27a2aa80c2281e227e689fa60a470edf661452c5d53,False,Place the red cube in the yellow receptacle.,0.0,0.8207844891595659,diffusion,fusion_no_prior,0,0.14881504436613882,0.148874739164647,13.274599998112535,13.976795001508435,6.036249997123377,7.115664999946603,False,300105,False,False,12.0,False,240,False,False,19.35225000124774,20.805399998425855,1,False,5.388146499994036,False,True,True
6f9a2913deefcb26120b4b5dd79415317c5ad2ff4c7034a8d8dc174aebdb9874,False,0,nominal,False,transport,"[0.7875562310218811, -0.8177223801612854, -0.8309262990951538, 0.007156317122280598, 0.006750098429620266, -0.009205825626850128, -1.0]",1,1abdbdd00d4162f1c3a7d1ea2c854c3a391b8f846de81f14dda6364117a60f5c,False,Place the red cube in the yellow receptacle.,0.0,0.9946183988854129,diffusion,fusion_no_prior,0,0.3746667327815324,0.37468584575799907,13.303899999300484,14.012009996076813,6.461400000262074,7.2695799983193865,False,300106,True,True,12.0,False,240,False,True,19.71945000332198,20.91974999748345,1,False,5.498335600001155,True,False,False
6f9a2913deefcb26120b4b5dd79415317c5ad2ff4c7034a8d8dc174aebdb9874,False,0,nominal,False,transport,"[0.7904266715049744, -0.7686338424682617, -0.8393909931182861, 0.007311411201953888, 0.00665921438485384, -0.009035905823111534, -1.0]",1,359bc09a3dd6e44ed38b15351eedd65e74bbf127484da11213c0080cf15dd2d6,False,Place the red cube in the yellow receptacle.,0.0,0.995492224702928,diffusion,fusion_no_prior,0,0.3580768763711042,0.35809687481167146,13.325850002729567,14.373409998734132,6.0840999976790044,7.0480999998835605,False,300107,True,True,12.0,False,240,False,True,19.53769999818178,20.667809995211428,1,False,5.43382279999787,True,False,False
6f9a2913deefcb26120b4b5dd79415317c5ad2ff4c7034a8d8dc174aebdb9874,False,0,nominal,False,selection_no_approach,"[0.7866496443748474, 0.6610433459281921, -0.8483486175537109, 0.002305519999936223, 0.0044049788266420364, -0.004081004299223423, -1.0]",1,bda3dd6585256e697beb054671f8013d095d45789184fff239c1f765bf4d52f1,False,Place the red cube in the yellow receptacle.,0.0,0.8207844891595659,diffusion,fusion_no_prior,0,0.19742337499337909,0.19746837601353337,13.281800002005184,14.250085001913249,5.250600002909778,6.746874998498242,False,300108,False,False,12.0,False,240,False,False,18.782750001264503,20.00070000285632,1,False,5.295569499998237,False,False,False
6f9a2913deefcb26120b4b5dd79415317c5ad2ff4c7034a8d8dc174aebdb9874,False,0,nominal,False,grasp,"[0.7875106930732727, -0.7234078049659729, -0.8445091247558594, 0.007476591505110264, 0.006573116406798363, -0.00884376373142004, -1.0]",1,f5aa83d455a66c6b5b7be937b341561d924155a8608bb336b763791d99c4c419,False,Place the red cube in the yellow receptacle.,0.0,0.823367574054667,diffusion,fusion_no_prior,0,0.3251660982801602,0.3251934224463782,13.45969999965746,14.532725002209189,5.043249999289401,6.767525003306218,False,300109,False,False,12.0,False,240,False,True,18.666149993805448,20.729690004736767,1,False,5.393801199999871,False,False,False
6f9a2913deefcb26120b4b5dd79415317c5ad2ff4c7034a8d8dc174aebdb9874,False,0,nominal,False,selection,"[0.7924889922142029, -0.8210599422454834, -0.8243275880813599, 0.0071272896602749825, 0.006567923817783594, -0.009320524521172047, -1.0]",0,714a715946b50dbf0c3d827eba2e215a3230992beb7008e805cce36a545d3ada,False,Place the green cube in the blue receptacle.,0.0,0.8207844891595659,diffusion,fusion_no_prior,1,0.17601252545536833,0.1760629990907303,13.658399999258108,15.565329996024955,5.9808000005432405,7.242215002770536,False,300100,False,False,12.0,False,240,False,False,19.698399999469984,22.048350001205108,1,False,5.214233200000308,False,True,True
6f9a2913deefcb26120b4b5dd79415317c5ad2ff4c7034a8d8dc174aebdb9874,False,0,nominal,False,success,"[0.7922793626785278, 0.7279881238937378, -0.8154717683792114, 0.0018325725104659796, 0.00442681647837162, -0.003447018563747406, -1.0]",0,2271825b7030240f388fa95a2688ab1b2b647b7ef8ef7ee746af9c555e493e10,True,Place the green cube in the blue receptacle.,0.9999999999998899,0.9863404433243853,diffusion,fusion_no_prior,1,0.02062567689479788,0.0209700000376904,13.623899998492561,15.078295000421349,6.001999998261454,7.110579997242894,True,300101,True,True,6.8,True,136,True,True,19.789400001172908,21.088914999199915,1,True,3.1355461000057403,False,False,False
6f9a2913deefcb26120b4b5dd79415317c5ad2ff4c7034a8d8dc174aebdb9874,False,0,nominal,False,transport,"[0.7793522477149963, 0.7258241176605225, -0.8273330926895142, 0.0018758268561214209, 0.004307892173528671, -0.003371301107108593, -1.0]",0,985442ec7dc55b1280f32124a7ad33adea9715f8927756d086c12a013b5d6bb4,False,Place the green cube in the blue receptacle.,0.0,0.9885455588432748,diffusion,fusion_no_prior,1,0.36709425319645256,0.36711376041774857,13.313200000993675,14.807270001256256,5.927399997744942,6.861885000398615,False,300102,True,True,12.0,False,240,False,True,19.344599997566547,21.47341500640323,1,False,5.4920068999999785,True,False,False
6f9a2913deefcb26120b4b5dd79415317c5ad2ff4c7034a8d8dc174aebdb9874,False,0,nominal,False,grasp,"[0.7994382381439209, -0.7967725396156311, -0.815210223197937, 0.007271348498761654, 0.006571660283952951, -0.009268788620829582, -1.0]",0,4c0161d3dcc5f3810d289f3eb26844d4ef94150723eda25c686519b2c01a07e9,False,Place the green cube in the blue receptacle.,0.0,0.8212926277618103,diffusion,fusion_no_prior,1,0.17406778473806023,0.17411882211656926,13.204999999288702,14.255274997049128,4.93425000240677,6.740344998979707,False,300103,False,False,12.0,False,240,False,True,18.363650000537746,20.200460004707566,1,False,5.313476299998001,False,False,False
6f9a2913deefcb26120b4b5dd79415317c5ad2ff4c7034a8d8dc174aebdb9874,False,0,nominal,False,selection,"[0.7922078371047974, -0.8285271525382996, -0.8338916301727295, 0.007232804782688618, 0.006532022729516029, -0.009370939806103706, -1.0]",0,01cff4377f131a668e171d2af0327d5f1516d6345cb3445f79c5d46ce8e725cf,False,Place the green cube in the blue receptacle.,0.0,0.8207844891595659,diffusion,fusion_no_prior,1,0.1606859621757187,0.16074124850822305,13.217099996836623,14.035834999231154,5.874250000488246,6.9508550037426176,False,300104,False,False,12.0,False,240,False,False,19.055649994697887,20.276264994754456,1,False,5.461530299995502,False,True,True
6f9a2913deefcb26120b4b5dd79415317c5ad2ff4c7034a8d8dc174aebdb9874,False,0,nominal,False,success,"[0.7975631356239319, -0.79217129945755, -0.8258451223373413, 0.007284851744771004, 0.0064889127388596535, -0.009235884062945843, -1.0]",0,cad2366d94149cf24367c27a2aa80c2281e227e689fa60a470edf661452c5d53,True,Place the green cube in the blue receptacle.,0.9999999999998899,0.9879044938729429,diffusion,fusion_no_prior,1,0.02702806103041583,0.027291728394847906,13.255099998787045,14.066020002792357,6.282099995587487,7.143349995021707,True,300105,True,True,5.45,True,109,True,True,19.541300003766082,20.650249996833736,1,True,2.501670699995884,False,False,False
6f9a2913deefcb26120b4b5dd79415317c5ad2ff4c7034a8d8dc174aebdb9874,False,0,nominal,False,selection,"[0.7924825549125671, -0.8512640595436096, -0.8182437419891357, 0.0070398421958088875, 0.006626708433032036, -0.009418658912181854, -1.0]",0,1abdbdd00d4162f1c3a7d1ea2c854c3a391b8f846de81f14dda6364117a60f5c,False,Place the green cube in the blue receptacle.,0.0,0.8207844891595659,diffusion,fusion_no_prior,1,0.2060192867956355,0.2060624106027786,13.15835000059451,14.084340000044904,5.827550001413329,6.979404999219695,False,300106,False,False,12.0,False,240,False,False,19.205100001272513,20.40011500721448,1,False,5.470975300006103,False,True,True
6f9a2913deefcb26120b4b5dd79415317c5ad2ff4c7034a8d8dc174aebdb9874,False,0,nominal,False,selection,"[0.7960091233253479, -0.8140387535095215, -0.8254233598709106, 0.0071776192635297775, 0.006553363054990768, -0.009309981018304825, -1.0]",0,359bc09a3dd6e44ed38b15351eedd65e74bbf127484da11213c0080cf15dd2d6,False,Place the green cube in the blue receptacle.,0.0,0.8207844891595659,diffusion,fusion_no_prior,1,0.15188463661369708,0.15194312544804595,13.208600001235027,14.311650001036469,5.920949999563163,7.0090799996251,False,300107,False,False,12.0,False,240,False,False,19.259549997514114,20.546545004981454,1,False,5.44348429999809,False,True,True
6f9a2913deefcb26120b4b5dd79415317c5ad2ff4c7034a8d8dc174aebdb9874,False,0,nominal,False,selection_no_approach,"[0.7590177059173584, 0.4005301594734192, -0.9740076065063477, 0.004144171252846718, 0.0034394750837236643, -0.005456445273011923, -1.0]",0,bda3dd6585256e697beb054671f8013d095d45789184fff239c1f765bf4d52f1,False,Place the green cube in the blue receptacle.,0.0,0.8207844891595659,diffusion,fusion_no_prior,1,0.1624813505613359,0.1625360261969067,13.200800003687618,13.795954999295645,5.277899999782676,6.660579997696914,False,300108,False,False,12.0,False,240,False,False,18.42949999627308,19.80861499796447,1,False,5.273644799999602,False,False,False
6f9a2913deefcb26120b4b5dd79415317c5ad2ff4c7034a8d8dc174aebdb9874,False,0,nominal,False,selection,"[0.7943428158760071, -0.7819713354110718, -0.8303060531616211, 0.007342725992202759, 0.006517445202916861, -0.009186068549752235, -1.0]",0,f5aa83d455a66c6b5b7be937b341561d924155a8608bb336b763791d99c4c419,False,Place the green cube in the blue receptacle.,0.0,0.8207844891595659,diffusion,fusion_no_prior,1,0.29756004211771936,0.2975899010328555,13.212750000093365,14.161430000967812,5.335699999704957,6.838184994921903,False,300109,False,False,12.0,False,240,False,False,18.635999997059116,20.428020002145786,1,False,5.412626800003636,False,True,True
6f9a2913deefcb26120b4b5dd79415317c5ad2ff4c7034a8d8dc174aebdb9874,False,0,nominal,False,selection,"[0.7952253818511963, -0.8174493908882141, -0.8218764066696167, 0.007073641754686832, 0.0066640498116612434, -0.009298436343669891, -1.0]",1,714a715946b50dbf0c3d827eba2e215a3230992beb7008e805cce36a545d3ada,False,Place the green cube in the yellow receptacle.,0.0,0.8207844891595659,diffusion,fusion_no_prior,1,0.29227067245106036,0.29230107168233377,14.33655000073486,15.592490002381965,6.521449999127071,7.387819997893529,False,300100,False,False,12.0,False,240,False,False,20.841999998083338,22.247065008923524,1,False,5.278821099993365,False,True,True
6f9a2913deefcb26120b4b5dd79415317c5ad2ff4c7034a8d8dc174aebdb9874,False,0,nominal,False,transport,"[0.7982950806617737, 0.7245878577232361, -0.810395359992981, 0.0017104370053857565, 0.004600699990987778, -0.003543769009411335, -1.0]",1,2271825b7030240f388fa95a2688ab1b2b647b7ef8ef7ee746af9c555e493e10,False,Place the green cube in the yellow receptacle.,0.0,0.985918631017766,diffusion,fusion_no_prior,1,0.36690090734554004,0.366920424846014,14.328700002806727,15.328865004266845,6.539249996421859,7.350370001950068,False,300101,True,True,12.0,False,240,False,True,20.845750001171837,21.933039999566972,1,False,5.67981200000213,True,False,False
6f9a2913deefcb26120b4b5dd79415317c5ad2ff4c7034a8d8dc174aebdb9874,False,0,nominal,False,success,"[0.7856133580207825, 0.7197844386100769, -0.8233166933059692, 0.001772883115336299, 0.004469893407076597, -0.003497951664030552, -1.0]",1,985442ec7dc55b1280f32124a7ad33adea9715f8927756d086c12a013b5d6bb4,True,Place the green cube in the yellow receptacle.,0.9999999999998899,0.9897363903210524,diffusion,fusion_no_prior,1,0.017592214169285438,0.01799467573621054,14.475949999905424,15.423679996820283,6.561800000781659,7.220170001528459,True,300102,True,True,6.15,True,123,True,True,21.038049999333452,22.33557500403549,1,True,2.959209499997087,False,False,False
6f9a2913deefcb26120b4b5dd79415317c5ad2ff4c7034a8d8dc174aebdb9874,False,0,nominal,False,success,"[0.8025984764099121, -0.7895907163619995, -0.813278079032898, 0.007235055789351463, 0.006647307891398668, -0.0092310206964612, -1.0]",1,4c0161d3dcc5f3810d289f3eb26844d4ef94150723eda25c686519b2c01a07e9,True,Place the green cube in the yellow receptacle.,0.9999999999998899,0.9928169287656129,diffusion,fusion_no_prior,1,0.028149322420057833,0.028402582728545723,14.547699996910524,15.749074998893775,6.680599999526748,8.016069999212046,True,300103,True,True,6.4,True,128,True,True,21.26739999948768,23.411370002213516,1,True,3.2154942999986815,False,False,False
6f9a2913deefcb26120b4b5dd79415317c5ad2ff4c7034a8d8dc174aebdb9874,False,0,nominal,False,selection,"[0.7951260209083557, -0.8248682022094727, -0.8311115503311157, 0.007175998762249947, 0.006629390642046928, -0.009347401559352875, -1.0]",1,01cff4377f131a668e171d2af0327d5f1516d6345cb3445f79c5d46ce8e725cf,False,Place the green cube in the yellow receptacle.,0.0,0.8207844891595659,diffusion,fusion_no_prior,1,0.324123079555671,0.32415049164284426,14.251399999920977,15.353070003766332,6.439499997213716,7.1679550001135794,False,300104,False,False,12.0,False,240,False,False,20.709999997052364,21.92912000209617,1,False,5.684925600005954,False,True,True
6f9a2913deefcb26120b4b5dd79415317c5ad2ff4c7034a8d8dc174aebdb9874,False,0,nominal,False,transport,"[0.800961971282959, -0.7850499749183655, -0.8239187002182007, 0.007238531485199928, 0.006571177393198013, -0.009202048182487488, -1.0]",1,cad2366d94149cf24367c27a2aa80c2281e227e689fa60a470edf661452c5d53,False,Place the green cube in the yellow receptacle.,0.0,0.9892039310307398,diffusion,fusion_no_prior,1,0.34050900106618537,0.34053003122381187,14.306799999758368,15.21805499396578,6.417299999156967,7.114515001740074,False,300105,True,True,12.0,False,240,False,True,20.8176500054833,22.000485000171462,1,False,5.727412899999763,True,False,False
6f9a2913deefcb26120b4b5dd79415317c5ad2ff4c7034a8d8dc174aebdb9874,False,0,nominal,False,selection,"[0.7951241731643677, -0.8485288619995117, -0.8153197765350342, 0.006976122036576271, 0.006726759485900402, -0.00939931720495224, -1.0]",1,1abdbdd00d4162f1c3a7d1ea2c854c3a391b8f846de81f14dda6364117a60f5c,False,Place the green cube in the yellow receptacle.,0.0,0.8207844891595659,diffusion,fusion_no_prior,1,0.332300098394547,0.33232683599834584,14.241200002288679,15.464540004904846,6.5170999987458345,7.247445006214548,False,300106,False,False,12.0,False,240,False,False,20.772949999809498,22.51633499909076,1,False,5.711861400006455,False,True,True
6f9a2913deefcb26120b4b5dd79415317c5ad2ff4c7034a8d8dc174aebdb9874,False,0,nominal,False,selection,"[0.7988401055335999, -0.8089566230773926, -0.823350191116333, 0.007131551392376423, 0.0066443271934986115, -0.009281745180487633, -1.0]",1,359bc09a3dd6e44ed38b15351eedd65e74bbf127484da11213c0080cf15dd2d6,False,Place the green cube in the yellow receptacle.,0.0,0.8207844891595659,diffusion,fusion_no_prior,1,0.28714404388105996,0.2871749857978823,14.391949996934272,15.69876000394288,6.56255000285455,7.193250000636908,False,300107,False,False,12.0,False,240,False,False,20.947649998561246,22.243520002666628,1,False,5.727876999997534,False,True,True
6f9a2913deefcb26120b4b5dd79415317c5ad2ff4c7034a8d8dc174aebdb9874,False,0,nominal,False,selection_no_approach,"[0.7646148204803467, 0.39516395330429077, -0.9615094661712646, 0.003907021135091782, 0.0037107174284756184, -0.005557573400437832, -1.0]",1,bda3dd6585256e697beb054671f8013d095d45789184fff239c1f765bf4d52f1,False,Place the green cube in the yellow receptacle.,0.0,0.8207844891595659,diffusion,fusion_no_prior,1,0.27544150402214507,0.27547376040128974,14.133950000541518,14.958680001655011,5.371150004066294,6.96216999895114,False,300108,False,False,12.0,False,240,False,False,19.3994000001112,21.609100000205217,1,False,5.488573100003123,False,False,False
6f9a2913deefcb26120b4b5dd79415317c5ad2ff4c7034a8d8dc174aebdb9874,False,0,nominal,False,selection_no_approach,"[0.7973594069480896, -0.7746777534484863, -0.8278852701187134, 0.007301799952983856, 0.006600455846637487, -0.00914677232503891, -1.0]",1,f5aa83d455a66c6b5b7be937b341561d924155a8608bb336b763791d99c4c419,False,Place the green cube in the yellow receptacle.,0.0,0.8207844891595659,diffusion,fusion_no_prior,1,0.15400006046029743,0.15405774616494,14.065499999560416,15.465790000234845,5.066649999207584,7.084030006444663,False,300109,False,False,12.0,False,240,False,False,19.229300003644312,21.394984996368294,1,False,5.472969000002195,False,False,False
6a91d29d06b184ee9a7be4da0ee0ab0b0cd750830e4a38c99362171cbb8578be,False,0,nominal,False,grasp,"[0.7303728461265564, 0.5873715877532959, -0.8449647426605225, 0.0017536540981382132, 0.004604560323059559, -0.0033936514519155025, -1.0]",0,714a715946b50dbf0c3d827eba2e215a3230992beb7008e805cce36a545d3ada,False,Place the red cube in the blue receptacle.,0.0,0.8207844891595659,diffusion,fusion_no_prior,0,0.28661253798428277,0.28664353727484904,14.348299999255687,17.432834997089227,6.048150000424357,7.212704998528351,False,300100,False,False,12.0,False,240,False,True,20.307799997681286,23.27025499871524,2,False,5.283673699996143,False,False,False
6a91d29d06b184ee9a7be4da0ee0ab0b0cd750830e4a38c99362171cbb8578be,False,0,nominal,False,transport,"[0.755703866481781, -0.8263679146766663, -0.7888704538345337, 0.00759309995919466, 0.0068796477280557156, -0.008990677073597908, -1.0]",0,2271825b7030240f388fa95a2688ab1b2b647b7ef8ef7ee746af9c555e493e10,False,Place the red cube in the blue receptacle.,0.0,0.9915922374848225,diffusion,fusion_no_prior,0,0.368540934014693,0.36856036466584574,13.917900003434625,14.96312999734073,6.441049998102244,7.285020000563236,False,300101,True,True,12.0,False,240,False,True,20.352649993583327,21.633560002373997,2,False,5.645539799996186,True,False,False
6a91d29d06b184ee9a7be4da0ee0ab0b0cd750830e4a38c99362171cbb8578be,False,0,nominal,False,success,"[0.7562833428382874, -0.8091996908187866, -0.7864037752151489, 0.0074187982827425, 0.006905882153660059, -0.008859923109412193, -1.0]",0,985442ec7dc55b1280f32124a7ad33adea9715f8927756d086c12a013b5d6bb4,True,Place the red cube in the blue receptacle.,0.9999999999998899,0.9891901604853485,diffusion,fusion_no_prior,0,0.015239091737246548,0.015701983089187885,14.110600001004059,14.971850001529674,6.446149996918393,7.086679996427847,True,300102,True,True,6.15,True,123,True,True,20.554900005663512,21.40666000159399,2,True,2.9116068000002997,False,False,False
6a91d29d06b184ee9a7be4da0ee0ab0b0cd750830e4a38c99362171cbb8578be,False,0,nominal,False,selection_no_approach,"[0.78073650598526, -0.7822978496551514, -0.7828062772750854, 0.007209454663097858, 0.0070355674251914024, -0.0090717151761055, -1.0]",0,4c0161d3dcc5f3810d289f3eb26844d4ef94150723eda25c686519b2c01a07e9,False,Place the red cube in the blue receptacle.,0.0,0.8207844891595659,diffusion,fusion_no_prior,0,0.3095575738836816,0.3095862756654384,14.114649999100948,16.381409999667085,6.059699997422285,6.930875005127746,False,300103,False,False,12.0,False,240,False,False,20.272000001568813,22.05920999767841,2,False,5.7065700000021025,False,False,False
6a91d29d06b184ee9a7be4da0ee0ab0b0cd750830e4a38c99362171cbb8578be,False,0,nominal,False,selection,"[0.7729859948158264, 0.7378848195075989, -0.8183085918426514, 0.0016548053827136755, 0.004176158923655748, -0.0036537619307637215, -1.0]",0,01cff4377f131a668e171d2af0327d5f1516d6345cb3445f79c5d46ce8e725cf,False,Place the red cube in the blue receptacle.,0.0,0.8207844891595659,diffusion,fusion_no_prior,0,0.28980146954069397,0.28983212775603673,14.034350002475549,16.314805003639776,6.316499999229563,7.116860003588954,False,300104,False,False,12.0,False,240,False,False,20.349949998490047,22.47958000443759,2,False,5.723809900002379,False,True,True
6a91d29d06b184ee9a7be4da0ee0ab0b0cd750830e4a38c99362171cbb8578be,False,0,nominal,False,selection_no_approach,"[0.7574878334999084, -0.6970082521438599, -0.7924785614013672, 0.0069133685901761055, 0.006842567585408688, -0.008337571285665035, -1.0]",0,cad2366d94149cf24367c27a2aa80c2281e227e689fa60a470edf661452c5d53,False,Place the red cube in the blue receptacle.,0.0,0.8207844891595659,diffusion,fusion_no_prior,0,0.27997043102394353,0.2800021656690864,14.410349998797756,16.614929994466365,6.072200001653982,7.09322500442795,False,300105,False,False,12.0,False,240,False,False,20.432949997484684,22.573619999457147,2,False,5.737426699997741,False,False,False
6a91d29d06b184ee9a7be4da0ee0ab0b0cd750830e4a38c99362171cbb8578be,False,0,nominal,False,success,"[0.7516888380050659, -0.8378158211708069, -0.7892664670944214, 0.007618330419063568, 0.006859679240733385, -0.008968494832515717, -1.0]",0,1abdbdd00d4162f1c3a7d1ea2c854c3a391b8f846de81f14dda6364117a60f5c,True,Place the red cube in the blue receptacle.,0.9999999999998899,0.9903028341875119,diffusion,fusion_no_prior,0,0.015031402144761476,0.015500497021744187,14.081749999604654,15.240720002839225,6.428700002288679,7.222280004498316,True,300106,True,True,5.95,True,119,True,True,20.543250004266156,21.864394998556236,2,True,2.8688821000032476,False,False,False
6a91d29d06b184ee9a7be4da0ee0ab0b0cd750830e4a38c99362171cbb8578be,False,0,nominal,False,selection_no_approach,"[0.7670361995697021, 0.7329396605491638, -0.8131235837936401, 0.0016480342019349337, 0.004141162149608135, -0.003573162015527487, -1.0]",0,359bc09a3dd6e44ed38b15351eedd65e74bbf127484da11213c0080cf15dd2d6,False,Place the red cube in the blue receptacle.,0.0,0.8207844891595659,diffusion,fusion_no_prior,0,0.303161680254252,0.3031909875082489,14.244950001739198,15.587619997313595,6.0395500040613115,7.022409998171497,False,300107,False,False,12.0,False,240,False,False,20.218149995343992,21.72063999569218,2,False,5.697543000002042,False,False,False
6a91d29d06b184ee9a7be4da0ee0ab0b0cd750830e4a38c99362171cbb8578be,False,0,nominal,False,grasp,"[0.7732983827590942, 0.5518668293952942, -0.8048175573348999, 0.0022666805889457464, 0.0041147866286337376, -0.0047002676874399185, -1.0]",0,bda3dd6585256e697beb054671f8013d095d45789184fff239c1f765bf4d52f1,False,Place the red cube in the blue receptacle.,0.0,0.8207844891595659,diffusion,fusion_no_prior,0,0.3292577314251245,0.3292847160663021,13.891200003854465,15.018820004115696,6.073450000258163,6.900600003064028,False,300108,False,False,12.0,False,240,False,True,19.92805000190856,21.21248499934154,2,False,5.624081699999806,False,False,False
6a91d29d06b184ee9a7be4da0ee0ab0b0cd750830e4a38c99362171cbb8578be,False,0,nominal,False,grasp,"[0.7615935802459717, -0.7882617712020874, -0.7801492214202881, 0.007405483163893223, 0.006874554790556431, -0.008869525045156479, -1.0]",0,f5aa83d455a66c6b5b7be937b341561d924155a8608bb336b763791d99c4c419,False,Place the red cube in the blue receptacle.,0.0,0.8793530014852166,diffusion,fusion_no_prior,0,0.1704164202823521,0.17046855086348653,14.12029999846709,14.914615005181986,6.01154999458231,7.101244998921175,False,300109,True,False,12.0,False,240,False,True,20.077900000615045,21.093774993642,2,False,5.590580799995223,False,False,False
6a91d29d06b184ee9a7be4da0ee0ab0b0cd750830e4a38c99362171cbb8578be,False,0,nominal,False,grasp,"[0.73130863904953, 0.6339418292045593, -0.836719274520874, 0.0015506839845329523, 0.00471538957208395, -0.00312522379681468, -1.0]",1,714a715946b50dbf0c3d827eba2e215a3230992beb7008e805cce36a545d3ada,False,Place the red cube in the yellow receptacle.,0.0,0.8207844891595659,diffusion,fusion_no_prior,0,0.158624507184093,0.15868051175567272,14.219450004020473,15.690789994550869,5.854850001924206,7.19458999519702,False,300100,False,False,12.0,False,240,False,True,20.20749999792315,21.871544999521575,2,False,5.317330699996091,False,False,False
6a91d29d06b184ee9a7be4da0ee0ab0b0cd750830e4a38c99362171cbb8578be,False,0,nominal,False,success,"[0.7598203420639038, -0.8162166476249695, -0.7870211601257324, 0.00755457766354084, 0.006898731458932161, -0.00897989608347416, -1.0]",1,2271825b7030240f388fa95a2688ab1b2b647b7ef8ef7ee746af9c555e493e10,True,Place the red cube in the yellow receptacle.,0.9999999999998899,0.9921359009146454,diffusion,fusion_no_prior,0,0.02928805542652881,0.029531551746660476,13.991700005135499,15.218000000459142,6.3450999950873666,7.183999994595069,True,300101,True,True,6.05,True,121,True,True,20.440499996766448,21.56309999554651,2,True,2.869355499999074,False,False,False
6a91d29d06b184ee9a7be4da0ee0ab0b0cd750830e4a38c99362171cbb8578be,False,0,nominal,False,transport,"[0.7592993378639221, -0.8001589775085449, -0.7840512990951538, 0.007393535226583481, 0.006936708930879831, -0.008843615651130676, -1.0]",1,985442ec7dc55b1280f32124a7ad33adea9715f8927756d086c12a013b5d6bb4,False,Place the red cube in the yellow receptacle.,0.0,0.990498398036562,diffusion,fusion_no_prior,0,0.3416887903350438,0.3417097478838208,13.8696499998332,14.732384999661008,5.9542999988480005,6.9382599995151395,False,300102,True,True,12.0,False,240,False,True,19.894450004358077,21.0551599979226,2,False,5.487627599999541,True,False,False
6a91d29d06b184ee9a7be4da0ee0ab0b0cd750830e4a38c99362171cbb8578be,False,0,nominal,False,selection_no_approach,"[0.7929044365882874, -0.7287470698356628, -0.7821531295776367, 0.0069872671738266945, 0.006887634750455618, -0.008985251188278198, -1.0]",1,4c0161d3dcc5f3810d289f3eb26844d4ef94150723eda25c686519b2c01a07e9,False,Place the red cube in the yellow receptacle.,0.0,0.8207844891595659,diffusion,fusion_no_prior,0,0.11851802572404875,0.11859297176971365,13.747950000833953,14.379685003586928,5.753450004704064,6.820555005106144,False,300103,False,False,12.0,False,240,False,False,19.433350000326755,20.87682500568917,2,False,5.454504400004225,False,False,False
6a91d29d06b184ee9a7be4da0ee0ab0b0cd750830e4a38c99362171cbb8578be,False,0,nominal,False,selection,"[0.7729701399803162, 0.7547205686569214, -0.8170002698898315, 0.0016023849602788687, 0.0042245094664394855, -0.0034952450077980757, -1.0]",1,01cff4377f131a668e171d2af0327d5f1516d6345cb3445f79c5d46ce8e725cf,False,Place the red cube in the yellow receptacle.,0.0,0.8207844891595659,diffusion,fusion_no_prior,0,0.1632803890111447,0.1633347971721781,13.867800000298303,14.859929998783624,6.070800001907628,6.982079995214008,False,300104,False,False,12.0,False,240,False,False,19.928750007238705,21.65456499424181,2,False,5.506767699996999,False,True,True
6a91d29d06b184ee9a7be4da0ee0ab0b0cd750830e4a38c99362171cbb8578be,False,0,nominal,False,selection_no_approach,"[0.7537186145782471, -0.6378862857818604, -0.8050764799118042, 0.0066239722073078156, 0.006849432829767466, -0.00795811414718628, -1.0]",1,cad2366d94149cf24367c27a2aa80c2281e227e689fa60a470edf661452c5d53,False,Place the red cube in the yellow receptacle.,0.0,0.8207844891595659,diffusion,fusion_no_prior,0,0.14881504436613882,0.148874739164647,13.912200003687758,14.834395001162193,5.829800000356045,6.791100002010352,False,300105,False,False,12.0,False,240,False,False,19.755300003453158,21.035194997966755,2,False,5.495270400002482,False,False,False
6a91d29d06b184ee9a7be4da0ee0ab0b0cd750830e4a38c99362171cbb8578be,False,0,nominal,False,transport,"[0.7541806101799011, -0.8309093117713928, -0.7873687744140625, 0.007601006887853146, 0.006896389182657003, -0.008957136422395706, -1.0]",1,1abdbdd00d4162f1c3a7d1ea2c854c3a391b8f846de81f14dda6364117a60f5c,False,Place the red cube in the yellow receptacle.,0.0,0.9872764162727076,diffusion,fusion_no_prior,0,0.37388566032825205,0.3739048132309772,13.933250000263797,15.244129996790434,6.143999999039806,7.111280002573039,False,300106,True,True,12.0,False,240,False,True,20.125800001551397,21.85537500481587,2,False,5.603133700002218,True,False,False
6a91d29d06b184ee9a7be4da0ee0ab0b0cd750830e4a38c99362171cbb8578be,False,0,nominal,False,selection_no_approach,"[0.7669782042503357, 0.7512974143028259, -0.812030553817749, 0.0015870274510234594, 0.004190387204289436, -0.0034077283926308155, -1.0]",1,359bc09a3dd6e44ed38b15351eedd65e74bbf127484da11213c0080cf15dd2d6,False,Place the red cube in the yellow receptacle.,0.0,0.8207844891595659,diffusion,fusion_no_prior,0,0.13965639867778426,0.13972000652481392,13.823299999785377,14.668985002208501,5.767450002167607,6.971454996528337,False,300107,False,False,12.0,False,240,False,False,19.532150003215065,20.984169992880197,2,False,5.530125999997836,False,False,False
6a91d29d06b184ee9a7be4da0ee0ab0b0cd750830e4a38c99362171cbb8578be,False,0,nominal,False,grasp,"[0.7746738195419312, 0.6042922735214233, -0.8044698238372803, 0.0021000762935727835, 0.004202511161565781, -0.004389542154967785, -1.0]",1,bda3dd6585256e697beb054671f8013d095d45789184fff239c1f765bf4d52f1,False,Place the red cube in the yellow receptacle.,0.0,0.8207844891595659,diffusion,fusion_no_prior,0,0.19742337499337909,0.19746837601353337,13.75374999770429,14.586869995400775,5.874700000276789,6.94603999836545,False,300108,False,False,12.0,False,240,False,True,19.62929999717744,20.90301499956695,2,False,5.511096700000053,False,False,False
6a91d29d06b184ee9a7be4da0ee0ab0b0cd750830e4a38c99362171cbb8578be,False,0,nominal,False,grasp,"[0.766707181930542, -0.7694140076637268, -0.7791343927383423, 0.007343649864196777, 0.006855691783130169, -0.008833332918584347, -1.0]",1,f5aa83d455a66c6b5b7be937b341561d924155a8608bb336b763791d99c4c419,False,Place the red cube in the yellow receptacle.,0.0,0.8269014692824329,diffusion,fusion_no_prior,0,0.32466739803872163,0.32469476417226,13.886399996408727,14.492865001375321,5.593949998001335,6.773865000650403,False,300109,False,False,12.0,False,240,False,True,19.47275000202353,21.023900005820906,2,False,5.415731400004006,False,False,False
6a91d29d06b184ee9a7be4da0ee0ab0b0cd750830e4a38c99362171cbb8578be,False,0,nominal,False,grasp,"[0.7455120086669922, 0.6239964962005615, -0.8414812088012695, 0.0017268203664571047, 0.004406407475471497, -0.003431647550314665, -1.0]",0,714a715946b50dbf0c3d827eba2e215a3230992beb7008e805cce36a545d3ada,False,Place the green cube in the blue receptacle.,0.0,0.8210178378983737,diffusion,fusion_no_prior,1,0.1784752433826791,0.17852502074541912,13.172999999369495,14.31946500306367,5.7948999965447,7.058460001280764,False,300100,False,False,12.0,False,240,False,True,18.967199997860007,20.77353499880701,2,False,4.950735200000054,False,False,False
6a91d29d06b184ee9a7be4da0ee0ab0b0cd750830e4a38c99362171cbb8578be,False,0,nominal,False,selection,"[0.7611880302429199, -0.8443060517311096, -0.7874668836593628, 0.007740127854049206, 0.006862548645585775, -0.009056498296558857, -1.0]",0,2271825b7030240f388fa95a2688ab1b2b647b7ef8ef7ee746af9c555e493e10,False,Place the green cube in the blue receptacle.,0.0,0.8207844891595659,diffusion,fusion_no_prior,1,0.33893186293030053,0.33895807740936024,13.254500001494307,14.372479998564813,5.845549996593036,6.880154999453225,False,300101,False,False,12.0,False,240,False,False,19.16180000262102,20.717079999303678,2,False,5.338760999999067,False,True,True
6a91d29d06b184ee9a7be4da0ee0ab0b0cd750830e4a38c99362171cbb8578be,False,0,nominal,False,selection,"[0.7618625164031982, -0.8324557542800903, -0.7838164567947388, 0.007572350092232227, 0.006928958930075169, -0.008949687704443932, -1.0]",0,985442ec7dc55b1280f32124a7ad33adea9715f8927756d086c12a013b5d6bb4,False,Place the green cube in the blue receptacle.,0.0,0.8207844891595659,diffusion,fusion_no_prior,1,0.20387892720597295,0.20392250363877018,13.18265000008978,14.434295003957232,6.029899999703048,7.079364997116499,False,300102,False,False,12.0,False,240,False,False,19.376699998247204,20.771399996738182,2,False,5.463233399997989,False,True,True
6a91d29d06b184ee9a7be4da0ee0ab0b0cd750830e4a38c99362171cbb8578be,False,0,nominal,False,transport,"[0.7845141291618347, -0.807391345500946, -0.7831649780273438, 0.0073902802541852, 0.007029442116618156, -0.00914139486849308, -1.0]",0,4c0161d3dcc5f3810d289f3eb26844d4ef94150723eda25c686519b2c01a07e9,False,Place the green cube in the blue receptacle.,0.0,0.9903274898233142,diffusion,fusion_no_prior,1,0.37327186724166317,0.37329105163702586,13.147000001481501,13.858269999400363,6.041649998223875,7.051025004693656,False,300103,True,True,12.0,False,240,False,True,19.20590000008815,20.72871500022302,2,False,5.40191450000566,True,False,False
6a91d29d06b184ee9a7be4da0ee0ab0b0cd750830e4a38c99362171cbb8578be,False,0,nominal,False,transport,"[0.7793553471565247, 0.7563215494155884, -0.8214901685714722, 0.0016174998600035906, 0.00400159228593111, -0.003564955200999975, -1.0]",0,01cff4377f131a668e171d2af0327d5f1516d6345cb3445f79c5d46ce8e725cf,False,Place the green cube in the blue receptacle.,0.0,0.9906500865157345,diffusion,fusion_no_prior,1,0.3518191764453388,0.3518395305716447,13.499450004019309,17.119905004074095,6.066449997888412,7.196604999990085,False,300104,True,True,12.0,False,240,False,True,19.72849999583559,24.328520000199205,2,False,5.596741199995449,True,False,False
6a91d29d06b184ee9a7be4da0ee0ab0b0cd750830e4a38c99362171cbb8578be,False,0,nominal,False,grasp,"[0.7675362229347229, -0.7411569952964783, -0.7868361473083496, 0.007164241746068001, 0.006871751509606838, -0.008590814657509327, -1.0]",0,cad2366d94149cf24367c27a2aa80c2281e227e689fa60a470edf661452c5d53,False,Place the green cube in the blue receptacle.,0.0,0.8207844891595659,diffusion,fusion_no_prior,1,0.14339600452604825,0.1434579542781796,13.244999998278217,14.214620004349852,5.687100001523504,6.711954998536385,False,300105,False,False,12.0,False,240,False,True,19.01145000010729,20.34371499576082,2,False,5.445395000002463,False,False,False
6a91d29d06b184ee9a7be4da0ee0ab0b0cd750830e4a38c99362171cbb8578be,False,0,nominal,False,selection,"[0.7572641968727112, -0.85828697681427, -0.7863543033599854, 0.007761313579976559, 0.006875632796436548, -0.009046316146850586, -1.0]",0,1abdbdd00d4162f1c3a7d1ea2c854c3a391b8f846de81f14dda6364117a60f5c,False,Place the green cube in the blue receptacle.,0.0,0.8207844891595659,diffusion,fusion_no_prior,1,0.2060192867956355,0.2060624106027786,13.185100000555394,13.904874999207095,5.888699997740332,6.993655003680033,False,300106,False,False,12.0,False,240,False,False,19.182050004019402,20.312954998007626,2,False,5.424204799994186,False,True,True
6a91d29d06b184ee9a7be4da0ee0ab0b0cd750830e4a38c99362171cbb8578be,False,0,nominal,False,transport,"[0.7734781503677368, 0.750016450881958, -0.8161197900772095, 0.0016170644666999578, 0.003962848335504532, -0.003494570031762123, -1.0]",0,359bc09a3dd6e44ed38b15351eedd65e74bbf127484da11213c0080cf15dd2d6,False,Place the green cube in the blue receptacle.,0.0,0.9873923500459221,diffusion,fusion_no_prior,1,0.37724877724533024,0.3772677594113969,13.301749997481238,15.04448000123375,5.863750000571599,6.892225000046892,False,300107,True,True,12.0,False,240,False,True,19.419999996898696,21.51519499857386,2,False,5.505789099996036,True,False,False
6a91d29d06b184ee9a7be4da0ee0ab0b0cd750830e4a38c99362171cbb8578be,False,0,nominal,False,grasp,"[0.7833549976348877, 0.5822662711143494, -0.8069595098495483, 0.0022217740770429373, 0.00396310817450285, -0.004656730219721794, -1.0]",0,bda3dd6585256e697beb054671f8013d095d45789184fff239c1f765bf4d52f1,False,Place the green cube in the blue receptacle.,0.0,0.8207844891595659,diffusion,fusion_no_prior,1,0.1624813505613359,0.1625360261969067,13.242949997220421,14.858900000399444,5.742199999076547,6.8948949989135135,False,300108,False,False,12.0,False,240,False,True,19.135350004944485,20.781029997306177,2,False,5.5107554999995045,False,False,False
6a91d29d06b184ee9a7be4da0ee0ab0b0cd750830e4a38c99362171cbb8578be,False,0,nominal,False,selection,"[0.7657657861709595, -0.8075986504554749, -0.7801831960678101, 0.007564443163573742, 0.006847054697573185, -0.008926759473979473, -1.0]",0,f5aa83d455a66c6b5b7be937b341561d924155a8608bb336b763791d99c4c419,False,Place the green cube in the blue receptacle.,0.0,0.8207844891595659,diffusion,fusion_no_prior,1,0.29756004211771936,0.2975899010328555,13.329650002560811,14.851359998283442,5.822249997436302,6.880120001733303,False,300109,False,False,12.0,False,240,False,False,19.199900001694914,21.21679500341997,2,False,5.5063155999960145,False,True,True
6a91d29d06b184ee9a7be4da0ee0ab0b0cd750830e4a38c99362171cbb8578be,False,0,nominal,False,grasp,"[0.7408252954483032, 0.652176022529602, -0.8419798612594604, 0.0015705602709203959, 0.004503232892602682, -0.003130042226985097, -1.0]",1,714a715946b50dbf0c3d827eba2e215a3230992beb7008e805cce36a545d3ada,False,Place the green cube in the yellow receptacle.,0.0,0.8209067706807027,diffusion,fusion_no_prior,1,0.2921208687895757,0.29215128360837694,13.491849997080863,15.169404996413505,6.205049998243339,7.408364994262228,False,300100,False,False,12.0,False,240,False,True,19.76920000379323,22.23352999317285,2,False,5.156737400000566,False,False,False
6a91d29d06b184ee9a7be4da0ee0ab0b0cd750830e4a38c99362171cbb8578be,False,0,nominal,False,selection,"[0.7631701231002808, -0.829488217830658, -0.7882386445999146, 0.007709775120019913, 0.0068175215274095535, -0.009013159200549126, -1.0]",1,2271825b7030240f388fa95a2688ab1b2b647b7ef8ef7ee746af9c555e493e10,False,Place the green cube in the yellow receptacle.,0.0,0.8207844891595659,diffusion,fusion_no_prior,1,0.19448856861409552,0.19453424853533005,13.604050000139978,15.169454999340815,6.452100002206862,7.3414050002611475,False,300101,False,False,12.0,False,240,False,False,20.03319999857922,21.876624993092264,2,False,5.556890200001362,False,True,True
6a91d29d06b184ee9a7be4da0ee0ab0b0cd750830e4a38c99362171cbb8578be,False,0,nominal,False,selection,"[0.7637795805931091, -0.8158644437789917, -0.784876823425293, 0.007541840896010399, 0.00687622232362628, -0.008893398568034172, -1.0]",1,985442ec7dc55b1280f32124a7ad33adea9715f8927756d086c12a013b5d6bb4,False,Place the green cube in the yellow receptacle.,0.0,0.8207844891595659,diffusion,fusion_no_prior,1,0.28423561761461,0.2842668761083581,13.71609999841894,15.609270006825682,6.559149998793146,7.782939999742666,False,300102,False,False,12.0,False,240,False,False,20.166250000329455,22.957964998931857,2,False,5.686823800002458,False,True,True
6a91d29d06b184ee9a7be4da0ee0ab0b0cd750830e4a38c99362171cbb8578be,False,0,nominal,False,success,"[0.7932268381118774, -0.7609738111495972, -0.7845423221588135, 0.007223675027489662, 0.006871421821415424, -0.009050275199115276, -1.0]",1,4c0161d3dcc5f3810d289f3eb26844d4ef94150723eda25c686519b2c01a07e9,True,Place the green cube in the yellow receptacle.,0.9999999999998899,0.99096344563776,diffusion,fusion_no_prior,1,0.04060985070913061,0.0407858103994666,13.39150000421796,14.630900004704017,6.6206999981659465,7.185599999502301,True,300103,True,True,6.05,True,121,True,True,19.80869999533752,21.292099998390768,2,True,2.8313345999995363,False,False,False
6a91d29d06b184ee9a7be4da0ee0ab0b0cd750830e4a38c99362171cbb8578be,False,0,nominal,False,success,"[0.7775691747665405, 0.7665213942527771, -0.8230781555175781, 0.0015802590642124414, 0.004044319503009319, -0.003421315923333168, -1.0]",1,01cff4377f131a668e171d2af0327d5f1516d6345cb3445f79c5d46ce8e725cf,True,Place the green cube in the yellow receptacle.,0.9999999999998899,0.9898089644065284,diffusion,fusion_no_prior,1,0.027623499146405068,0.027881536186691435,13.571550003689481,15.241340002103241,6.695199997921009,7.69744999888644,True,300104,True,True,6.4,True,128,True,True,20.398250002472196,21.60714000237931,2,True,3.055209099999047,False,False,False
6a91d29d06b184ee9a7be4da0ee0ab0b0cd750830e4a38c99362171cbb8578be,False,0,nominal,False,grasp,"[0.7658810019493103, -0.6767886877059937, -0.7971466779708862, 0.006917507387697697, 0.006757526192814112, -0.008244497701525688, -1.0]",1,cad2366d94149cf24367c27a2aa80c2281e227e689fa60a470edf661452c5d53,False,Place the green cube in the yellow receptacle.,0.0,0.8207844891595659,diffusion,fusion_no_prior,1,0.2633875625704971,0.2634212949791139,13.500249999196967,15.336259999821777,6.121550002717413,7.052834995192825,False,300105,False,False,12.0,False,240,False,True,19.573049998143688,21.572420005031745,2,False,5.518197599994892,False,False,False
6a91d29d06b184ee9a7be4da0ee0ab0b0cd750830e4a38c99362171cbb8578be,False,0,nominal,False,selection,"[0.7584387063980103, -0.8449514508247375, -0.7877041101455688, 0.007745607756078243, 0.006829211954027414, -0.00899813137948513, -1.0]",1,1abdbdd00d4162f1c3a7d1ea2c854c3a391b8f846de81f14dda6364117a60f5c,False,Place the green cube in the yellow receptacle.,0.0,0.8207844891595659,diffusion,fusion_no_prior,1,0.332300098394547,0.33232683599834584,13.421050000033574,14.685995000763796,6.441300000005867,7.274919995688833,False,300106,False,False,12.0,False,240,False,False,19.88510000228416,21.217319993957062,2,False,5.6712671000059345,False,True,True
6a91d29d06b184ee9a7be4da0ee0ab0b0cd750830e4a38c99362171cbb8578be,False,0,nominal,False,success,"[0.7717761397361755, 0.7621007561683655, -0.8178303241729736, 0.0015704536344856024, 0.004006199073046446, -0.003342133481055498, -1.0]",1,359bc09a3dd6e44ed38b15351eedd65e74bbf127484da11213c0080cf15dd2d6,True,Place the green cube in the yellow receptacle.,0.9999999999998899,0.9861220597828413,diffusion,fusion_no_prior,1,0.032803195712960365,0.033020781419649904,13.643250000313856,16.286835000209972,6.580150002264418,7.143565002115792,True,300107,True,True,7.0,True,140,True,True,20.07499999672291,22.745829998893893,2,True,3.3179680999965058,False,False,False
6a91d29d06b184ee9a7be4da0ee0ab0b0cd750830e4a38c99362171cbb8578be,False,0,nominal,False,grasp,"[0.78106689453125, 0.6231952905654907, -0.8113417625427246, 0.002088681561872363, 0.004014182835817337, -0.0043245842680335045, -1.0]",1,bda3dd6585256e697beb054671f8013d095d45789184fff239c1f765bf4d52f1,False,Place the green cube in the yellow receptacle.,0.0,0.8207844891595659,diffusion,fusion_no_prior,1,0.27539472784414987,0.27542698970144375,13.3144999963406,14.814830000977963,6.227250003576046,7.147795001219492,False,300108,False,False,12.0,False,240,False,True,19.655749998491956,20.870454992109444,2,False,5.517391099994711,False,False,False
6a91d29d06b184ee9a7be4da0ee0ab0b0cd750830e4a38c99362171cbb8578be,False,0,nominal,False,selection,"[0.7693279385566711, -0.7845032811164856, -0.7808430194854736, 0.007503051310777664, 0.006776504218578339, -0.008864795789122581, -1.0]",1,f5aa83d455a66c6b5b7be937b341561d924155a8608bb336b763791d99c4c419,False,Place the green cube in the yellow receptacle.,0.0,0.8207844891595659,diffusion,fusion_no_prior,1,0.15400006046029743,0.15405774616494,13.563800002884818,14.91719000187004,6.538299996464048,7.31019000231754,False,300109,False,False,12.0,False,240,False,False,20.102700000279583,21.538769997641793,2,False,5.650718299999426,False,True,True
21ca9bb9a4988795c7d4a8525bbaa494fb9d6ce64ee37c3342c4ec7135e65226,False,0,nominal,False,grasp,"[0.7985668182373047, -0.015728093683719635, -0.807199239730835, 0.0035045042168349028, 0.0067495135590434074, -0.005865522660315037, -1.0]",0,714a715946b50dbf0c3d827eba2e215a3230992beb7008e805cce36a545d3ada,False,Place the red cube in the blue receptacle.,0.0,0.825178684681941,act_rgb_prior,act_selected,0,0.28938147552929927,0.2894121782357478,2.315049998287577,2.98244499899738,0.18105000344803557,0.27919499843847007,False,300100,False,False,12.0,False,240,False,True,2.5060999978450127,3.2357350039092125,0,False,2.798268200000166,False,False,False
21ca9bb9a4988795c7d4a8525bbaa494fb9d6ce64ee37c3342c4ec7135e65226,True,4,nominal,False,selection_no_approach,"[0.7481217980384827, 0.07015466690063477, -0.8290482759475708, 0.0030497072730213404, 0.0067013585940003395, -0.005266748368740082, -1.0]",0,2271825b7030240f388fa95a2688ab1b2b647b7ef8ef7ee746af9c555e493e10,False,Place the red cube in the blue receptacle.,0.0,0.8207844891595659,act_rgb_prior,act_selected,0,0.16903484953589015,0.1690874060634524,2.247599997645011,2.6983999960066285,0.17484999989392236,0.21560499662882646,False,300101,False,False,12.0,False,240,False,False,2.426399998512352,2.889929992306861,0,False,2.949648200003139,False,False,False
21ca9bb9a4988795c7d4a8525bbaa494fb9d6ce64ee37c3342c4ec7135e65226,False,0,nominal,False,grasp,"[0.7846970558166504, -0.06382642686367035, -0.7812288999557495, 0.003702186280861497, 0.006829281337559223, -0.006185655016452074, -1.0]",0,985442ec7dc55b1280f32124a7ad33adea9715f8927756d086c12a013b5d6bb4,False,Place the red cube in the blue receptacle.,0.0,0.8207844891595659,act_rgb_prior,act_selected,0,0.306464566855707,0.3064935582841863,2.2470500007329974,2.5033899994014064,0.176350000401726,0.2303650002431823,False,300102,False,False,12.0,False,240,False,True,2.4296499977936037,2.684544999283389,0,False,3.218832400001702,False,False,False
21ca9bb9a4988795c7d4a8525bbaa494fb9d6ce64ee37c3342c4ec7135e65226,False,0,nominal,False,selection_no_approach,"[0.7783259153366089, 0.07238295674324036, -0.820239782333374, 0.003136581974104047, 0.006547669414430857, -0.005267178639769554, -1.0]",0,4c0161d3dcc5f3810d289f3eb26844d4ef94150723eda25c686519b2c01a07e9,False,Place the red cube in the blue receptacle.,0.0,0.8207844891595659,act_rgb_prior,act_selected,0,0.3095575738836816,0.3095862756654384,2.333399996132357,2.830494997760979,0.18955000268761069,0.2906049987359438,False,300103,False,False,12.0,False,240,False,False,2.5372999989485834,3.0519499996444206,0,False,3.48118070000055,False,False,False
21ca9bb9a4988795c7d4a8525bbaa494fb9d6ce64ee37c3342c4ec7135e65226,True,3,nominal,False,selection_no_approach,"[0.7826224565505981, 0.004166930913925171, -0.8035013675689697, 0.0035135194193571806, 0.006669945083558559, -0.00574811827391386, -1.0]",0,01cff4377f131a668e171d2af0327d5f1516d6345cb3445f79c5d46ce8e725cf,False,Place the red cube in the blue receptacle.,0.0,0.8207844891595659,act_rgb_prior,act_selected,0,0.28980146954069397,0.28983212775603673,2.392150003288407,3.1027200020616874,0.1953999999386724,0.29663499990419945,False,300104,False,False,12.0,False,240,False,False,2.588100003777072,3.294464996724855,0,False,3.670225900001242,False,False,False
21ca9bb9a4988795c7d4a8525bbaa494fb9d6ce64ee37c3342c4ec7135e65226,False,0,nominal,False,selection_no_approach,"[0.7824882864952087, -0.06031515449285507, -0.7741905450820923, 0.0035226570907980204, 0.006956831552088261, -0.006162967532873154, -1.0]",0,cad2366d94149cf24367c27a2aa80c2281e227e689fa60a470edf661452c5d53,False,Place the red cube in the blue receptacle.,0.0,0.8207844891595659,act_rgb_prior,act_selected,0,0.27997043102394353,0.2800021656690864,2.3533500025223475,2.7732349954021625,0.18170000112149864,0.2387099972111173,False,300105,False,False,12.0,False,240,False,False,2.5398000034329016,2.953835001244442,0,False,3.3549208999975235,False,False,False
21ca9bb9a4988795c7d4a8525bbaa494fb9d6ce64ee37c3342c4ec7135e65226,True,4,nominal,False,grasp,"[0.7817273736000061, -0.025672173127532005, -0.7863969802856445, 0.003592774970456958, 0.006819030269980431, -0.005990148521959782, -1.0]",0,1abdbdd00d4162f1c3a7d1ea2c854c3a391b8f846de81f14dda6364117a60f5c,False,Place the red cube in the blue receptacle.,0.0,0.8207844891595659,act_rgb_prior,act_selected,0,0.2857743518398349,0.2858054420425258,2.2486499983642716,2.642309999646386,0.17890000162879005,0.24250499591289545,False,300106,False,False,12.0,False,240,False,True,2.4429999939457048,2.9073899939248804,0,False,3.305971200003114,False,False,False
21ca9bb9a4988795c7d4a8525bbaa494fb9d6ce64ee37c3342c4ec7135e65226,False,0,nominal,False,grasp,"[0.7832787036895752, -0.06630894541740417, -0.7765852212905884, 0.003716558450832963, 0.006877950392663479, -0.006311697419732809, -1.0]",0,359bc09a3dd6e44ed38b15351eedd65e74bbf127484da11213c0080cf15dd2d6,False,Place the red cube in the blue receptacle.,0.0,0.8207844891595659,act_rgb_prior,act_selected,0,0.303161680254252,0.3031909875082489,2.2526000029756688,2.5001750065712254,0.1793000046745874,0.27307499731250573,False,300107,False,False,12.0,False,240,False,True,2.4362999974982813,2.7572799986955943,0,False,3.314685000004829,False,False,False
21ca9bb9a4988795c7d4a8525bbaa494fb9d6ce64ee37c3342c4ec7135e65226,True,1,nominal,False,grasp,"[0.7807488441467285, -0.06149078160524368, -0.7765600681304932, 0.003689981298521161, 0.006900867912918329, -0.0063477070070803165, -1.0]",0,bda3dd6585256e697beb054671f8013d095d45789184fff239c1f765bf4d52f1,False,Place the red cube in the blue receptacle.,0.0,0.8207844891595658,act_rgb_prior,act_selected,0,0.32952436574065014,0.3295513285490192,2.242349997686688,2.6070500007335795,0.18060000365949236,0.22039999676053412,False,300108,False,False,12.0,False,240,False,True,2.428150000923779,2.7912350007682107,0,False,3.4077656000008574,False,False,False
21ca9bb9a4988795c7d4a8525bbaa494fb9d6ce64ee37c3342c4ec7135e65226,True,3,nominal,False,selection_no_approach,"[0.7574743032455444, 0.03202208876609802, -0.8156223297119141, 0.003244343912228942, 0.006749442312866449, -0.005562162026762962, -1.0]",0,f5aa83d455a66c6b5b7be937b341561d924155a8608bb336b763791d99c4c419,False,Place the red cube in the blue receptacle.,0.0,0.8207844891595659,act_rgb_prior,act_selected,0,0.17387991343304146,0.1739310059395041,2.3019000036583748,2.7964200013229856,0.18420000196783803,0.22714999686286316,False,300109,False,False,12.0,False,240,False,False,2.4818000056257006,3.004519999376498,0,False,3.4652843000003486,False,False,False
21ca9bb9a4988795c7d4a8525bbaa494fb9d6ce64ee37c3342c4ec7135e65226,False,0,nominal,False,grasp,"[0.7984457015991211, -0.015239300206303596, -0.8071787357330322, 0.0035027971025556326, 0.0067520663142204285, -0.0058659752830863, -1.0]",1,714a715946b50dbf0c3d827eba2e215a3230992beb7008e805cce36a545d3ada,False,Place the red cube in the yellow receptacle.,0.0,0.8251645542983875,act_rgb_prior,act_selected,0,0.1578439332250522,0.15790021465343404,2.387150001595728,2.968304998648818,0.17929999739862978,0.24902499972085929,False,300100,False,False,12.0,False,240,False,True,2.58025000221096,3.1467550030356506,0,False,2.7428013999960967,False,False,False
21ca9bb9a4988795c7d4a8525bbaa494fb9d6ce64ee37c3342c4ec7135e65226,True,3,nominal,False,selection_no_approach,"[0.7471775412559509, 0.07090084254741669, -0.8298584222793579, 0.0030445174779742956, 0.006709521636366844, -0.005257676355540752, -1.0]",1,2271825b7030240f388fa95a2688ab1b2b647b7ef8ef7ee746af9c555e493e10,False,Place the red cube in the yellow receptacle.,0.0,0.8207844891595659,act_rgb_prior,act_selected,0,0.2968139754896177,0.29684390945006295,2.40000000121654,3.0244100005802466,0.18500000078347512,0.25401999737368897,False,300101,False,False,12.0,False,240,False,False,2.588100003777072,3.1920399978844216,0,False,2.9943462000010186,False,False,False
21ca9bb9a4988795c7d4a8525bbaa494fb9d6ce64ee37c3342c4ec7135e65226,False,0,nominal,False,grasp,"[0.7844572067260742, -0.063373863697052, -0.781415581703186, 0.0037004381883889437, 0.006834727246314287, -0.00618342962116003, -1.0]",1,985442ec7dc55b1280f32124a7ad33adea9715f8927756d086c12a013b5d6bb4,False,Place the red cube in the yellow receptacle.,0.0,0.8207844891595659,act_rgb_prior,act_selected,0,0.15107616670916255,0.15113496841955698,2.355850003368687,2.8986450011871057,0.1862499993876554,0.21524999428947922,False,300102,False,False,12.0,False,240,False,True,2.5485000005573966,3.079670004080981,0,False,3.27373479999369,False,False,False
21ca9bb9a4988795c7d4a8525bbaa494fb9d6ce64ee37c3342c4ec7135e65226,True,2,nominal,False,selection_no_approach,"[0.7775108814239502, 0.07315240800380707, -0.8211003541946411, 0.0031322829890996218, 0.006554550025612116, -0.005257876589894295, -1.0]",1,4c0161d3dcc5f3810d289f3eb26844d4ef94150723eda25c686519b2c01a07e9,False,Place the red cube in the yellow receptacle.,0.0,0.8207844891595659,act_rgb_prior,act_selected,0,0.11851802572404875,0.11859297176971365,2.3628499984624796,2.872855001260177,0.18619999900693074,0.24148999400495078,False,300103,False,False,12.0,False,240,False,False,2.551900004618801,3.074109994850005,0,False,3.3689506000009715,False,False,False
21ca9bb9a4988795c7d4a8525bbaa494fb9d6ce64ee37c3342c4ec7135e65226,True,3,nominal,False,selection_no_approach,"[0.7822800874710083, 0.004699133336544037, -0.8036589622497559, 0.003511280519887805, 0.006676179822534323, -0.005745577625930309, -1.0]",1,01cff4377f131a668e171d2af0327d5f1516d6345cb3445f79c5d46ce8e725cf,False,Place the red cube in the yellow receptacle.,0.0,0.8207844891595659,act_rgb_prior,act_selected,0,0.1632803890111447,0.1633347971721781,2.386549997027032,2.798460002304637,0.18640000416780822,0.25258500172640197,False,300104,False,False,12.0,False,240,False,False,2.576249997218838,2.9730200058111222,0,False,3.377319400002307,False,False,False
21ca9bb9a4988795c7d4a8525bbaa494fb9d6ce64ee37c3342c4ec7135e65226,False,0,nominal,False,selection_no_approach,"[0.7824678421020508, -0.059912312775850296, -0.7742843627929688, 0.0035213653463870287, 0.0069603025913238525, -0.0061628809198737144, -1.0]",1,cad2366d94149cf24367c27a2aa80c2281e227e689fa60a470edf661452c5d53,False,Place the red cube in the yellow receptacle.,0.0,0.8207844891595659,act_rgb_prior,act_selected,0,0.14881504436613882,0.148874739164647,2.360200003749924,2.8293649989791447,0.18419999832985923,0.28334999988146586,False,300105,False,False,12.0,False,240,False,False,2.5564000025042333,3.0257600021286635,0,False,3.3167404999985592,False,False,False
21ca9bb9a4988795c7d4a8525bbaa494fb9d6ce64ee37c3342c4ec7135e65226,True,5,nominal,False,grasp,"[0.7813915610313416, -0.02517320215702057, -0.786597490310669, 0.0035905318800359964, 0.006825296673923731, -0.0059877559542655945, -1.0]",1,1abdbdd00d4162f1c3a7d1ea2c854c3a391b8f846de81f14dda6364117a60f5c,False,Place the red cube in the yellow receptacle.,0.0,0.8207844891595659,act_rgb_prior,act_selected,0,0.15992891353908792,0.15998446148747972,2.4010500019358005,2.930385002400726,0.1883000004454516,0.2611400002933806,False,300106,False,False,12.0,False,240,False,True,2.597550002974458,3.1174600040685614,0,False,3.3872222999998485,False,False,False
21ca9bb9a4988795c7d4a8525bbaa494fb9d6ce64ee37c3342c4ec7135e65226,False,0,nominal,False,grasp,"[0.7829798460006714, -0.06582418084144592, -0.7768265008926392, 0.003714517457410693, 0.006884182803332806, -0.006309710443019867, -1.0]",1,359bc09a3dd6e44ed38b15351eedd65e74bbf127484da11213c0080cf15dd2d6,False,Place the red cube in the yellow receptacle.,0.0,0.8207844891595659,act_rgb_prior,act_selected,0,0.13965639867778426,0.13972000652481392,2.338099995540688,2.8266700024687452,0.18990000171470456,0.26056000315293204,False,300107,False,False,12.0,False,240,False,True,2.5425499989069067,3.0146949982736255,0,False,3.4738633000015398,False,False,False
21ca9bb9a4988795c7d4a8525bbaa494fb9d6ce64ee37c3342c4ec7135e65226,True,1,nominal,False,grasp,"[0.7803745865821838, -0.060968756675720215, -0.7768158912658691, 0.003687117947265506, 0.00690805958583951, -0.006345508154481649, -1.0]",1,bda3dd6585256e697beb054671f8013d095d45789184fff239c1f765bf4d52f1,False,Place the red cube in the yellow receptacle.,0.0,0.8207844891595659,act_rgb_prior,act_selected,0,0.1977847578696732,0.1978296766847964,2.3795999986759853,2.746049999404931,0.1883000004454516,0.2130899971234612,False,300108,False,False,12.0,False,240,False,True,2.563899997767294,2.962670004126266,0,False,3.5992651999986265,False,False,False
21ca9bb9a4988795c7d4a8525bbaa494fb9d6ce64ee37c3342c4ec7135e65226,True,3,nominal,False,selection_no_approach,"[0.7566558718681335, 0.03263260796666145, -0.8163706064224243, 0.0032393180299550295, 0.006757132709026337, -0.0055544450879096985, -1.0]",1,f5aa83d455a66c6b5b7be937b341561d924155a8608bb336b763791d99c4c419,False,Place the red cube in the yellow receptacle.,0.0,0.8207844891595659,act_rgb_prior,act_selected,0,0.32537750786095365,0.3254048142751591,2.392499998677522,2.8861400020105066,0.18880000061471947,0.2363550014706561,False,300109,False,False,12.0,False,240,False,False,2.583949997642776,3.10962500043388,0,False,3.4858639999947627,False,False,False
21ca9bb9a4988795c7d4a8525bbaa494fb9d6ce64ee37c3342c4ec7135e65226,False,0,nominal,False,selection_no_approach,"[0.798484206199646, -0.014008959755301476, -0.8128585815429688, 0.0035319386515766382, 0.0066914004273712635, -0.0058309598825871944, -1.0]",0,714a715946b50dbf0c3d827eba2e215a3230992beb7008e805cce36a545d3ada,False,Place the green cube in the blue receptacle.,0.0,0.8207844891595659,act_rgb_prior,act_selected,1,0.17601252545536833,0.1760629990907303,2.4071999978332315,2.8357850016618613,0.18364999777986668,0.24116999920806845,False,300100,False,False,12.0,False,240,False,False,2.602599997771904,3.051294997567311,0,False,2.7589753000065684,False,False,False
21ca9bb9a4988795c7d4a8525bbaa494fb9d6ce64ee37c3342c4ec7135e65226,True,4,nominal,False,selection_no_approach,"[0.7500053644180298, 0.0713794082403183, -0.8296194076538086, 0.0030690317507833242, 0.006652314215898514, -0.005278566852211952, -1.0]",0,2271825b7030240f388fa95a2688ab1b2b647b7ef8ef7ee746af9c555e493e10,False,Place the green cube in the blue receptacle.,0.0,0.8207844891595659,act_rgb_prior,act_selected,1,0.33893186293030053,0.33895807740936024,2.3892000026535243,2.8325899977062363,0.1805500032787677,0.2492250005161622,False,300101,False,False,12.0,False,240,False,False,2.573300000221934,3.0156549964885926,0,False,2.9612467999977525,False,False,False
21ca9bb9a4988795c7d4a8525bbaa494fb9d6ce64ee37c3342c4ec7135e65226,False,0,nominal,False,selection_no_approach,"[0.7857993245124817, -0.06192849576473236, -0.7851405143737793, 0.003722724737599492, 0.0067722853273153305, -0.00616858247667551, -1.0]",0,985442ec7dc55b1280f32124a7ad33adea9715f8927756d086c12a013b5d6bb4,False,Place the green cube in the blue receptacle.,0.0,0.8207844891595659,act_rgb_prior,act_selected,1,0.20387892720597295,0.20392250363877018,2.3493999979109503,2.726880004775012,0.1852000023063738,0.256269999226788,False,300102,False,False,12.0,False,240,False,False,2.5358000020787586,2.937620009834063,0,False,3.224473799993575,False,False,False
21ca9bb9a4988795c7d4a8525bbaa494fb9d6ce64ee37c3342c4ec7135e65226,True,2,nominal,False,selection_no_approach,"[0.7800332307815552, 0.07349851727485657, -0.8212929964065552, 0.0031577160116285086, 0.006498152390122414, -0.005271364003419876, -1.0]",0,4c0161d3dcc5f3810d289f3eb26844d4ef94150723eda25c686519b2c01a07e9,False,Place the green cube in the blue receptacle.,0.0,0.8207844891595659,act_rgb_prior,act_selected,1,0.1642066690216361,0.16426077037085565,2.3718499978713226,2.8346799976134203,0.18444999659550376,0.22530500245920845,False,300103,False,False,12.0,False,240,False,False,2.5595999977667816,3.012379995197989,0,False,3.3973691999999573,False,False,False
21ca9bb9a4988795c7d4a8525bbaa494fb9d6ce64ee37c3342c4ec7135e65226,True,4,nominal,False,selection_no_approach,"[0.7832620739936829, 0.005098864436149597, -0.8074455261230469, 0.0035381128545850515, 0.006612610071897507, -0.005734792444854975, -1.0]",0,01cff4377f131a668e171d2af0327d5f1516d6345cb3445f79c5d46ce8e725cf,False,Place the green cube in the blue receptacle.,0.0,0.8207844891595659,act_rgb_prior,act_selected,1,0.1606859621757187,0.16074124850822305,2.3687499997322448,2.8137649995187526,0.18490000002202578,0.28319000120973215,False,300104,False,False,12.0,False,240,False,False,2.5571500045771245,2.9941050019260724,0,False,3.3722913000019616,False,False,False
21ca9bb9a4988795c7d4a8525bbaa494fb9d6ce64ee37c3342c4ec7135e65226,False,0,nominal,False,grasp,"[0.7830997705459595, -0.05843599513173103, -0.7782984972000122, 0.0035428099799901247, 0.0069094630889594555, -0.006143944337964058, -1.0]",0,cad2366d94149cf24367c27a2aa80c2281e227e689fa60a470edf661452c5d53,False,Place the green cube in the blue receptacle.,0.0,0.8207844891595659,act_rgb_prior,act_selected,1,0.14339600452604825,0.1434579542781796,2.3718499978713226,2.579790002346271,0.18545000057201833,0.23664000364078674,False,300105,False,False,12.0,False,240,False,True,2.558699998189695,2.7969849936198443,0,False,3.3133866999996826,False,False,False
21ca9bb9a4988795c7d4a8525bbaa494fb9d6ce64ee37c3342c4ec7135e65226,True,4,nominal,False,selection_no_approach,"[0.7825629711151123, -0.024122439324855804, -0.7900662422180176, 0.0036164082121104, 0.006763309706002474, -0.005976733285933733, -1.0]",0,1abdbdd00d4162f1c3a7d1ea2c854c3a391b8f846de81f14dda6364117a60f5c,False,Place the green cube in the blue receptacle.,0.0,0.8207844891595659,act_rgb_prior,act_selected,1,0.2060192867956355,0.2060624106027786,2.3469500010833144,2.8089549974538386,0.1846999984991271,0.2594399997178698,False,300106,False,False,12.0,False,240,False,False,2.537199998187134,2.9821399970387574,0,False,3.2779076999941026,False,False,False
21ca9bb9a4988795c7d4a8525bbaa494fb9d6ce64ee37c3342c4ec7135e65226,False,0,nominal,False,selection_no_approach,"[0.7844716310501099, -0.06432691216468811, -0.7805343866348267, 0.0037373744416981936, 0.006819684524089098, -0.006297050043940544, -1.0]",0,359bc09a3dd6e44ed38b15351eedd65e74bbf127484da11213c0080cf15dd2d6,False,Place the green cube in the blue receptacle.,0.0,0.8207844891595659,act_rgb_prior,act_selected,1,0.15188463661369708,0.15194312544804595,2.3470500018447638,2.6105600030859932,0.18560000171419233,0.21205999837548006,False,300107,False,False,12.0,False,240,False,False,2.5324500020360574,2.791445007096627,0,False,3.326144300001033,False,False,False
21ca9bb9a4988795c7d4a8525bbaa494fb9d6ce64ee37c3342c4ec7135e65226,False,0,nominal,False,selection_no_approach,"[0.7821131944656372, -0.05936248227953911, -0.7807986736297607, 0.00371326575987041, 0.00683423550799489, -0.006334498059004545, -1.0]",0,bda3dd6585256e697beb054671f8013d095d45789184fff239c1f765bf4d52f1,False,Place the green cube in the blue receptacle.,0.0,0.8207844891595659,act_rgb_prior,act_selected,1,0.1624813505613359,0.1625360261969067,2.374999996391125,2.8056449966243235,0.18529999942984432,0.23118000317481344,False,300108,False,False,12.0,False,240,False,False,2.560849996370962,2.9691299991100095,0,False,3.3298330000034184,False,False,False
21ca9bb9a4988795c7d4a8525bbaa494fb9d6ce64ee37c3342c4ec7135e65226,True,5,nominal,False,selection_no_approach,"[0.7595754265785217, 0.03300899267196655, -0.8166525363922119, 0.0032704456243664026, 0.006696609314531088, -0.00557540450245142, -1.0]",0,f5aa83d455a66c6b5b7be937b341561d924155a8608bb336b763791d99c4c419,False,Place the green cube in the blue receptacle.,0.0,0.8207844891595659,act_rgb_prior,act_selected,1,0.29756004211771936,0.2975899010328555,2.357450000999961,2.6347799994255183,0.1862499993876554,0.21475999710673932,False,300109,False,False,12.0,False,240,False,False,2.5480000040261075,2.8354549987852806,0,False,3.422969800005376,False,False,False
21ca9bb9a4988795c7d4a8525bbaa494fb9d6ce64ee37c3342c4ec7135e65226,False,0,nominal,False,selection_no_approach,"[0.7996376752853394, -0.009193724021315575, -0.8130021095275879, 0.003529573557898402, 0.006698686629533768, -0.005807916168123484, -1.0]",1,714a715946b50dbf0c3d827eba2e215a3230992beb7008e805cce36a545d3ada,False,Place the green cube in the yellow receptacle.,0.0,0.8207844891595659,act_rgb_prior,act_selected,1,0.29227067245106036,0.29230107168233377,2.360650003538467,2.8765649960405426,0.1766499990480952,0.22915500376257114,False,300100,False,False,12.0,False,240,False,False,2.5436500072828494,3.0975499928899803,0,False,2.7357953999962774,False,False,False
21ca9bb9a4988795c7d4a8525bbaa494fb9d6ce64ee37c3342c4ec7135e65226,True,4,nominal,False,selection_no_approach,"[0.7491112351417542, 0.0774126797914505, -0.8313827514648438, 0.003062536707147956, 0.006659293081611395, -0.005229174625128508, -1.0]",1,2271825b7030240f388fa95a2688ab1b2b647b7ef8ef7ee746af9c555e493e10,False,Place the green cube in the yellow receptacle.,0.0,0.8207844891595659,act_rgb_prior,act_selected,1,0.19448856861409552,0.19453424853533005,2.3728499982098583,2.8099900009692647,0.1808500019251369,0.24173499950848054,False,300101,False,False,12.0,False,240,False,False,2.554749997216277,3.0049200049688802,0,False,2.992207800001779,False,False,False
21ca9bb9a4988795c7d4a8525bbaa494fb9d6ce64ee37c3342c4ec7135e65226,False,0,nominal,False,selection_no_approach,"[0.786603569984436, -0.056917134672403336, -0.7850470542907715, 0.0037168182898312807, 0.006790626794099808, -0.006143600679934025, -1.0]",1,985442ec7dc55b1280f32124a7ad33adea9715f8927756d086c12a013b5d6bb4,False,Place the green cube in the yellow receptacle.,0.0,0.8207844891595659,act_rgb_prior,act_selected,1,0.28423561761461,0.2842668761083581,2.3583499969390687,2.6443650014698505,0.18220000129076652,0.2771449962892802,False,300102,False,False,12.0,False,240,False,False,2.5505500052531715,2.899629995590658,0,False,3.220743300000322,False,False,False
21ca9bb9a4988795c7d4a8525bbaa494fb9d6ce64ee37c3342c4ec7135e65226,False,0,nominal,False,selection_no_approach,"[0.779361367225647, 0.07976247370243073, -0.8232824802398682, 0.0031527660321444273, 0.00650420319288969, -0.005220540799200535, -1.0]",1,4c0161d3dcc5f3810d289f3eb26844d4ef94150723eda25c686519b2c01a07e9,False,Place the green cube in the yellow receptacle.,0.0,0.8207844891595659,act_rgb_prior,act_selected,1,0.2749088196657144,0.27494113853994656,2.368249999562977,2.7204999973037047,0.1829999964684248,0.2751449941570172,False,300103,False,False,12.0,False,240,False,False,2.5577999986126088,2.936814999702619,0,False,3.323803900006169,False,False,False
21ca9bb9a4988795c7d4a8525bbaa494fb9d6ce64ee37c3342c4ec7135e65226,True,4,nominal,False,selection_no_approach,"[0.7835695147514343, 0.01055101677775383, -0.8079162836074829, 0.00352973653934896, 0.006622922141104937, -0.005701281130313873, -1.0]",1,01cff4377f131a668e171d2af0327d5f1516d6345cb3445f79c5d46ce8e725cf,False,Place the green cube in the yellow receptacle.,0.0,0.8207844891595659,act_rgb_prior,act_selected,1,0.324123079555671,0.32415049164284426,2.3636499972781166,2.944259997093468,0.18914999964181334,0.23322499400819646,False,300104,False,False,12.0,False,240,False,False,2.5640999992901925,3.1347399941296317,0,False,3.4919215999980224,False,False,False
21ca9bb9a4988795c7d4a8525bbaa494fb9d6ce64ee37c3342c4ec7135e65226,False,0,nominal,False,grasp,"[0.7842243909835815, -0.0538242906332016, -0.7784742116928101, 0.0035380481276661158, 0.006924135144799948, -0.006123796571046114, -1.0]",1,cad2366d94149cf24367c27a2aa80c2281e227e689fa60a470edf661452c5d53,False,Place the green cube in the yellow receptacle.,0.0,0.8207844891595659,act_rgb_prior,act_selected,1,0.2633875625704971,0.2634212949791139,2.324699999007862,2.659430005223839,0.1866000020527281,0.29113999698893167,False,300105,False,False,12.0,False,240,False,True,2.516649994504405,2.9279500038683177,0,False,3.522562199999811,False,False,False
21ca9bb9a4988795c7d4a8525bbaa494fb9d6ce64ee37c3342c4ec7135e65226,True,4,nominal,False,selection_no_approach,"[0.7830150723457336, -0.01927110180258751, -0.7905725240707397, 0.003610920859500766, 0.006779780611395836, -0.005948557984083891, -1.0]",1,1abdbdd00d4162f1c3a7d1ea2c854c3a391b8f846de81f14dda6364117a60f5c,False,Place the green cube in the yellow receptacle.,0.0,0.8207844891595659,act_rgb_prior,act_selected,1,0.332300098394547,0.33232683599834584,2.357349996600533,2.747315001033712,0.18279999858350493,0.2472749991284217,False,300106,False,False,12.0,False,240,False,False,2.5437000040255953,2.9485849951015553,0,False,3.352484800001548,False,False,False
21ca9bb9a4988795c7d4a8525bbaa494fb9d6ce64ee37c3342c4ec7135e65226,False,0,nominal,False,selection_no_approach,"[0.785232424736023, -0.05922479182481766, -0.7804462909698486, 0.0037299126852303743, 0.006838079541921616, -0.006271625868976116, -1.0]",1,359bc09a3dd6e44ed38b15351eedd65e74bbf127484da11213c0080cf15dd2d6,False,Place the green cube in the yellow receptacle.,0.0,0.8207844891595659,act_rgb_prior,act_selected,1,0.28714404388105996,0.2871749857978823,2.3626999973203056,2.816014996278682,0.18124999769497663,0.2539900026022224,False,300107,False,False,12.0,False,240,False,False,2.548100001149578,2.992664993871585,0,False,3.3918346999998903,False,False,False
21ca9bb9a4988795c7d4a8525bbaa494fb9d6ce64ee37c3342c4ec7135e65226,True,1,nominal,False,selection_no_approach,"[0.7828470468521118, -0.053875308483839035, -0.7806763648986816, 0.0037019194569438696, 0.00685519864782691, -0.0063049704767763615, -1.0]",1,bda3dd6585256e697beb054671f8013d095d45789184fff239c1f765bf4d52f1,False,Place the green cube in the yellow receptacle.,0.0,0.8207844891595659,act_rgb_prior,act_selected,1,0.27544150402214507,0.27547376040128974,2.3657499987166375,2.779114996883436,0.1847000021371059,0.23802500400051937,False,300108,False,False,12.0,False,240,False,False,2.551950001361547,2.9554149972682353,0,False,3.455419500001881,False,False,False
21ca9bb9a4988795c7d4a8525bbaa494fb9d6ce64ee37c3342c4ec7135e65226,True,3,nominal,False,selection_no_approach,"[0.7590080499649048, 0.03808414191007614, -0.8184598684310913, 0.003260941943153739, 0.006705871317535639, -0.005531187169253826, -1.0]",1,f5aa83d455a66c6b5b7be937b341561d924155a8608bb336b763791d99c4c419,False,Place the green cube in the yellow receptacle.,0.0,0.8207844891595659,act_rgb_prior,act_selected,1,0.15400006046029743,0.15405774616494,2.3564499970234465,2.7222000007895986,0.18294999972567894,0.22825999876658895,False,300109,False,False,12.0,False,240,False,False,2.5422500038985163,2.913279997301288,0,False,3.5268278000003193,False,False,False
96126d2d128cf834ebd42c68ea9fbbeafadec3d5fa4c6417f6b56796454698bf,False,0,nominal,False,grasp,"[0.7703654170036316, -0.1736619770526886, -0.8118431568145752, 0.0039462735876441, 0.00687019107863307, -0.006703364662826061, -1.0]",0,714a715946b50dbf0c3d827eba2e215a3230992beb7008e805cce36a545d3ada,False,Place the red cube in the blue receptacle.,0.0,0.8221422301100986,act_rgb_prior,act_selected,0,0.2872605017085278,0.2872914310825871,2.535249997890787,3.1220150012813974,0.19264999718870968,0.29008499950577965,False,300100,False,False,12.0,False,240,False,True,2.7464999948279,3.3368899974448136,1,False,2.919859500005259,False,False,False
96126d2d128cf834ebd42c68ea9fbbeafadec3d5fa4c6417f6b56796454698bf,False,0,nominal,False,grasp,"[0.7743242383003235, -0.14306381344795227, -0.7980097532272339, 0.004492742009460926, 0.005982557777315378, -0.006604775786399841, -1.0]",0,2271825b7030240f388fa95a2688ab1b2b647b7ef8ef7ee746af9c555e493e10,False,Place the red cube in the blue receptacle.,0.0,0.8255507000425945,act_rgb_prior,act_selected,0,0.16857650013247494,0.1686291995134892,2.4391999977524392,3.0044549977901625,0.185500000952743,0.2491099978215061,False,300101,False,False,12.0,False,240,False,True,2.6300999961677007,3.2079650005471194,1,False,3.143030599996564,False,False,False
96126d2d128cf834ebd42c68ea9fbbeafadec3d5fa4c6417f6b56796454698bf,False,0,nominal,False,grasp,"[0.7716221213340759, -0.17416220903396606, -0.8116902112960815, 0.0039031642954796553, 0.006914231926202774, -0.0066886055283248425, -1.0]",0,985442ec7dc55b1280f32124a7ad33adea9715f8927756d086c12a013b5d6bb4,False,Place the red cube in the blue receptacle.,0.0,0.8207844891595659,act_rgb_prior,act_selected,0,0.3066080090472826,0.3066369869138169,2.4195000005420297,2.9698350052058227,0.1843999998527579,0.2807599968946306,False,300102,False,False,12.0,False,240,False,True,2.608150000014575,3.1747549954161514,1,False,3.442848500002583,False,False,False
96126d2d128cf834ebd42c68ea9fbbeafadec3d5fa4c6417f6b56796454698bf,False,0,nominal,False,selection_no_approach,"[0.7695515751838684, -0.14162416756153107, -0.7950289249420166, 0.004534205421805382, 0.005992727819830179, -0.006556044332683086, -1.0]",0,4c0161d3dcc5f3810d289f3eb26844d4ef94150723eda25c686519b2c01a07e9,False,Place the red cube in the blue receptacle.,0.0,0.8207844891595659,act_rgb_prior,act_selected,0,0.3095575738836816,0.3095862756654384,2.4227499961853027,2.9450349997205194,0.1849999971454963,0.24822000195854335,False,300103,False,False,12.0,False,240,False,False,2.6167500000155997,3.1470399982936215,1,False,3.449896500002069,False,False,False
96126d2d128cf834ebd42c68ea9fbbeafadec3d5fa4c6417f6b56796454698bf,False,0,nominal,False,grasp,"[0.7714372873306274, -0.174691304564476, -0.8127440214157104, 0.003962177783250809, 0.006834154017269611, -0.0067152236588299274, -1.0]",0,01cff4377f131a668e171d2af0327d5f1516d6345cb3445f79c5d46ce8e725cf,False,Place the red cube in the blue receptacle.,0.0,0.832782998142351,act_rgb_prior,act_selected,0,0.29280887225227586,0.29283921561378257,2.4245499989774544,2.9678799961402547,0.18334999913349748,0.2851600016583688,False,300104,False,False,12.0,False,240,False,True,2.609600000141654,3.161254992664908,1,False,3.4940830000050482,False,False,False
96126d2d128cf834ebd42c68ea9fbbeafadec3d5fa4c6417f6b56796454698bf,False,0,nominal,False,selection_no_approach,"[0.7720939517021179, -0.14772194623947144, -0.7959399223327637, 0.004375610500574112, 0.006184798665344715, -0.0066163563169538975, -1.0]",0,cad2366d94149cf24367c27a2aa80c2281e227e689fa60a470edf661452c5d53,False,Place the red cube in the blue receptacle.,0.0,0.8207844891595659,act_rgb_prior,act_selected,0,0.27997043102394353,0.2800021656690864,2.444350000587292,2.880255000491161,0.18384999930276535,0.25432499969610944,False,300105,False,False,12.0,False,240,False,False,2.6363500001025386,3.0644450012914604,1,False,3.4321524999977555,False,False,False
96126d2d128cf834ebd42c68ea9fbbeafadec3d5fa4c6417f6b56796454698bf,False,0,nominal,False,grasp,"[0.7712583541870117, -0.1737673431634903, -0.8132926225662231, 0.004016176797449589, 0.006773181725293398, -0.00672172661870718, -1.0]",0,1abdbdd00d4162f1c3a7d1ea2c854c3a391b8f846de81f14dda6364117a60f5c,False,Place the red cube in the blue receptacle.,0.0,0.8207844891595659,act_rgb_prior,act_selected,0,0.2853088575503975,0.28533999847262703,2.4266499967779964,2.9597949996968964,0.1841000012063887,0.28021500002068933,False,300106,False,False,12.0,False,240,False,True,2.616899997519795,3.164020004987833,1,False,3.444870900006208,False,False,False
96126d2d128cf834ebd42c68ea9fbbeafadec3d5fa4c6417f6b56796454698bf,False,0,nominal,False,grasp,"[0.7711325287818909, -0.16550055146217346, -0.8108634948730469, 0.004197685979306698, 0.006538331508636475, -0.006702215410768986, -1.0]",0,359bc09a3dd6e44ed38b15351eedd65e74bbf127484da11213c0080cf15dd2d6,False,Place the red cube in the blue receptacle.,0.0,0.8267495838408214,act_rgb_prior,act_selected,0,0.30631598659831566,0.306344992087916,2.428400002827402,2.8282600032980554,0.18320000162930228,0.25765499703993555,False,300107,False,False,12.0,False,240,False,True,2.630049995786976,3.025569999226718,1,False,3.4204232999982196,False,False,False
96126d2d128cf834ebd42c68ea9fbbeafadec3d5fa4c6417f6b56796454698bf,False,0,nominal,False,grasp,"[0.7709227204322815, -0.16580812633037567, -0.8110496997833252, 0.004200953058898449, 0.006539046298712492, -0.006707080639898777, -1.0]",0,bda3dd6585256e697beb054671f8013d095d45789184fff239c1f765bf4d52f1,False,Place the red cube in the blue receptacle.,0.0,0.8207844891595659,act_rgb_prior,act_selected,0,0.3292577314251245,0.3292847160663021,2.4312999958056025,2.9007649995037355,0.1853500034485478,0.24075000110315156,False,300108,False,False,12.0,False,240,False,True,2.618100003019208,3.0831149964797078,1,False,3.4984584000048926,False,False,False
96126d2d128cf834ebd42c68ea9fbbeafadec3d5fa4c6417f6b56796454698bf,False,0,nominal,False,grasp,"[0.7710080742835999, -0.1430501639842987, -0.7949984073638916, 0.0045750876888632774, 0.005917486734688282, -0.006601374130696058, -1.0]",0,f5aa83d455a66c6b5b7be937b341561d924155a8608bb336b763791d99c4c419,False,Place the red cube in the blue receptacle.,0.0,0.8281794620403665,act_rgb_prior,act_selected,0,0.19636377884502004,0.19640902263883336,2.433400000882102,2.956830000402988,0.18400000044493936,0.2671100017323624,False,300109,False,False,12.0,False,240,False,True,2.6249999973515514,3.132819996244507,1,False,3.4417914999939967,False,False,False
96126d2d128cf834ebd42c68ea9fbbeafadec3d5fa4c6417f6b56796454698bf,False,0,nominal,False,grasp,"[0.7711973786354065, -0.17335836589336395, -0.8129105567932129, 0.00396135076880455, 0.006849489640444517, -0.006710737943649292, -1.0]",1,714a715946b50dbf0c3d827eba2e215a3230992beb7008e805cce36a545d3ada,False,Place the red cube in the yellow receptacle.,0.0,0.8220395411124883,act_rgb_prior,act_selected,0,0.16054957300273873,0.1606049062856037,2.3800499948265497,2.858825003204401,0.18169999748351984,0.2889600000344217,False,300100,False,False,12.0,False,240,False,True,2.56815000102506,3.0456599975877907,1,False,2.7262682000000495,False,False,False
96126d2d128cf834ebd42c68ea9fbbeafadec3d5fa4c6417f6b56796454698bf,False,0,nominal,False,grasp,"[0.7749955058097839, -0.14268618822097778, -0.7987210750579834, 0.004504349082708359, 0.005963633302599192, -0.006610089913010597, -1.0]",1,2271825b7030240f388fa95a2688ab1b2b647b7ef8ef7ee746af9c555e493e10,False,Place the red cube in the yellow receptacle.,0.0,0.8270246367979669,act_rgb_prior,act_selected,0,0.2989383535924557,0.2989680748511685,2.392250004049856,2.934710001500207,0.1865499980340246,0.2957200034870766,False,300101,False,False,12.0,False,240,False,True,2.5869499986583833,3.1340849982370855,1,False,3.1036611999952584,False,False,False
96126d2d128cf834ebd42c68ea9fbbeafadec3d5fa4c6417f6b56796454698bf,False,0,nominal,False,grasp,"[0.7724852561950684, -0.1738600879907608, -0.8127821683883667, 0.003918628208339214, 0.006893151439726353, -0.006696020253002644, -1.0]",1,985442ec7dc55b1280f32124a7ad33adea9715f8927756d086c12a013b5d6bb4,False,Place the red cube in the yellow receptacle.,0.0,0.8209090307267272,act_rgb_prior,act_selected,0,0.15151618639765363,0.15157481740755732,2.3376499993901234,2.8749799988872833,0.18614999862620607,0.28847499888797756,False,300102,False,False,12.0,False,240,False,True,2.535550003813114,3.0683749973832164,1,False,3.2880938000016613,False,False,False
96126d2d128cf834ebd42c68ea9fbbeafadec3d5fa4c6417f6b56796454698bf,False,0,nominal,False,selection_no_approach,"[0.770446240901947, -0.14113937318325043, -0.7957829236984253, 0.004546092823147774, 0.005973419640213251, -0.00656114611774683, -1.0]",1,4c0161d3dcc5f3810d289f3eb26844d4ef94150723eda25c686519b2c01a07e9,False,Place the red cube in the yellow receptacle.,0.0,0.8207844891595659,act_rgb_prior,act_selected,0,0.11851802572404875,0.11859297176971365,2.3776000052748714,2.9544149991124864,0.19585000336519442,0.32614999981888104,False,300103,False,False,12.0,False,240,False,False,2.58705000669579,3.1385549980768697,1,False,3.508022699999856,False,False,False
96126d2d128cf834ebd42c68ea9fbbeafadec3d5fa4c6417f6b56796454698bf,False,0,nominal,False,grasp,"[0.7722545862197876, -0.1744116246700287, -0.8137768507003784, 0.00397706963121891, 0.006814059801399708, -0.006722531281411648, -1.0]",1,01cff4377f131a668e171d2af0327d5f1516d6345cb3445f79c5d46ce8e725cf,False,Place the red cube in the yellow receptacle.,0.0,0.8336822544415153,act_rgb_prior,act_selected,0,0.15979249100040008,0.15984808635626127,2.3468499966838863,2.844555005503935,0.1866999955382198,0.27087500129709946,False,300104,False,False,12.0,False,240,False,True,2.531900001486065,3.0309199999464904,1,False,3.4339478999972926,False,False,False
96126d2d128cf834ebd42c68ea9fbbeafadec3d5fa4c6417f6b56796454698bf,False,0,nominal,False,selection_no_approach,"[0.7728058099746704, -0.14741148054599762, -0.7965863943099976, 0.004387129098176956, 0.006166328210383654, -0.006622456945478916, -1.0]",1,cad2366d94149cf24367c27a2aa80c2281e227e689fa60a470edf661452c5d53,False,Place the red cube in the yellow receptacle.,0.0,0.8207844891595659,act_rgb_prior,act_selected,0,0.14881504436613882,0.148874739164647,2.3297999978240114,2.5517150021187263,0.1846999984991271,0.22694000217597932,False,300105,False,False,12.0,False,240,False,False,2.5160999975923914,2.751019996503601,1,False,3.3976552999956766,False,False,False
96126d2d128cf834ebd42c68ea9fbbeafadec3d5fa4c6417f6b56796454698bf,False,0,nominal,False,grasp,"[0.7720636129379272, -0.17347681522369385, -0.8143216371536255, 0.004030756652355194, 0.0067528230138123035, -0.006728908978402615, -1.0]",1,1abdbdd00d4162f1c3a7d1ea2c854c3a391b8f846de81f14dda6364117a60f5c,False,Place the red cube in the yellow receptacle.,0.0,0.8207844891595659,act_rgb_prior,act_selected,0,0.1606559897967474,0.16071128644005814,2.2989499993855134,2.7229900028032716,0.18494999676477164,0.2265150022140005,False,300106,False,False,12.0,False,240,False,True,2.488050002284581,2.912830006243894,1,False,3.4148721000019577,False,False,False
96126d2d128cf834ebd42c68ea9fbbeafadec3d5fa4c6417f6b56796454698bf,False,0,nominal,False,grasp,"[0.7719547152519226, -0.16523140668869019, -0.811669111251831, 0.0042105065658688545, 0.006519243121147156, -0.006709615234285593, -1.0]",1,359bc09a3dd6e44ed38b15351eedd65e74bbf127484da11213c0080cf15dd2d6,False,Place the red cube in the yellow receptacle.,0.0,0.8267375210067944,act_rgb_prior,act_selected,0,0.13889863275105813,0.13896258745345502,2.342349998798454,2.702719995431835,0.1834499998949468,0.24315500158991193,False,300107,False,False,12.0,False,240,False,True,2.5292499958595727,2.91432999947574,1,False,3.35357450000447,False,False,False
96126d2d128cf834ebd42c68ea9fbbeafadec3d5fa4c6417f6b56796454698bf,False,0,nominal,False,grasp,"[0.7717463970184326, -0.16554471850395203, -0.8118563890457153, 0.004213789477944374, 0.0065199751406908035, -0.006714560091495514, -1.0]",1,bda3dd6585256e697beb054671f8013d095d45789184fff239c1f765bf4d52f1,False,Place the red cube in the yellow receptacle.,0.0,0.8207844891595659,act_rgb_prior,act_selected,0,0.19742337499337909,0.19746837601353337,2.3559500004921574,2.693294997516204,0.18234999879496172,0.21576500002993265,False,300108,False,False,12.0,False,240,False,True,2.5433999981032684,2.8986750035983273,1,False,3.305009899995639,False,False,False
96126d2d128cf834ebd42c68ea9fbbeafadec3d5fa4c6417f6b56796454698bf,False,0,nominal,False,grasp,"[0.7717761993408203, -0.1427197903394699, -0.7957292795181274, 0.004587078467011452, 0.005898307077586651, -0.006606612354516983, -1.0]",1,f5aa83d455a66c6b5b7be937b341561d924155a8608bb336b763791d99c4c419,False,Place the red cube in the yellow receptacle.,0.0,0.8279793208792199,act_rgb_prior,act_selected,0,0.2918844790746918,0.2919149185231032,2.3178499977802858,2.7405550001276424,0.18479999926057644,0.21732999994128474,False,300109,False,False,12.0,False,240,False,True,2.4953000029199757,2.943505006260238,1,False,3.4123782999959076,False,False,False
96126d2d128cf834ebd42c68ea9fbbeafadec3d5fa4c6417f6b56796454698bf,False,0,nominal,False,selection_no_approach,"[0.7702602744102478, -0.17539049685001373, -0.8111835718154907, 0.0039383890107274055, 0.006900842301547527, -0.006702505983412266, -1.0]",0,714a715946b50dbf0c3d827eba2e215a3230992beb7008e805cce36a545d3ada,False,Place the green cube in the blue receptacle.,0.0,0.8207844891595659,act_rgb_prior,act_selected,1,0.17601252545536833,0.1760629990907303,2.3247500030265655,2.8002750012092292,0.1754000004439149,0.22385499942174644,False,300100,False,False,12.0,False,240,False,False,2.506849999917904,2.9757700038317125,1,False,2.6915382000006502,False,False,False
96126d2d128cf834ebd42c68ea9fbbeafadec3d5fa4c6417f6b56796454698bf,False,0,nominal,False,selection_no_approach,"[0.7746397256851196, -0.14420045912265778, -0.7974621057510376, 0.004488326609134674, 0.006001445930451155, -0.006610305979847908, -1.0]",0,2271825b7030240f388fa95a2688ab1b2b647b7ef8ef7ee746af9c555e493e10,False,Place the green cube in the blue receptacle.,0.0,0.8207844891595659,act_rgb_prior,act_selected,1,0.33893186293030053,0.33895807740936024,2.3586999996041413,2.8336500028672162,0.1765000015439,0.23265499512490342,False,300101,False,False,12.0,False,240,False,False,2.5454000024183188,3.028215004087542,1,False,2.884996000000683,False,False,False
96126d2d128cf834ebd42c68ea9fbbeafadec3d5fa4c6417f6b56796454698bf,False,0,nominal,False,selection_no_approach,"[0.7715056538581848, -0.17588916420936584, -0.810981273651123, 0.003895642003044486, 0.006944973021745682, -0.00668727234005928, -1.0]",0,985442ec7dc55b1280f32124a7ad33adea9715f8927756d086c12a013b5d6bb4,False,Place the green cube in the blue receptacle.,0.0,0.8207844891595659,act_rgb_prior,act_selected,1,0.20387892720597295,0.20392250363877018,2.270299995871028,2.7594049963227008,0.18090000230586156,0.2280050011904677,False,300102,False,False,12.0,False,240,False,False,2.46760000300128,2.941445000033127,1,False,3.1607571999993525,False,False,False
96126d2d128cf834ebd42c68ea9fbbeafadec3d5fa4c6417f6b56796454698bf,False,0,nominal,False,grasp,"[0.769903838634491, -0.142704576253891, -0.7945126295089722, 0.004529926925897598, 0.0060114082880318165, -0.006561988033354282, -1.0]",0,4c0161d3dcc5f3810d289f3eb26844d4ef94150723eda25c686519b2c01a07e9,False,Place the green cube in the blue receptacle.,0.0,0.832406369652534,act_rgb_prior,act_selected,1,0.16131937874114127,0.1613744480674484,2.3158000003604684,2.5580049958080053,0.18079999790643342,0.24116000531648743,False,300103,False,False,12.0,False,240,False,True,2.5027000046975445,2.834039998197113,1,False,3.281111399999645,False,False,False
96126d2d128cf834ebd42c68ea9fbbeafadec3d5fa4c6417f6b56796454698bf,False,0,nominal,False,selection_no_approach,"[0.771287739276886, -0.1763559728860855, -0.812042236328125, 0.0039551472291350365, 0.006864733994007111, -0.006713997106999159, -1.0]",0,01cff4377f131a668e171d2af0327d5f1516d6345cb3445f79c5d46ce8e725cf,False,Place the green cube in the blue receptacle.,0.0,0.8207844891595659,act_rgb_prior,act_selected,1,0.1606859621757187,0.16074124850822305,2.2940500020922627,2.7157799959240947,0.18049999926006421,0.2716800016060006,False,300104,False,False,12.0,False,240,False,False,2.497300003597047,2.913919994898606,1,False,3.3134169000040856,False,False,False
96126d2d128cf834ebd42c68ea9fbbeafadec3d5fa4c6417f6b56796454698bf,False,0,nominal,False,grasp,"[0.7725514769554138, -0.14889909327030182, -0.7953026294708252, 0.004373883828520775, 0.0062047322280704975, -0.006622623652219772, -1.0]",0,cad2366d94149cf24367c27a2aa80c2281e227e689fa60a470edf661452c5d53,False,Place the green cube in the blue receptacle.,0.0,0.8294703146615011,act_rgb_prior,act_selected,1,0.14211644957861233,0.14217895685535212,2.331299998331815,2.729299997736234,0.18305000412510708,0.24623499775771052,False,300105,False,False,12.0,False,240,False,True,2.510899998014793,2.9084550013067196,1,False,3.3184820000024047,False,False,False
96126d2d128cf834ebd42c68ea9fbbeafadec3d5fa4c6417f6b56796454698bf,False,0,nominal,False,selection_no_approach,"[0.7711868286132812, -0.17543265223503113, -0.8126853704452515, 0.004009050317108631, 0.006802733987569809, -0.006721245590597391, -1.0]",0,1abdbdd00d4162f1c3a7d1ea2c854c3a391b8f846de81f14dda6364117a60f5c,False,Place the green cube in the blue receptacle.,0.0,0.8207844891595659,act_rgb_prior,act_selected,1,0.2060192867956355,0.2060624106027786,2.2470500007329974,2.565314999083057,0.18124999769497663,0.27372500335332006,False,300106,False,False,12.0,False,240,False,False,2.4360999996133614,2.8469000069890167,1,False,3.3004450000007637,False,False,False
96126d2d128cf834ebd42c68ea9fbbeafadec3d5fa4c6417f6b56796454698bf,False,0,nominal,False,selection_no_approach,"[0.7714142799377441, -0.16689661145210266, -0.8097984790802002, 0.004193199798464775, 0.006564612500369549, -0.006706452462822199, -1.0]",0,359bc09a3dd6e44ed38b15351eedd65e74bbf127484da11213c0080cf15dd2d6,False,Place the green cube in the blue receptacle.,0.0,0.8207844891595659,act_rgb_prior,act_selected,1,0.15188463661369708,0.15194312544804597,2.3053500008245464,2.8895699950226117,0.18405000082566403,0.22474000106740277,False,300107,False,False,12.0,False,240,False,False,2.4985499985632487,3.0799149950325955,1,False,3.3322615000070073,False,False,False
96126d2d128cf834ebd42c68ea9fbbeafadec3d5fa4c6417f6b56796454698bf,False,0,nominal,False,selection_no_approach,"[0.7711985111236572, -0.16720600426197052, -0.8099764585494995, 0.004196410998702049, 0.006565477699041367, -0.006711300928145647, -1.0]",0,bda3dd6585256e697beb054671f8013d095d45789184fff239c1f765bf4d52f1,False,Place the green cube in the blue receptacle.,0.0,0.8207844891595659,act_rgb_prior,act_selected,1,0.1624813505613359,0.1625360261969067,2.4164999995264225,3.05854000216641,0.19685000370373018,0.28205500602780376,False,300108,False,False,12.0,False,240,False,False,2.622149997478118,3.2638450051308605,1,False,3.5346721000023535,False,False,False
96126d2d128cf834ebd42c68ea9fbbeafadec3d5fa4c6417f6b56796454698bf,False,0,nominal,False,selection_no_approach,"[0.7712984681129456, -0.14417175948619843, -0.7944682836532593, 0.004571039229631424, 0.005935922730714083, -0.006607238668948412, -1.0]",0,f5aa83d455a66c6b5b7be937b341561d924155a8608bb336b763791d99c4c419,False,Place the green cube in the blue receptacle.,0.0,0.8207844891595659,act_rgb_prior,act_selected,1,0.29756004211771936,0.2975899010328555,2.301249998708954,2.7006900028936798,0.1841000012063887,0.29318999804672785,False,300109,False,False,12.0,False,240,False,False,2.486799992766464,2.8750750057952246,1,False,3.4253189000010025,False,False,False
96126d2d128cf834ebd42c68ea9fbbeafadec3d5fa4c6417f6b56796454698bf,False,0,nominal,False,selection_no_approach,"[0.7706058025360107, -0.17525836825370789, -0.811508059501648, 0.003942649811506271, 0.006893048528581858, -0.006704417988657951, -1.0]",1,714a715946b50dbf0c3d827eba2e215a3230992beb7008e805cce36a545d3ada,False,Place the green cube in the yellow receptacle.,0.0,0.8207844891595659,act_rgb_prior,act_selected,1,0.29227067245106036,0.29230107168233377,2.335450000828132,2.831360002528527,0.18474999887985177,0.25913000281434495,False,300100,False,False,12.0,False,240,False,False,2.526600001147017,3.0698699927597772,1,False,2.7744920999975875,False,False,False
96126d2d128cf834ebd42c68ea9fbbeafadec3d5fa4c6417f6b56796454698bf,False,0,nominal,False,selection_no_approach,"[0.7749773859977722, -0.1440710425376892, -0.7977199554443359, 0.004491474479436874, 0.00599365308880806, -0.006611797027289867, -1.0]",1,2271825b7030240f388fa95a2688ab1b2b647b7ef8ef7ee746af9c555e493e10,False,Place the green cube in the yellow receptacle.,0.0,0.8207844891595659,act_rgb_prior,act_selected,1,0.19448856861409552,0.19453424853533005,2.381549998972332,2.9419849954138044,0.18210000052931719,0.22761500185879396,False,300101,False,False,12.0,False,240,False,False,2.563399997598026,3.135439998368383,1,False,2.9339958999989904,False,False,False
96126d2d128cf834ebd42c68ea9fbbeafadec3d5fa4c6417f6b56796454698bf,False,0,nominal,False,selection_no_approach,"[0.7718698382377625, -0.17576709389686584, -0.8113220930099487, 0.003899904666468501, 0.006937012542039156, -0.006689267233014107, -1.0]",1,985442ec7dc55b1280f32124a7ad33adea9715f8927756d086c12a013b5d6bb4,False,Place the green cube in the yellow receptacle.,0.0,0.8207844891595659,act_rgb_prior,act_selected,1,0.28423561761461,0.2842668761083581,2.299600004334934,2.767315002711257,0.185500000952743,0.29363499488681555,False,300102,False,False,12.0,False,240,False,False,2.495700002327794,3.021989996705088,1,False,3.1796446000007563,False,False,False
96126d2d128cf834ebd42c68ea9fbbeafadec3d5fa4c6417f6b56796454698bf,False,0,nominal,False,grasp,"[0.7702744007110596, -0.14255526661872864, -0.7947770357131958, 0.00453305896371603, 0.006003570277243853, -0.006563177332282066, -1.0]",1,4c0161d3dcc5f3810d289f3eb26844d4ef94150723eda25c686519b2c01a07e9,False,Place the green cube in the yellow receptacle.,0.0,0.8331322360109511,act_rgb_prior,act_selected,1,0.2749833456809958,0.27501565579719245,2.283649995661108,2.6792949996888638,0.1812999980757013,0.2333399941562675,False,300103,False,False,12.0,False,240,False,True,2.4751499950070865,2.8551899958983995,1,False,3.2626227000000654,False,False,False
96126d2d128cf834ebd42c68ea9fbbeafadec3d5fa4c6417f6b56796454698bf,False,0,nominal,False,selection_no_approach,"[0.7716308236122131, -0.17623504996299744, -0.8123599290847778, 0.003959221765398979, 0.0068571241572499275, -0.006715948227792978, -1.0]",1,01cff4377f131a668e171d2af0327d5f1516d6345cb3445f79c5d46ce8e725cf,False,Place the green cube in the yellow receptacle.,0.0,0.8207844891595659,act_rgb_prior,act_selected,1,0.324123079555671,0.32415049164284426,2.3750500004098285,2.707469998495071,0.18479999926057644,0.2175449983042199,False,300104,False,False,12.0,False,240,False,False,2.5633499972173013,2.895269999862648,1,False,3.3845261999958893,False,False,False
96126d2d128cf834ebd42c68ea9fbbeafadec3d5fa4c6417f6b56796454698bf,False,0,nominal,False,grasp,"[0.7728736996650696, -0.14878475666046143, -0.795529842376709, 0.004376870580017567, 0.006197306327521801, -0.0066241794265806675, -1.0]",1,cad2366d94149cf24367c27a2aa80c2281e227e689fa60a470edf661452c5d53,False,Place the green cube in the yellow receptacle.,0.0,0.8299834082394453,act_rgb_prior,act_selected,1,0.26814292814061746,0.2681760623983247,2.3721500001556706,2.9799350009852787,0.185349999810569,0.24808000271150368,False,300105,False,False,12.0,False,240,False,True,2.562900001066737,3.1677799957833486,1,False,3.31879409999965,False,False,False
96126d2d128cf834ebd42c68ea9fbbeafadec3d5fa4c6417f6b56796454698bf,False,0,nominal,False,selection_no_approach,"[0.7715249061584473, -0.17532096803188324, -0.8129998445510864, 0.004013081081211567, 0.006795166060328484, -0.0067230770364403725, -1.0]",1,1abdbdd00d4162f1c3a7d1ea2c854c3a391b8f846de81f14dda6364117a60f5c,False,Place the green cube in the yellow receptacle.,0.0,0.8207844891595659,act_rgb_prior,act_selected,1,0.332300098394547,0.33232683599834584,2.3114500036172103,2.752890001647756,0.18374999854131602,0.284875000215834,False,300106,False,False,12.0,False,240,False,False,2.49574999907054,2.950859998600208,1,False,3.271879399995669,False,False,False
96126d2d128cf834ebd42c68ea9fbbeafadec3d5fa4c6417f6b56796454698bf,False,0,nominal,False,selection_no_approach,"[0.7717634439468384, -0.16678553819656372, -0.8100689649581909, 0.004196695052087307, 0.006557035259902477, -0.0067083644680678844, -1.0]",1,359bc09a3dd6e44ed38b15351eedd65e74bbf127484da11213c0080cf15dd2d6,False,Place the green cube in the yellow receptacle.,0.0,0.8207844891595659,act_rgb_prior,act_selected,1,0.28714404388105996,0.2871749857978823,2.3301499968511052,2.78317500014964,0.1809999994293321,0.23538999994343604,False,300107,False,False,12.0,False,240,False,False,2.511049995518988,2.9614899951411644,1,False,3.28702269999485,False,False,False
96126d2d128cf834ebd42c68ea9fbbeafadec3d5fa4c6417f6b56796454698bf,False,0,nominal,False,selection_no_approach,"[0.7715476155281067, -0.16709639132022858, -0.8102473020553589, 0.004199919290840626, 0.0065578981302678585, -0.006713245529681444, -1.0]",1,bda3dd6585256e697beb054671f8013d095d45789184fff239c1f765bf4d52f1,False,Place the green cube in the yellow receptacle.,0.0,0.8207844891595659,act_rgb_prior,act_selected,1,0.27544150402214507,0.27547376040128974,2.301700002135476,2.7560300015466055,0.18429999909130856,0.23526499680883714,False,300108,False,False,12.0,False,240,False,False,2.504900003259536,2.9403199961961946,1,False,3.275680700004159,False,False,False
96126d2d128cf834ebd42c68ea9fbbeafadec3d5fa4c6417f6b56796454698bf,False,0,nominal,False,selection_no_approach,"[0.7716450691223145, -0.14405028522014618, -0.7947231531143188, 0.004574158228933811, 0.0059281219728291035, -0.006608584430068731, -1.0]",1,f5aa83d455a66c6b5b7be937b341561d924155a8608bb336b763791d99c4c419,False,Place the green cube in the yellow receptacle.,0.0,0.8207844891595659,act_rgb_prior,act_selected,1,0.15400006046029743,0.15405774616494,2.372900002228562,2.7928250005061273,0.18194999938714318,0.2081199982058024,False,300109,False,False,12.0,False,240,False,False,2.560500000981847,2.978834995883517,1,False,3.340026600002602,False,False,False
fd22ccd4faf5232b1f3105e2aa1956e68e4690f59f61c06824523af25b855574,False,0,nominal,False,grasp,"[0.7819442749023438, -0.022182881832122803, -0.8111765384674072, 0.003870270447805524, 0.005614403169602156, -0.0066790590062737465, -1.0]",0,714a715946b50dbf0c3d827eba2e215a3230992beb7008e805cce36a545d3ada,False,Place the red cube in the blue receptacle.,0.0,0.8207844891595659,act_rgb_prior,act_selected,0,0.28661253798428277,0.28664353727484904,2.3119499965105206,3.0006299977685558,0.17870000010589138,0.22093000079621558,False,300100,False,False,12.0,False,240,False,True,2.49094999890076,3.183920004084939,2,False,2.6997059999994235,False,False,False
fd22ccd4faf5232b1f3105e2aa1956e68e4690f59f61c06824523af25b855574,False,0,nominal,False,selection_no_approach,"[0.7854259014129639, 0.011367999017238617, -0.8208285570144653, 0.0038064264226704836, 0.005562507547438145, -0.006657013203948736, -1.0]",0,2271825b7030240f388fa95a2688ab1b2b647b7ef8ef7ee746af9c555e493e10,False,Place the red cube in the blue receptacle.,0.0,0.8207844891595659,act_rgb_prior,act_selected,0,0.16900009548162034,0.16905266281381848,2.3143000034906436,2.9416449964628555,0.17825000031734817,0.24319000076502548,False,300101,False,False,12.0,False,240,False,False,2.5019500026246533,3.1868849979218794,2,False,2.9446914000000106,False,False,False
fd22ccd4faf5232b1f3105e2aa1956e68e4690f59f61c06824523af25b855574,False,0,nominal,False,selection_no_approach,"[0.7817339897155762, -0.021591227501630783, -0.8110467195510864, 0.0038615844678133726, 0.005589838605374098, -0.006691798102110624, -1.0]",0,985442ec7dc55b1280f32124a7ad33adea9715f8927756d086c12a013b5d6bb4,False,Place the red cube in the blue receptacle.,0.0,0.8207844891595659,act_rgb_prior,act_selected,0,0.3064992449785307,0.3065282331271545,2.301899996382417,2.6716099957411643,0.18095000268658623,0.22087500474299296,False,300102,False,False,12.0,False,240,False,False,2.4829999965731986,2.8514549983810866,2,False,3.1887655000027735,False,False,False
fd22ccd4faf5232b1f3105e2aa1956e68e4690f59f61c06824523af25b855574,False,0,nominal,False,selection_no_approach,"[0.7847011685371399, 0.019763711839914322, -0.8188599348068237, 0.003782569197937846, 0.005542528349906206, -0.006702979560941458, -1.0]",0,4c0161d3dcc5f3810d289f3eb26844d4ef94150723eda25c686519b2c01a07e9,False,Place the red cube in the blue receptacle.,0.0,0.8207844891595659,act_rgb_prior,act_selected,0,0.3095575738836816,0.3095862756654384,2.292900000611553,2.5721400004840684,0.1825500003178604,0.25693499883345794,False,300103,False,False,12.0,False,240,False,False,2.4829499998304527,2.8481050070695346,2,False,3.2814495999991777,False,False,False
fd22ccd4faf5232b1f3105e2aa1956e68e4690f59f61c06824523af25b855574,False,0,nominal,False,selection_no_approach,"[0.7816693186759949, -0.021615367382764816, -0.8163636922836304, 0.003931176848709583, 0.005600650329142809, -0.00665814196690917, -1.0]",0,01cff4377f131a668e171d2af0327d5f1516d6345cb3445f79c5d46ce8e725cf,False,Place the red cube in the blue receptacle.,0.0,0.8207844891595659,act_rgb_prior,act_selected,0,0.28980146954069397,0.28983212775603673,2.279700001963647,2.7158150005561765,0.18294999972567894,0.24442499634460543,False,300104,False,False,12.0,False,240,False,False,2.477200006978819,2.8947399998287437,2,False,3.3365155999999843,False,False,False
fd22ccd4faf5232b1f3105e2aa1956e68e4690f59f61c06824523af25b855574,False,0,nominal,False,selection_no_approach,"[0.7853686809539795, 0.02661215141415596, -0.8155044317245483, 0.0037058282177895308, 0.005584269762039185, -0.006690341513603926, -1.0]",0,cad2366d94149cf24367c27a2aa80c2281e227e689fa60a470edf661452c5d53,False,Place the red cube in the blue receptacle.,0.0,0.8207844891595659,act_rgb_prior,act_selected,0,0.27997043102394353,0.2800021656690864,2.351499999349471,2.650415004609385,0.18289999570697546,0.2799449986923719,False,300105,False,False,12.0,False,240,False,False,2.5454999995417893,2.9079650066705653,2,False,3.3015702000047895,False,False,False
fd22ccd4faf5232b1f3105e2aa1956e68e4690f59f61c06824523af25b855574,False,0,nominal,False,grasp,"[0.7821009159088135, -0.022302962839603424, -0.8104525804519653, 0.003875395515933633, 0.005622683558613062, -0.006686705630272627, -1.0]",0,1abdbdd00d4162f1c3a7d1ea2c854c3a391b8f846de81f14dda6364117a60f5c,False,Place the red cube in the blue receptacle.,0.0,0.8289056485491363,act_rgb_prior,act_selected,0,0.2504512848047673,0.25048675931474795,2.353799995034933,2.728414999364759,0.18504999752622098,0.23580499837407842,False,300106,False,False,12.0,False,240,False,True,2.5443499944231007,2.949799994530622,2,False,3.3105519999953685,False,False,False
fd22ccd4faf5232b1f3105e2aa1956e68e4690f59f61c06824523af25b855574,False,0,nominal,False,grasp,"[0.7813217043876648, -0.0222051739692688, -0.8104709386825562, 0.00387470587156713, 0.005597821436822414, -0.006691761314868927, -1.0]",0,359bc09a3dd6e44ed38b15351eedd65e74bbf127484da11213c0080cf15dd2d6,False,Place the red cube in the blue receptacle.,0.0,0.8288156568432521,act_rgb_prior,act_selected,0,0.30482330883247066,0.30485245634441194,2.3067500005709007,2.6305099971068557,0.18645000091055408,0.2245350056909956,False,300107,False,False,12.0,False,240,False,True,2.506200002244441,2.8366849917802024,2,False,3.2851176999974996,False,False,False
fd22ccd4faf5232b1f3105e2aa1956e68e4690f59f61c06824523af25b855574,False,0,nominal,False,selection_no_approach,"[0.7813577651977539, -0.022309930995106697, -0.8104801177978516, 0.003867130959406495, 0.00560378422960639, -0.006694488227367401, -1.0]",0,bda3dd6585256e697beb054671f8013d095d45789184fff239c1f765bf4d52f1,False,Place the red cube in the blue receptacle.,0.0,0.8207844891595659,act_rgb_prior,act_selected,0,0.3292577314251245,0.3292847160663021,2.3128500033635646,2.9113150019838927,0.1853500034485478,0.2799799967760918,False,300108,False,False,12.0,False,240,False,False,2.50485000651679,3.1011550028779302,2,False,3.3861984999966808,False,False,False
fd22ccd4faf5232b1f3105e2aa1956e68e4690f59f61c06824523af25b855574,False,0,nominal,False,selection_no_approach,"[0.7836349606513977, 0.01489909179508686, -0.8205450773239136, 0.0037617224734276533, 0.005620358977466822, -0.006606159266084433, -1.0]",0,f5aa83d455a66c6b5b7be937b341561d924155a8608bb336b763791d99c4c419,False,Place the red cube in the blue receptacle.,0.0,0.8207844891595659,act_rgb_prior,act_selected,0,0.17387991343304146,0.1739310059395041,2.3313500023505185,2.8582999955688133,0.18939999790745787,0.2576350030722096,False,300109,False,False,12.0,False,240,False,False,2.5253000058000907,3.072165000048699,2,False,3.5251657999979216,False,False,False
fd22ccd4faf5232b1f3105e2aa1956e68e4690f59f61c06824523af25b855574,False,0,nominal,False,grasp,"[0.7792337536811829, -0.02331935241818428, -0.8110700845718384, 0.0038929057773202658, 0.005587791092693806, -0.00669492781162262, -1.0]",1,714a715946b50dbf0c3d827eba2e215a3230992beb7008e805cce36a545d3ada,False,Place the red cube in the yellow receptacle.,0.0,0.821061619220842,act_rgb_prior,act_selected,0,0.15919125293286138,0.1592470581894059,2.305100002558902,2.9992550014867447,0.1773999974830076,0.28954000590601936,False,300100,False,False,12.0,False,240,False,True,2.4818999991111923,3.1876150034804596,2,False,2.6721165999988443,False,False,False
fd22ccd4faf5232b1f3105e2aa1956e68e4690f59f61c06824523af25b855574,False,0,nominal,False,selection_no_approach,"[0.7820545434951782, 0.009221004322171211, -0.8189049959182739, 0.0038035737816244364, 0.005584932863712311, -0.00665522925555706, -1.0]",1,2271825b7030240f388fa95a2688ab1b2b647b7ef8ef7ee746af9c555e493e10,False,Place the red cube in the yellow receptacle.,0.0,0.8207844891595659,act_rgb_prior,act_selected,0,0.29687100648238907,0.2969009346928913,2.2992999984126072,2.796510002372088,0.176350000401726,0.2266700059408322,False,300101,False,False,12.0,False,240,False,False,2.484499997081002,2.970565005307435,2,False,2.8663797000044724,False,False,False
fd22ccd4faf5232b1f3105e2aa1956e68e4690f59f61c06824523af25b855574,False,0,nominal,False,selection_no_approach,"[0.778914749622345, -0.022944750264286995, -0.8106248378753662, 0.0038802146445959806, 0.005580134689807892, -0.006701684556901455, -1.0]",1,985442ec7dc55b1280f32124a7ad33adea9715f8927756d086c12a013b5d6bb4,False,Place the red cube in the yellow receptacle.,0.0,0.8207844891595659,act_rgb_prior,act_selected,0,0.15106381001956407,0.15112261653793838,2.338000002055196,2.9325499963306356,0.1822500016714912,0.27278500056127086,False,300102,False,False,12.0,False,240,False,False,2.518900000723079,3.1441549996088725,2,False,3.180765400000382,False,False,False
fd22ccd4faf5232b1f3105e2aa1956e68e4690f59f61c06824523af25b855574,False,0,nominal,False,selection_no_approach,"[0.7813366651535034, 0.017596080899238586, -0.8163975477218628, 0.0037785291206091642, 0.005571300629526377, -0.006704258266836405, -1.0]",1,4c0161d3dcc5f3810d289f3eb26844d4ef94150723eda25c686519b2c01a07e9,False,Place the red cube in the yellow receptacle.,0.0,0.8207844891595659,act_rgb_prior,act_selected,0,0.11851802572404875,0.11859297176971365,2.3002000016276725,2.638530001786421,0.18000000272877514,0.2779149988782592,False,300103,False,False,12.0,False,240,False,False,2.490250004484551,2.8895100000227103,2,False,3.2908606999990297,False,False,False
fd22ccd4faf5232b1f3105e2aa1956e68e4690f59f61c06824523af25b855574,False,0,nominal,False,selection_no_approach,"[0.7787705659866333, -0.022600550204515457, -0.8164232969284058, 0.0039560915902256966, 0.005564759485423565, -0.00667989905923605, -1.0]",1,01cff4377f131a668e171d2af0327d5f1516d6345cb3445f79c5d46ce8e725cf,False,Place the red cube in the yellow receptacle.,0.0,0.8207844891595659,act_rgb_prior,act_selected,0,0.1632803890111447,0.1633347971721781,2.3097000012057833,2.8285000025789486,0.18230000205221586,0.27509999854373746,False,300104,False,False,12.0,False,240,False,False,2.4905499958549626,3.0099649960902752,2,False,3.3590057999972487,False,False,False
fd22ccd4faf5232b1f3105e2aa1956e68e4690f59f61c06824523af25b855574,False,0,nominal,False,selection_no_approach,"[0.7821496725082397, 0.024397965520620346, -0.8130031824111938, 0.003703030990436673, 0.005612583830952644, -0.006693079136312008, -1.0]",1,cad2366d94149cf24367c27a2aa80c2281e227e689fa60a470edf661452c5d53,False,Place the red cube in the yellow receptacle.,0.0,0.8207844891595659,act_rgb_prior,act_selected,0,0.14881504436613882,0.148874739164647,2.321949999895878,2.6457350049895467,0.18514999828767031,0.2725149992329534,False,300105,False,False,12.0,False,240,False,False,2.5165999977616593,2.8356400071061216,2,False,3.317885500000557,False,False,False
fd22ccd4faf5232b1f3105e2aa1956e68e4690f59f61c06824523af25b855574,False,0,nominal,False,grasp,"[0.7793800830841064, -0.023415908217430115, -0.8103455305099487, 0.00389879266731441, 0.005596174858510494, -0.006703872699290514, -1.0]",1,1abdbdd00d4162f1c3a7d1ea2c854c3a391b8f846de81f14dda6364117a60f5c,False,Place the red cube in the yellow receptacle.,0.0,0.8289744568316157,act_rgb_prior,act_selected,0,0.19078986323037564,0.1908364285012462,2.2949000012886245,2.613739998923847,0.1831500012485776,0.23146499988797578,False,300106,False,False,12.0,False,240,False,True,2.487149995431537,2.8201400018588174,2,False,3.3116293999992195,False,False,False
fd22ccd4faf5232b1f3105e2aa1956e68e4690f59f61c06824523af25b855574,False,0,nominal,False,grasp,"[0.7785819172859192, -0.023466136306524277, -0.8100488185882568, 0.0038955367635935545, 0.005580775439739227, -0.006704580504447222, -1.0]",1,359bc09a3dd6e44ed38b15351eedd65e74bbf127484da11213c0080cf15dd2d6,False,Place the red cube in the yellow receptacle.,0.0,0.8289955992190398,act_rgb_prior,act_selected,0,0.16993115396033284,0.16998343336318442,2.301749998878222,2.6058949977596053,0.18319999799132347,0.2861550026864279,False,300107,False,False,12.0,False,240,False,True,2.487900001142407,2.810759993008105,2,False,3.291393200001039,False,False,False
fd22ccd4faf5232b1f3105e2aa1956e68e4690f59f61c06824523af25b855574,False,0,nominal,False,selection_no_approach,"[0.7785415053367615, -0.023536933586001396, -0.810124397277832, 0.0038884745445102453, 0.0055842227302491665, -0.006708269473165274, -1.0]",1,bda3dd6585256e697beb054671f8013d095d45789184fff239c1f765bf4d52f1,False,Place the red cube in the yellow receptacle.,0.0,0.8207844891595659,act_rgb_prior,act_selected,0,0.19742337499337909,0.19746837601353337,2.303649998793844,2.6693100007832977,0.1824000028136652,0.23959999671205875,False,300108,False,False,12.0,False,240,False,False,2.5139999997918494,2.8512999982922334,2,False,3.3038921000043047,False,False,False
fd22ccd4faf5232b1f3105e2aa1956e68e4690f59f61c06824523af25b855574,False,0,nominal,False,selection_no_approach,"[0.7802006602287292, 0.012674083933234215, -0.8182705640792847, 0.0037574272137135267, 0.0056466758251190186, -0.00660476740449667, -1.0]",1,f5aa83d455a66c6b5b7be937b341561d924155a8608bb336b763791d99c4c419,False,Place the red cube in the yellow receptacle.,0.0,0.8207844891595659,act_rgb_prior,act_selected,0,0.32537750786095365,0.3254048142751591,2.412850000837352,3.0292699982965132,0.1934000028995797,0.25030999640875956,False,300109,False,False,12.0,False,240,False,False,2.60445000094478,3.2294649980030954,2,False,3.5504531000042334,False,False,False
fd22ccd4faf5232b1f3105e2aa1956e68e4690f59f61c06824523af25b855574,False,0,nominal,False,selection_no_approach,"[0.7798108458518982, -0.02117503434419632, -0.8122866153717041, 0.0038757098373025656, 0.005582947749644518, -0.006670637056231499, -1.0]",0,714a715946b50dbf0c3d827eba2e215a3230992beb7008e805cce36a545d3ada,False,Place the green cube in the blue receptacle.,0.0,0.8207844891595659,act_rgb_prior,act_selected,1,0.17601252545536833,0.1760629990907303,2.405549996183254,2.8897699990920955,0.17929999739862978,0.2816099968185881,False,300100,False,False,12.0,False,240,False,False,2.595800000563031,3.0876899931172375,2,False,2.810471000004327,False,False,False
fd22ccd4faf5232b1f3105e2aa1956e68e4690f59f61c06824523af25b855574,False,0,nominal,False,selection_no_approach,"[0.7837240695953369, 0.011608395725488663, -0.8201907873153687, 0.0037927913945168257, 0.0055635287426412106, -0.006641850806772709, -1.0]",0,2271825b7030240f388fa95a2688ab1b2b647b7ef8ef7ee746af9c555e493e10,False,Place the green cube in the blue receptacle.,0.0,0.8207844891595659,act_rgb_prior,act_selected,1,0.33893186293030053,0.33895807740936024,2.416100000118604,2.994485003364389,0.1805500032787677,0.2730400021391688,False,300101,False,False,12.0,False,240,False,False,2.6092000043718144,3.1668550069298362,2,False,3.0496481000009226,False,False,False
fd22ccd4faf5232b1f3105e2aa1956e68e4690f59f61c06824523af25b855574,False,0,nominal,False,selection_no_approach,"[0.7797862887382507, -0.02075112611055374, -0.8115198612213135, 0.0038652478251606226, 0.005567803047597408, -0.006683777552098036, -1.0]",0,985442ec7dc55b1280f32124a7ad33adea9715f8927756d086c12a013b5d6bb4,False,Place the green cube in the blue receptacle.,0.0,0.8207844891595659,act_rgb_prior,act_selected,1,0.20387892720597295,0.20392250363877018,2.3939500024425797,2.801964996979222,0.18309999722987413,0.25898500352923287,False,300102,False,False,12.0,False,240,False,False,2.582500001153676,2.97256000667403,2,False,3.2869072999965283,False,False,False
fd22ccd4faf5232b1f3105e2aa1956e68e4690f59f61c06824523af25b855574,False,0,nominal,False,selection_no_approach,"[0.7831940054893494, 0.01994812861084938, -0.8178615570068359, 0.003768346505239606, 0.0055463314056396484, -0.006690140347927809, -1.0]",0,4c0161d3dcc5f3810d289f3eb26844d4ef94150723eda25c686519b2c01a07e9,False,Place the green cube in the blue receptacle.,0.0,0.8207844891595659,act_rgb_prior,act_selected,1,0.1642066690216361,0.16426077037085565,2.4284999999508727,2.9781100012769457,0.1854999973147642,0.2927750021626707,False,300103,False,False,12.0,False,240,False,False,2.6343999998061918,3.2235299982858123,2,False,3.3725595000069006,False,False,False
fd22ccd4faf5232b1f3105e2aa1956e68e4690f59f61c06824523af25b855574,False,0,nominal,False,selection_no_approach,"[0.7792767882347107, -0.020397964864969254, -0.8178383111953735, 0.003936344757676125, 0.005563561338931322, -0.006648552138358355, -1.0]",0,01cff4377f131a668e171d2af0327d5f1516d6345cb3445f79c5d46ce8e725cf,False,Place the green cube in the blue receptacle.,0.0,0.8207844891595659,act_rgb_prior,act_selected,1,0.1606859621757187,0.16074124850822305,2.402550002443604,2.8034299986757105,0.18459999773767777,0.2787300018098904,False,300104,False,False,12.0,False,240,False,False,2.5871500074572396,3.0055849936616137,2,False,3.4269112999973004,False,False,False
fd22ccd4faf5232b1f3105e2aa1956e68e4690f59f61c06824523af25b855574,False,0,nominal,False,grasp,"[0.7839546799659729, 0.026816021651029587, -0.8145534992218018, 0.0036922700237482786, 0.0055883522145450115, -0.006677574012428522, -1.0]",0,cad2366d94149cf24367c27a2aa80c2281e227e689fa60a470edf661452c5d53,False,Place the green cube in the blue receptacle.,0.0,0.8286426941849296,act_rgb_prior,act_selected,1,0.1739378475017339,0.1739889229956386,2.404399998340523,2.8925249989697477,0.18625000302563421,0.2855250048014568,False,300105,False,False,12.0,False,240,False,True,2.604000001156237,3.0713149943039753,2,False,3.4509818000005907,False,False,False
fd22ccd4faf5232b1f3105e2aa1956e68e4690f59f61c06824523af25b855574,False,0,nominal,False,selection_no_approach,"[0.7799903750419617, -0.02126246877014637, -0.8115358352661133, 0.0038817154709249735, 0.005590732209384441, -0.006679008714854717, -1.0]",0,1abdbdd00d4162f1c3a7d1ea2c854c3a391b8f846de81f14dda6364117a60f5c,False,Place the green cube in the blue receptacle.,0.0,0.8207844891595659,act_rgb_prior,act_selected,1,0.2060192867956355,0.2060624106027786,2.3649499999010004,3.072800004156306,0.18980000095325522,0.2536400003009475,False,300106,False,False,12.0,False,240,False,False,2.5583499991626013,3.290789997481624,2,False,3.53836020000017,False,False,False
fd22ccd4faf5232b1f3105e2aa1956e68e4690f59f61c06824523af25b855574,False,0,nominal,False,selection_no_approach,"[0.7793242335319519, -0.02130618691444397, -0.8111517429351807, 0.003879196709021926, 0.005571597255766392, -0.006684002932161093, -1.0]",0,359bc09a3dd6e44ed38b15351eedd65e74bbf127484da11213c0080cf15dd2d6,False,Place the green cube in the blue receptacle.,0.0,0.8207844891595659,act_rgb_prior,act_selected,1,0.15188463661369708,0.15194312544804595,2.391699999861885,2.912770000330056,0.1869000043370761,0.2853199956007302,False,300107,False,False,12.0,False,240,False,False,2.5870499994198326,3.1036800086440053,2,False,3.401015900002676,False,False,False
fd22ccd4faf5232b1f3105e2aa1956e68e4690f59f61c06824523af25b855574,False,0,nominal,False,selection_no_approach,"[0.7792661786079407, -0.021365614607930183, -0.8113120794296265, 0.003871795954182744, 0.005575905553996563, -0.006686139851808548, -1.0]",0,bda3dd6585256e697beb054671f8013d095d45789184fff239c1f765bf4d52f1,False,Place the green cube in the blue receptacle.,0.0,0.8207844891595659,act_rgb_prior,act_selected,1,0.1624813505613359,0.1625360261969067,2.3841999973228667,2.8596449959877646,0.18400000044493936,0.23661999657633714,False,300108,False,False,12.0,False,240,False,False,2.566750001278706,3.052944994487916,2,False,3.4269495000044117,False,False,False
fd22ccd4faf5232b1f3105e2aa1956e68e4690f59f61c06824523af25b855574,False,0,nominal,False,selection_no_approach,"[0.781994104385376, 0.015081524848937988, -0.8196039199829102, 0.0037465302739292383, 0.005623057018965483, -0.006591671146452427, -1.0]",0,f5aa83d455a66c6b5b7be937b341561d924155a8608bb336b763791d99c4c419,False,Place the green cube in the blue receptacle.,0.0,0.8207844891595659,act_rgb_prior,act_selected,1,0.29756004211771936,0.2975899010328555,2.401100002316525,2.828554999723565,0.1852000023063738,0.23652499767194965,False,300109,False,False,12.0,False,240,False,False,2.595849997305777,3.007520002211095,2,False,3.51306669999758,False,False,False
fd22ccd4faf5232b1f3105e2aa1956e68e4690f59f61c06824523af25b855574,False,0,nominal,False,selection_no_approach,"[0.7770125269889832, -0.02265811711549759, -0.8095719814300537, 0.0038724790792912245, 0.005598091054707766, -0.0066750445403158665, -1.0]",1,714a715946b50dbf0c3d827eba2e215a3230992beb7008e805cce36a545d3ada,False,Place the green cube in the yellow receptacle.,0.0,0.8207844891595659,act_rgb_prior,act_selected,1,0.29227067245106036,0.29230107168233377,2.352849998715101,2.843330000177957,0.1752499993017409,0.28649999840126833,False,300100,False,False,12.0,False,240,False,False,2.540549998229835,3.045839997503208,2,False,2.722554799998761,False,False,False
fd22ccd4faf5232b1f3105e2aa1956e68e4690f59f61c06824523af25b855574,False,0,nominal,False,selection_no_approach,"[0.7800332903862, 0.009536612778902054, -0.8165743350982666, 0.0037773160729557276, 0.005605113692581654, -0.006634773686528206, -1.0]",1,2271825b7030240f388fa95a2688ab1b2b647b7ef8ef7ee746af9c555e493e10,False,Place the green cube in the yellow receptacle.,0.0,0.8207844891595659,act_rgb_prior,act_selected,1,0.19448856861409552,0.19453424853533005,2.2793499992985744,2.7020099987566937,0.17590000061318278,0.20223000428813975,False,300101,False,False,12.0,False,240,False,False,2.462549997289898,2.935425008035963,2,False,2.920585100000608,False,False,False
fd22ccd4faf5232b1f3105e2aa1956e68e4690f59f61c06824523af25b855574,False,0,nominal,False,selection_no_approach,"[0.7767741084098816, -0.022347211837768555, -0.8088804483413696, 0.0038601176347583532, 0.005593100097030401, -0.006682986859232187, -1.0]",1,985442ec7dc55b1280f32124a7ad33adea9715f8927756d086c12a013b5d6bb4,False,Place the green cube in the yellow receptacle.,0.0,0.8207844891595659,act_rgb_prior,act_selected,1,0.28423561761461,0.2842668761083581,2.2884499994688667,2.7443000002676854,0.18165000074077398,0.2405100047326414,False,300102,False,False,12.0,False,240,False,False,2.4757000064710155,2.9186550007580077,2,False,3.199701700003061,False,False,False
fd22ccd4faf5232b1f3105e2aa1956e68e4690f59f61c06824523af25b855574,False,0,nominal,False,selection_no_approach,"[0.7794831395149231, 0.01787552237510681, -0.8140456676483154, 0.0037532856222242117, 0.005590869579464197, -0.006685247644782066, -1.0]",1,4c0161d3dcc5f3810d289f3eb26844d4ef94150723eda25c686519b2c01a07e9,False,Place the green cube in the yellow receptacle.,0.0,0.8207844891595659,act_rgb_prior,act_selected,1,0.2749088196657144,0.27494113853994656,2.270050004881341,2.7193449965125183,0.18304999684914947,0.29597500470117666,False,300103,False,False,12.0,False,240,False,False,2.4726999981794506,2.993794999201782,2,False,3.2818740000002435,False,False,False
fd22ccd4faf5232b1f3105e2aa1956e68e4690f59f61c06824523af25b855574,False,0,nominal,False,selection_no_approach,"[0.7762891054153442, -0.021877767518162727, -0.8149375915527344, 0.003932825289666653, 0.005575556308031082, -0.006657964549958706, -1.0]",1,01cff4377f131a668e171d2af0327d5f1516d6345cb3445f79c5d46ce8e725cf,False,Place the green cube in the yellow receptacle.,0.0,0.8207844891595659,act_rgb_prior,act_selected,1,0.324123079555671,0.32415049164284426,2.338399997825036,2.6692950021242723,0.18015000023297034,0.28595000148925465,False,300104,False,False,12.0,False,240,False,False,2.5197500035574194,2.892685004917439,2,False,3.3284143000055337,False,False,False
fd22ccd4faf5232b1f3105e2aa1956e68e4690f59f61c06824523af25b855574,False,0,nominal,False,grasp,"[0.780434787273407, 0.024690311402082443, -0.8107427358627319, 0.0036794429179280996, 0.0056298160925507545, -0.006675236858427525, -1.0]",1,cad2366d94149cf24367c27a2aa80c2281e227e689fa60a470edf661452c5d53,False,Place the green cube in the yellow receptacle.,0.0,0.8294053911072959,act_rgb_prior,act_selected,1,0.2257982352968402,0.22583758233476783,2.336550001928117,2.6723950039013284,0.18054999964078888,0.2582950000942219,False,300105,False,False,12.0,False,240,False,True,2.5167499989038333,2.8472550053265877,2,False,3.244783299996925,False,False,False
fd22ccd4faf5232b1f3105e2aa1956e68e4690f59f61c06824523af25b855574,False,0,nominal,False,selection_no_approach,"[0.777166485786438, -0.022762831300497055, -0.8088473081588745, 0.0038785364013165236, 0.005606374237686396, -0.006684768479317427, -1.0]",1,1abdbdd00d4162f1c3a7d1ea2c854c3a391b8f846de81f14dda6364117a60f5c,False,Place the green cube in the yellow receptacle.,0.0,0.8207844891595659,act_rgb_prior,act_selected,1,0.332300098394547,0.33232683599834584,2.295449998200638,2.6692499963246514,0.18170000112149864,0.2698700009204913,False,300106,False,False,12.0,False,240,False,False,2.487249996192986,2.879089994166861,2,False,3.2889735999997356,False,False,False
fd22ccd4faf5232b1f3105e2aa1956e68e4690f59f61c06824523af25b855574,False,0,nominal,False,selection_no_approach,"[0.7763991355895996, -0.022852297872304916, -0.8083739280700684, 0.0038749987725168467, 0.0055927010253071785, -0.006685388274490833, -1.0]",1,359bc09a3dd6e44ed38b15351eedd65e74bbf127484da11213c0080cf15dd2d6,False,Place the green cube in the yellow receptacle.,0.0,0.8207844891595659,act_rgb_prior,act_selected,1,0.28714404388105996,0.2871749857978823,2.2852999936731067,2.725834999000653,0.1827000014600344,0.24881500539777326,False,300107,False,False,12.0,False,240,False,False,2.473649994499283,2.911979997952585,2,False,3.286598700004106,False,False,False
fd22ccd4faf5232b1f3105e2aa1956e68e4690f59f61c06824523af25b855574,False,0,nominal,False,selection_no_approach,"[0.7762847542762756, -0.02290651574730873, -0.8084762096405029, 0.0038675370160490274, 0.005596301984041929, -0.0066882842220366, -1.0]",1,bda3dd6585256e697beb054671f8013d095d45789184fff239c1f765bf4d52f1,False,Place the green cube in the yellow receptacle.,0.0,0.8207844891595659,act_rgb_prior,act_selected,1,0.27544150402214507,0.27547376040128974,2.35410000095726,2.7413849984441185,0.18044999887933955,0.2042199979769066,False,300108,False,False,12.0,False,240,False,False,2.5325500027975067,2.9479299962986256,2,False,3.2872343999988516,False,False,False
fd22ccd4faf5232b1f3105e2aa1956e68e4690f59f61c06824523af25b855574,False,0,nominal,False,selection_no_approach,"[0.7781304121017456, 0.012942641973495483, -0.8157327175140381, 0.0037299131508916616, 0.005668116733431816, -0.0065844012424349785, -1.0]",1,f5aa83d455a66c6b5b7be937b341561d924155a8608bb336b763791d99c4c419,False,Place the green cube in the yellow receptacle.,0.0,0.8207844891595659,act_rgb_prior,act_selected,1,0.15400006046029743,0.15405774616494,2.3753500026941765,2.6552050065220096,0.18390000332146883,0.2390099994954653,False,300109,False,False,12.0,False,240,False,False,2.5668000016594306,2.8389950097334804,2,False,3.336648599994078,False,False,False
