backend,checkpoint,checkpoint_sha256,collision,collision_steps,condition,dropped,execute_steps,first_action,goal_id,inference_device,initial_rgbd_robot_camera_pose_sha256,instruction,max_lift_m,mode,object_id,placement_error_m,placement_error_xyz_m,policy_p50_ms,policy_p95_ms,preprocess_p50_ms,preprocess_p95_ms,scene_seed,simulation_seconds,steps,success,total_p50_ms,total_p95_ms,training_seed,voxel_m,wall_seconds,wrong_destination,wrong_target
pytorch,artifacts\main_runs\mono_s0\best.pt,46cd65b17c2db3cdc6d28292b9bdc96f040052e6660e13c2fbebba49fc5fa579,False,0,nominal,False,2,"[0.779699981212616, 0.8505175709724426, -0.8013818264007568, 0.0007458706386387348, 0.0053499736823141575, -0.0032134042121469975, -1.0]",0,cpu,73a3a6f1a4bc09c8d2a9f6f0747f4ecc69d772d31df6d741b26cc9b3b9b29c86,Place the red cube in the blue receptacle.,0.9894046972824926,mono,0,0.0256615835649352,0.02582302540419109,13.044000021182,13.878574973205104,3.044749959371984,3.899000061210245,200100,4.55,91,True,16.12505002412945,17.52139997552149,0,0.004,1.811816900037229,False,False
pytorch,artifacts\main_runs\mono_s0\best.pt,46cd65b17c2db3cdc6d28292b9bdc96f040052e6660e13c2fbebba49fc5fa579,False,0,nominal,False,2,"[0.7804199457168579, -0.8335629105567932, -0.7796320915222168, 0.006013214588165283, 0.007101864088326693, -0.009478749707341194, -0.9899905920028687]",0,cpu,19f7e89b9a8e4e3a51c218c474c0f37db2b7a2d863b4dee118dd5c4ffcc5f581,Place the red cube in the blue receptacle.,0.8207844891595659,mono,0,0.28782756483683497,0.2878584332819663,13.239200052339584,14.274240023223683,2.9754999559372663,4.130904999328777,200101,11.0,220,False,16.431599971838295,17.71009500953369,0,0.004,4.372037399909459,False,False
pytorch,artifacts\main_runs\mono_s0\best.pt,46cd65b17c2db3cdc6d28292b9bdc96f040052e6660e13c2fbebba49fc5fa579,False,0,nominal,False,2,"[0.7847544550895691, -0.8514676690101624, -0.7639955282211304, 0.006172356195747852, 0.007135024294257164, -0.009608245454728603, -0.9906017780303955]",0,cpu,e3531ef36f9b88e7c7c1b17db0960f6bd9eba0159796d91b69180153140802f2,Place the red cube in the blue receptacle.,0.8207844891595659,mono,0,0.29410585688951385,0.29413606645285956,13.285900000482798,14.282629999797791,3.006399958394468,3.9337699185125525,200102,11.0,220,False,16.568399965763092,17.58366500143893,0,0.004,4.7612519999966025,False,True
pytorch,artifacts\main_runs\mono_s0\best.pt,46cd65b17c2db3cdc6d28292b9bdc96f040052e6660e13c2fbebba49fc5fa579,False,0,nominal,False,2,"[0.7731624245643616, 0.8686888813972473, -0.7965136766433716, 0.0007198301609605551, 0.005083322525024414, -0.0031520063057541847, -1.0]",0,cpu,8bf9496ab00b40e87f5cd13ff1cf03c5c0402d7823d33a4b047a232ab5dd2b72,Place the red cube in the blue receptacle.,0.8207844891595659,mono,0,0.13666167014084762,0.13672667119962975,13.292000046931207,14.534984971396625,3.063499927520752,4.038719955133274,200103,11.0,220,False,16.365549992769957,18.088819907279685,0,0.004,4.659281500033103,False,False
pytorch,artifacts\main_runs\mono_s0\best.pt,46cd65b17c2db3cdc6d28292b9bdc96f040052e6660e13c2fbebba49fc5fa579,False,0,nominal,False,2,"[0.7815279960632324, -0.8683674931526184, -0.7632393836975098, 0.006301911547780037, 0.007166990544646978, -0.009648559615015984, -0.9751067161560059]",0,cpu,3272a28ae6703770bfa10827560c8c00906480eb142163c288e5c8a455da54c7,Place the red cube in the blue receptacle.,0.9922481333201243,mono,0,0.04202222344830482,0.04691493376873105,13.226800016127527,13.814950035884975,2.9775999719277024,4.148045007605106,200104,5.15,103,True,16.406250011641532,17.53276504459791,0,0.004,2.2435397999361157,False,False
pytorch,artifacts\main_runs\mono_s0\best.pt,46cd65b17c2db3cdc6d28292b9bdc96f040052e6660e13c2fbebba49fc5fa579,False,0,nominal,False,2,"[0.7866687178611755, -0.8300211429595947, -0.7604488134384155, 0.006104140542447567, 0.007163073401898146, -0.009601285681128502, -1.0]",0,cpu,cfa305b62281aed9f63144192c13fc35d0f62d294b755355125494be3d20958c,Place the red cube in the blue receptacle.,0.9855472823978888,mono,0,0.03840685952473653,0.038426013347449425,13.242250017356128,14.013259951025248,2.971499983686954,3.959419968305155,200105,4.95,99,True,16.290450002998114,17.582380067324266,0,0.004,2.1317816000664607,False,False
pytorch,artifacts\main_runs\mono_s0\best.pt,46cd65b17c2db3cdc6d28292b9bdc96f040052e6660e13c2fbebba49fc5fa579,False,0,nominal,False,2,"[0.7827889919281006, 0.8594890236854553, -0.7839903831481934, 0.0007982070092111826, 0.005209054797887802, -0.0032897968776524067, -1.0]",0,cpu,ad1da59ca4ef9fd15d2fec69d26d8f279ca324127f2c08a030c8d307b80fd83b,Place the red cube in the blue receptacle.,0.9855548418275281,mono,0,0.004658240354639162,0.0058708141665934546,13.487900025211275,14.86968002282083,2.9805999947711825,3.819239977747202,200106,4.85,97,True,16.440899926237762,18.336820043623444,0,0.004,2.123759699985385,False,False
pytorch,artifacts\main_runs\mono_s0\best.pt,46cd65b17c2db3cdc6d28292b9bdc96f040052e6660e13c2fbebba49fc5fa579,False,0,nominal,False,2,"[0.7816392779350281, 0.8713715672492981, -0.7941675186157227, 0.0007289545610547066, 0.005318261682987213, -0.0030963614117354155, -1.0]",0,cpu,b7788b674c1681c3c46907e5a65c3f9f8c1577e8a6cb953ec3bc9075cce16561,Place the red cube in the blue receptacle.,0.9747970970626273,mono,0,0.34972956662904403,0.34975004236273916,13.242300017736852,14.082419977057725,2.964199986308813,4.122610011836514,200107,11.0,220,False,16.397400002460927,17.418405000353232,0,0.004,4.732744399923831,True,False
pytorch,artifacts\main_runs\mono_s0\best.pt,46cd65b17c2db3cdc6d28292b9bdc96f040052e6660e13c2fbebba49fc5fa579,False,0,nominal,False,2,"[0.7841067910194397, 0.864296555519104, -0.8022253513336182, 0.0006685054395347834, 0.0052894060499966145, -0.0031582475639879704, -1.0]",0,cpu,66d3ab2a609eac7b226bf3c9fa663fdbc960532531d77b202cd14d54bea6f7ce,Place the red cube in the blue receptacle.,0.8207844891595659,mono,0,0.3014816415240195,0.3015111120799086,13.35874997312203,14.174479950452223,2.9747499502263963,4.174615006195381,200108,11.0,220,False,16.447549976874143,17.681254941271618,0,0.004,4.734839700045995,False,True
pytorch,artifacts\main_runs\mono_s0\best.pt,46cd65b17c2db3cdc6d28292b9bdc96f040052e6660e13c2fbebba49fc5fa579,False,0,nominal,False,2,"[0.7775129079818726, 0.855223536491394, -0.7993744611740112, 0.0008544833399355412, 0.005123115610331297, -0.003228249028325081, -1.0]",0,cpu,9ac0aadfd5a1f112f321aab7c46860df854e7835b726c9d237f8b6e74bfc547d,Place the red cube in the blue receptacle.,0.8207844891595659,mono,0,0.1949463629192572,0.19499193559502034,13.528900046367198,14.66985503793694,2.9279000591486692,3.9919700531754643,200109,11.0,220,False,16.459500009659678,18.28823999967426,0,0.004,4.7075677999528125,False,False
pytorch,artifacts\main_runs\mono_s0\best.pt,46cd65b17c2db3cdc6d28292b9bdc96f040052e6660e13c2fbebba49fc5fa579,False,0,nominal,False,2,"[0.7748303413391113, 0.8571146130561829, -0.8020989894866943, 0.0007693411316722631, 0.005202689208090305, -0.003219157923012972, -1.0]",1,cpu,73a3a6f1a4bc09c8d2a9f6f0747f4ecc69d772d31df6d741b26cc9b3b9b29c86,Place the red cube in the yellow receptacle.,0.9811201473701548,mono,0,0.01215673768460168,0.012323308783527836,13.250949967186898,14.214799943147227,3.4216499770991504,4.124599974602461,200100,5.6,112,True,16.752550029195845,18.006474972935393,0,0.004,2.2638833000091836,False,False
pytorch,artifacts\main_runs\mono_s0\best.pt,46cd65b17c2db3cdc6d28292b9bdc96f040052e6660e13c2fbebba49fc5fa579,False,0,nominal,False,2,"[0.7733944654464722, -0.8196681141853333, -0.7995157241821289, 0.00602815393358469, 0.007081411778926849, -0.00940854661166668, -0.9782769680023193]",1,cpu,19f7e89b9a8e4e3a51c218c474c0f37db2b7a2d863b4dee118dd5c4ffcc5f581,Place the red cube in the yellow receptacle.,0.8207844891595659,mono,0,0.16992155455401783,0.16997383690938989,13.217700063250959,13.889194978401065,3.4360000281594694,4.196064989082515,200101,11.0,220,False,16.563599987421185,17.646389949368313,0,0.004,4.549427299993113,False,True
pytorch,artifacts\main_runs\mono_s0\best.pt,46cd65b17c2db3cdc6d28292b9bdc96f040052e6660e13c2fbebba49fc5fa579,True,3,nominal,False,2,"[0.7773835062980652, -0.8374574780464172, -0.7843831777572632, 0.006189023144543171, 0.007099794689565897, -0.009515199810266495, -0.9776589870452881]",1,cpu,e3531ef36f9b88e7c7c1b17db0960f6bd9eba0159796d91b69180153140802f2,Place the red cube in the yellow receptacle.,0.8207844891595659,mono,0,0.16009042115790967,0.16014591308604387,13.17535003181547,14.210335054667667,3.3687499817460775,4.221415001666173,200102,11.0,220,False,16.619150002952665,17.865124985110015,0,0.004,4.6177126000402495,False,False
pytorch,artifacts\main_runs\mono_s0\best.pt,46cd65b17c2db3cdc6d28292b9bdc96f040052e6660e13c2fbebba49fc5fa579,False,0,nominal,False,2,"[0.7685666084289551, 0.8813258409500122, -0.7948920726776123, 0.0007852544076740742, 0.004934550262987614, -0.0030982811003923416, -0.975176215171814]",1,cpu,8bf9496ab00b40e87f5cd13ff1cf03c5c0402d7823d33a4b047a232ab5dd2b72,Place the red cube in the yellow receptacle.,0.8207844891595659,mono,0,0.2681102532231562,0.26814339151847605,13.166500022634864,14.147549966583028,3.4235500497743487,4.210975050227717,200103,11.0,220,False,16.670600045472383,17.654160008532926,0,0.004,4.681700600078329,False,False
pytorch,artifacts\main_runs\mono_s0\best.pt,46cd65b17c2db3cdc6d28292b9bdc96f040052e6660e13c2fbebba49fc5fa579,False,0,nominal,False,2,"[0.7743293046951294, -0.8575609922409058, -0.7840346097946167, 0.0063554467633366585, 0.007136926054954529, -0.009561479091644287, -0.9608863592147827]",1,cpu,3272a28ae6703770bfa10827560c8c00906480eb142163c288e5c8a455da54c7,Place the red cube in the yellow receptacle.,0.9955163429682914,mono,0,0.0065696055682442885,0.007384200107313301,13.199799926951528,13.752049999311566,3.425300004892051,4.294149985071272,200104,5.1,102,True,16.67109993286431,17.619699996430427,0,0.004,2.190421700011939,False,False
pytorch,artifacts\main_runs\mono_s0\best.pt,46cd65b17c2db3cdc6d28292b9bdc96f040052e6660e13c2fbebba49fc5fa579,False,0,nominal,False,2,"[0.780865490436554, -0.8003371953964233, -0.7798393964767456, 0.006060237064957619, 0.007138997782021761, -0.009504750370979309, -0.9963141679763794]",1,cpu,cfa305b62281aed9f63144192c13fc35d0f62d294b755355125494be3d20958c,Place the red cube in the yellow receptacle.,0.9950358076088619,mono,0,0.04267869699026312,0.042776030564970126,13.194149942137301,14.474820002214983,3.5046000266447663,4.261124966433272,200105,5.15,103,True,16.72524999594316,18.21095496416092,0,0.004,2.2382610000204295,False,False
pytorch,artifacts\main_runs\mono_s0\best.pt,46cd65b17c2db3cdc6d28292b9bdc96f040052e6660e13c2fbebba49fc5fa579,False,0,nominal,False,2,"[0.7776191830635071, 0.8798596858978271, -0.7799402475357056, 0.000821731286123395, 0.005033963359892368, -0.0031915311701595783, -0.9994421005249023]",1,cpu,ad1da59ca4ef9fd15d2fec69d26d8f279ca324127f2c08a030c8d307b80fd83b,Place the red cube in the yellow receptacle.,0.986857882931691,mono,0,0.029661077211885857,0.029689061270839853,13.464299961924553,14.398100087419152,3.4565000096336007,4.245499963872135,200106,4.05,81,True,16.940200002864003,18.214099924080074,0,0.004,1.7957226000726223,False,False
pytorch,artifacts\main_runs\mono_s0\best.pt,46cd65b17c2db3cdc6d28292b9bdc96f040052e6660e13c2fbebba49fc5fa579,False,0,nominal,False,2,"[0.7777405381202698, 0.8710267543792725, -0.7965795993804932, 0.0007598735392093658, 0.005212880205363035, -0.0031500505283474922, -1.0]",1,cpu,b7788b674c1681c3c46907e5a65c3f9f8c1577e8a6cb953ec3bc9075cce16561,Place the red cube in the yellow receptacle.,0.9857886625857442,mono,0,0.017787042319891706,0.017832497497110137,13.200849993154407,14.29932005703449,3.427150018978864,4.266229941276833,200107,4.95,99,True,16.77919999929145,18.552239990094677,0,0.004,2.1612408000510186,False,False
pytorch,artifacts\main_runs\mono_s0\best.pt,46cd65b17c2db3cdc6d28292b9bdc96f040052e6660e13c2fbebba49fc5fa579,False,0,nominal,False,2,"[0.7795402407646179, 0.8608480095863342, -0.8064539432525635, 0.0007069297134876251, 0.005210317205637693, -0.0032208003103733063, -1.0]",1,cpu,66d3ab2a609eac7b226bf3c9fa663fdbc960532531d77b202cd14d54bea6f7ce,Place the red cube in the yellow receptacle.,0.8207844891595659,mono,0,0.16420571202517106,0.16425981368959125,13.191150035709143,13.958445040043443,3.323999932035804,4.118134954478592,200108,11.0,220,False,16.55839994782582,17.590949992882088,0,0.004,4.677631599945016,False,False
pytorch,artifacts\main_runs\mono_s0\best.pt,46cd65b17c2db3cdc6d28292b9bdc96f040052e6660e13c2fbebba49fc5fa579,False,0,nominal,False,2,"[0.7741681933403015, 0.8701028227806091, -0.7984054088592529, 0.0008931586053222418, 0.004981836769729853, -0.0031743301078677177, -0.9887923002243042]",1,cpu,9ac0aadfd5a1f112f321aab7c46860df854e7835b726c9d237f8b6e74bfc547d,Place the red cube in the yellow receptacle.,0.8207844891595659,mono,0,0.31336516197597375,0.31339351504438323,13.284799992106855,14.541455003200099,3.435600025113672,4.192275076638907,200109,11.0,220,False,16.696700069587678,18.283954996149987,0,0.004,4.8524807000067085,False,False
pytorch,artifacts\main_runs\mono_s0\best.pt,46cd65b17c2db3cdc6d28292b9bdc96f040052e6660e13c2fbebba49fc5fa579,False,0,nominal,False,2,"[0.7766565084457397, 0.8083826899528503, -0.8145017623901367, 0.0008299064356833696, 0.005405310541391373, -0.003443474415689707, -1.0]",0,cpu,73a3a6f1a4bc09c8d2a9f6f0747f4ecc69d772d31df6d741b26cc9b3b9b29c86,Place the green cube in the blue receptacle.,0.8207844891595659,mono,1,0.2774695065956806,0.2775015272428176,12.169599998742342,13.884685019729657,2.9922000248916447,4.198974958853796,200100,11.0,220,False,15.229800017550588,17.331940063741055,0,0.004,4.158868600032292,False,True
pytorch,artifacts\main_runs\mono_s0\best.pt,46cd65b17c2db3cdc6d28292b9bdc96f040052e6660e13c2fbebba49fc5fa579,False,0,nominal,False,2,"[0.7734838128089905, -0.8496583104133606, -0.7944421768188477, 0.006164059042930603, 0.006974403280764818, -0.009408818557858467, -0.9655951261520386]",0,cpu,19f7e89b9a8e4e3a51c218c474c0f37db2b7a2d863b4dee118dd5c4ffcc5f581,Place the green cube in the blue receptacle.,0.9885241268509333,mono,1,0.042429896159033906,0.04253861313156126,12.181200028862804,12.399100029142573,2.9078000225126743,3.8224749732762575,200101,4.55,91,True,15.171450038906187,15.977650036802515,0,0.004,1.8006091000279412,False,False
pytorch,artifacts\main_runs\mono_s0\best.pt,46cd65b17c2db3cdc6d28292b9bdc96f040052e6660e13c2fbebba49fc5fa579,False,0,nominal,False,2,"[0.7799873948097229, -0.871207594871521, -0.7757580280303955, 0.006336611695587635, 0.007033160887658596, -0.009580162353813648, -0.9711949825286865]",0,cpu,e3531ef36f9b88e7c7c1b17db0960f6bd9eba0159796d91b69180153140802f2,Place the green cube in the blue receptacle.,0.9936968894222219,mono,1,0.04127641333493083,0.04149497104308114,12.096699909307063,12.42900004144758,2.894100034609437,3.7735800025984645,200102,4.85,97,True,15.089900000020862,15.907899988815185,0,0.004,1.9710565001005307,False,False
pytorch,artifacts\main_runs\mono_s0\best.pt,46cd65b17c2db3cdc6d28292b9bdc96f040052e6660e13c2fbebba49fc5fa579,False,0,nominal,False,2,"[0.7715269923210144, 0.8253759145736694, -0.8082544803619385, 0.0007929312996566296, 0.005141842179000378, -0.003406161442399025, -0.98319411277771]",0,cpu,8bf9496ab00b40e87f5cd13ff1cf03c5c0402d7823d33a4b047a232ab5dd2b72,Place the green cube in the blue receptacle.,0.8207844891595659,mono,1,0.3268912811722716,0.3269184611460402,12.148400011938065,12.56436497787945,2.814000006765127,3.949980018660426,200103,11.0,220,False,15.00699995085597,16.016775008756667,0,0.004,4.358562699984759,False,False
pytorch,artifacts\main_runs\mono_s0\best.pt,46cd65b17c2db3cdc6d28292b9bdc96f040052e6660e13c2fbebba49fc5fa579,True,1,nominal,False,2,"[0.7767153382301331, -0.8859447836875916, -0.7749640941619873, 0.006457350216805935, 0.0070358156226575375, -0.009613973088562489, -0.9530174732208252]",0,cpu,3272a28ae6703770bfa10827560c8c00906480eb142163c288e5c8a455da54c7,Place the green cube in the blue receptacle.,0.8207844891595659,mono,1,0.292136347294108,0.2921667605015832,12.127400026656687,12.468589999480173,2.8657999937422574,3.836579993367195,200104,11.0,220,False,15.115800022613257,16.11539504956454,0,0.004,4.444057799992152,False,True
pytorch,artifacts\main_runs\mono_s0\best.pt,46cd65b17c2db3cdc6d28292b9bdc96f040052e6660e13c2fbebba49fc5fa579,False,0,nominal,False,2,"[0.7811768651008606, -0.8515258431434631, -0.774193525314331, 0.006286041811108589, 0.007023240439593792, -0.009560620412230492, -0.9778697490692139]",0,cpu,cfa305b62281aed9f63144192c13fc35d0f62d294b755355125494be3d20958c,Place the green cube in the blue receptacle.,0.8207844891595659,mono,1,0.2858731459682993,0.28590422542777916,12.173900031484663,12.535070040030405,2.8446500073187053,3.9840300683863465,200105,11.0,220,False,15.091899957042187,16.291054990142584,0,0.004,4.3800024999072775,False,False
pytorch,artifacts\main_runs\mono_s0\best.pt,46cd65b17c2db3cdc6d28292b9bdc96f040052e6660e13c2fbebba49fc5fa579,False,0,nominal,False,2,"[0.7102260589599609, 0.4020611643791199, -0.8439582586288452, 0.0010830264072865248, 0.005081282928586006, -0.005162482149899006, -0.8175897598266602]",0,cpu,ad1da59ca4ef9fd15d2fec69d26d8f279ca324127f2c08a030c8d307b80fd83b,Place the green cube in the blue receptacle.,0.8207844891595659,mono,1,0.13868502862079796,0.1387490817814567,12.18244998017326,12.728564976714551,2.84470000769943,3.8550100871361788,200106,11.0,220,False,15.122100012376904,16.109314950881526,0,0.004,4.391695199999958,False,False
pytorch,artifacts\main_runs\mono_s0\best.pt,46cd65b17c2db3cdc6d28292b9bdc96f040052e6660e13c2fbebba49fc5fa579,True,1,nominal,False,2,"[0.781383216381073, 0.8302744626998901, -0.8093913793563843, 0.0008275504224002361, 0.005391084123402834, -0.003350045531988144, -1.0]",0,cpu,b7788b674c1681c3c46907e5a65c3f9f8c1577e8a6cb953ec3bc9075cce16561,Place the green cube in the blue receptacle.,0.8207844891595659,mono,1,0.3123013189103902,0.3123297685537116,12.160600046627223,12.553680001292378,2.8519999468699098,4.1163750167470425,200107,11.0,220,False,15.132650034502149,16.240455029765144,0,0.004,4.462567699956708,False,True
pytorch,artifacts\main_runs\mono_s0\best.pt,46cd65b17c2db3cdc6d28292b9bdc96f040052e6660e13c2fbebba49fc5fa579,False,0,nominal,False,2,"[0.7780402898788452, 0.8256352543830872, -0.8148621320724487, 0.0007226483430713415, 0.005321566015481949, -0.00336019997484982, -1.0]",0,cpu,66d3ab2a609eac7b226bf3c9fa663fdbc960532531d77b202cd14d54bea6f7ce,Place the green cube in the blue receptacle.,0.9905338657651307,mono,1,0.3279488298943616,0.32797066543713904,12.130250048357993,12.631770025473088,2.90560006396845,4.000085039297118,200108,11.0,220,False,15.116800088435411,16.11304004327394,0,0.004,4.433424600050785,True,False
pytorch,artifacts\main_runs\mono_s0\best.pt,46cd65b17c2db3cdc6d28292b9bdc96f040052e6660e13c2fbebba49fc5fa579,False,0,nominal,False,2,"[0.7721813321113586, 0.7958372235298157, -0.8132061958312988, 0.0009270990267395973, 0.005203220061957836, -0.0035418393090367317, -0.9886844158172607]",0,cpu,9ac0aadfd5a1f112f321aab7c46860df854e7835b726c9d237f8b6e74bfc547d,Place the green cube in the blue receptacle.,0.8207877133237265,mono,1,0.26227026873208953,0.2623041448251404,12.205449980683625,12.492174946237355,2.9257499845698476,4.041559976758435,200109,11.0,220,False,15.19454998197034,16.246624960331246,0,0.004,4.383751300047152,False,False
pytorch,artifacts\main_runs\mono_s0\best.pt,46cd65b17c2db3cdc6d28292b9bdc96f040052e6660e13c2fbebba49fc5fa579,False,0,nominal,False,2,"[0.7739344835281372, 0.818881630897522, -0.8148341178894043, 0.0008636401034891605, 0.005246161483228207, -0.003438664134591818, -1.0]",1,cpu,73a3a6f1a4bc09c8d2a9f6f0747f4ecc69d772d31df6d741b26cc9b3b9b29c86,Place the green cube in the yellow receptacle.,0.8207844891595659,mono,1,0.18563934431577606,0.18568720120039797,13.166699965950102,15.126540046185255,3.6251000710763037,4.353349970187992,200100,11.0,220,False,16.732200048863888,18.913394975243136,0,0.004,4.39216139994096,False,True
pytorch,artifacts\main_runs\mono_s0\best.pt,46cd65b17c2db3cdc6d28292b9bdc96f040052e6660e13c2fbebba49fc5fa579,False,0,nominal,False,2,"[0.7678288221359253, -0.8354321122169495, -0.8164403438568115, 0.006194242276251316, 0.006910999771207571, -0.009335067123174667, -0.9514274597167969]",1,cpu,19f7e89b9a8e4e3a51c218c474c0f37db2b7a2d863b4dee118dd5c4ffcc5f581,Place the green cube in the yellow receptacle.,0.9899903814066091,mono,1,0.022263873937328274,0.0223867076066849,13.238799991086125,14.863100048387423,3.320450021419674,4.260109958704561,200101,4.95,99,True,16.608450037892908,18.52095497306436,0,0.004,2.1742841999512166,False,False
pytorch,artifacts\main_runs\mono_s0\best.pt,46cd65b17c2db3cdc6d28292b9bdc96f040052e6660e13c2fbebba49fc5fa579,True,2,nominal,False,2,"[0.7753287553787231, -0.85708087682724, -0.7980605363845825, 0.0063697341829538345, 0.006971925497055054, -0.009495854377746582, -0.9597711563110352]",1,cpu,e3531ef36f9b88e7c7c1b17db0960f6bd9eba0159796d91b69180153140802f2,Place the green cube in the yellow receptacle.,0.8207844891595659,mono,1,0.3228839203346171,0.3229114376145527,13.323049992322922,14.367124985437838,3.323799988720566,4.041834978852421,200102,11.0,220,False,16.647750046104193,17.926704947603866,0,0.004,4.6441089999862015,False,False
pytorch,artifacts\main_runs\mono_s0\best.pt,46cd65b17c2db3cdc6d28292b9bdc96f040052e6660e13c2fbebba49fc5fa579,False,0,nominal,False,2,"[0.770150899887085, 0.8405560255050659, -0.8081576824188232, 0.0008718476165086031, 0.004986641928553581, -0.003357911016792059, -0.9635434150695801]",1,cpu,8bf9496ab00b40e87f5cd13ff1cf03c5c0402d7823d33a4b047a232ab5dd2b72,Place the green cube in the yellow receptacle.,0.8207844891595659,mono,1,0.18685921925852572,0.1869067637982949,13.070650049485266,13.86548004229553,3.4536999883130193,4.185240011429413,200103,11.0,220,False,16.476199962198734,17.59848002693616,0,0.004,4.731585899950005,False,False
pytorch,artifacts\main_runs\mono_s0\best.pt,46cd65b17c2db3cdc6d28292b9bdc96f040052e6660e13c2fbebba49fc5fa579,False,0,nominal,False,2,"[0.7739449143409729, -0.8672579526901245, -0.7971019744873047, 0.006493004038929939, 0.006980930455029011, -0.009527727030217648, -0.9458986520767212]",1,cpu,3272a28ae6703770bfa10827560c8c00906480eb142163c288e5c8a455da54c7,Place the green cube in the yellow receptacle.,0.8207844891595659,mono,1,0.1679346069306808,0.1679875076802084,13.24709999607876,14.160745014669374,3.5485500120557845,4.198030004044995,200104,11.0,220,False,16.81900001130998,18.045080034062266,0,0.004,4.845620399923064,False,True
pytorch,artifacts\main_runs\mono_s0\best.pt,46cd65b17c2db3cdc6d28292b9bdc96f040052e6660e13c2fbebba49fc5fa579,True,2,nominal,False,2,"[0.7792065143585205, -0.8200855851173401, -0.7949066162109375, 0.00625225156545639, 0.006979626603424549, -0.009470464661717415, -0.9763317108154297]",1,cpu,cfa305b62281aed9f63144192c13fc35d0f62d294b755355125494be3d20958c,Place the green cube in the yellow receptacle.,0.8207844891595659,mono,1,0.15189225238107323,0.15195073828396316,13.401350006461143,14.286409976193681,3.416549996472895,4.237130016554147,200105,11.0,220,False,16.96385000832379,17.853634973289445,0,0.004,4.871075400034897,False,True
pytorch,artifacts\main_runs\mono_s0\best.pt,46cd65b17c2db3cdc6d28292b9bdc96f040052e6660e13c2fbebba49fc5fa579,True,1,nominal,False,2,"[0.7812759280204773, 0.8259372711181641, -0.7975350618362427, 0.0009096311405301094, 0.0051714531145989895, -0.003528100438416004, -0.996911883354187]",1,cpu,ad1da59ca4ef9fd15d2fec69d26d8f279ca324127f2c08a030c8d307b80fd83b,Place the green cube in the yellow receptacle.,0.8207844891595659,mono,1,0.2800655871159122,0.28009731097999924,13.217750005424023,13.885165000101551,3.330149978864938,4.117235023295507,200106,11.0,220,False,16.665250004734844,17.616990039823577,0,0.004,4.851287900004536,False,True
pytorch,artifacts\main_runs\mono_s0\best.pt,46cd65b17c2db3cdc6d28292b9bdc96f040052e6660e13c2fbebba49fc5fa579,False,0,nominal,False,2,"[0.7787244915962219, 0.8366055488586426, -0.8104698657989502, 0.000844866968691349, 0.005266573280096054, -0.003361369716003537, -1.0]",1,cpu,b7788b674c1681c3c46907e5a65c3f9f8c1577e8a6cb953ec3bc9075cce16561,Place the green cube in the yellow receptacle.,0.8207844891595659,mono,1,0.17632305358491712,0.17637343835497274,13.197150023188442,14.16715499944985,3.5196999670006335,4.177485016407445,200107,11.0,220,False,16.847900056745857,17.909104970749468,0,0.004,4.893771399976686,False,True
pytorch,artifacts\main_runs\mono_s0\best.pt,46cd65b17c2db3cdc6d28292b9bdc96f040052e6660e13c2fbebba49fc5fa579,False,0,nominal,False,2,"[0.7759846448898315, 0.8298147916793823, -0.8172247409820557, 0.0007670675404369831, 0.005204683169722557, -0.0033889375627040863, -1.0]",1,cpu,66d3ab2a609eac7b226bf3c9fa663fdbc960532531d77b202cd14d54bea6f7ce,Place the green cube in the yellow receptacle.,0.9898327150972968,mono,1,0.0400735901927634,0.04017668356030271,13.272700016386807,14.141949941404164,3.4474999411031604,4.072949988767505,200108,5.05,101,True,16.76859997678548,17.705499951262027,0,0.004,2.2411682000383735,False,False
pytorch,artifacts\main_runs\mono_s0\best.pt,46cd65b17c2db3cdc6d28292b9bdc96f040052e6660e13c2fbebba49fc5fa579,False,0,nominal,False,2,"[0.7706385850906372, 0.8228420615196228, -0.8112231492996216, 0.0009744709823280573, 0.0049977973103523254, -0.0034475214779376984, -0.9647399187088013]",1,cpu,9ac0aadfd5a1f112f321aab7c46860df854e7835b726c9d237f8b6e74bfc547d,Place the green cube in the yellow receptacle.,0.8207844891595659,mono,1,0.1540173676296117,0.15407504685444942,13.224099995568395,13.88614503084682,3.3900999696925282,4.146064998349175,200109,11.0,220,False,16.75519999116659,17.60394498705864,0,0.004,4.7189985000295565,False,False
pytorch,artifacts\main_runs\mono_s1\best.pt,5e37ba1e7c7fa3ea6d1627d1698bb13b9c9454dac9d22310219f6ab9ac793b71,False,0,nominal,False,2,"[0.7884530425071716, 0.718130886554718, -0.8687491416931152, 0.0015130990650504827, 0.004722369834780693, -0.003436169121414423, -1.0]",0,cpu,73a3a6f1a4bc09c8d2a9f6f0747f4ecc69d772d31df6d741b26cc9b3b9b29c86,Place the red cube in the blue receptacle.,0.9621876212734574,mono,0,0.11682390327713174,0.11689993545143834,12.820800009649247,13.734615041175857,3.2629499910399318,4.292625025846064,200100,11.0,220,False,16.070299956481904,17.514384991955012,1,0.004,4.218879000050947,False,False
pytorch,artifacts\main_runs\mono_s1\best.pt,5e37ba1e7c7fa3ea6d1627d1698bb13b9c9454dac9d22310219f6ab9ac793b71,False,0,nominal,False,2,"[0.8086512088775635, -0.692657470703125, -0.7970668077468872, 0.006176283583045006, 0.0073096915148198605, -0.009590602479875088, -1.0]",0,cpu,19f7e89b9a8e4e3a51c218c474c0f37db2b7a2d863b4dee118dd5c4ffcc5f581,Place the red cube in the blue receptacle.,0.8207844891595659,mono,0,0.28782756483683497,0.2878584332819663,12.462200014851987,13.813024992123246,3.320499963592738,4.076329997042194,200101,11.0,220,False,15.834949968848377,17.204309959197417,1,0.004,4.528253700002097,False,False
pytorch,artifacts\main_runs\mono_s1\best.pt,5e37ba1e7c7fa3ea6d1627d1698bb13b9c9454dac9d22310219f6ab9ac793b71,False,0,nominal,False,2,"[0.8138030171394348, -0.7373703122138977, -0.7921361923217773, 0.006432017311453819, 0.00723588652908802, -0.009808161295950413, -1.0]",0,cpu,e3531ef36f9b88e7c7c1b17db0960f6bd9eba0159796d91b69180153140802f2,Place the red cube in the blue receptacle.,0.8207844891595659,mono,0,0.29410585688951385,0.29413606645285956,12.7737500006333,13.864964980166405,3.354900050908327,4.247994947945699,200102,11.0,220,False,16.20034995721653,17.70694999722764,1,0.004,4.6912355000386015,False,True
pytorch,artifacts\main_runs\mono_s1\best.pt,5e37ba1e7c7fa3ea6d1627d1698bb13b9c9454dac9d22310219f6ab9ac793b71,False,0,nominal,False,2,"[0.804546594619751, -0.7446407079696655, -0.7965039014816284, 0.006370014511048794, 0.007224050350487232, -0.009783109650015831, -1.0]",0,cpu,8bf9496ab00b40e87f5cd13ff1cf03c5c0402d7823d33a4b047a232ab5dd2b72,Place the red cube in the blue receptacle.,0.8207844891595659,mono,0,0.13666167014084762,0.13672667119962975,12.557699985336512,13.413020013831556,3.1507000676356256,4.115509893745184,200103,11.0,220,False,15.913199924398214,16.910304996417835,1,0.004,4.617009399924427,False,True
pytorch,artifacts\main_runs\mono_s1\best.pt,5e37ba1e7c7fa3ea6d1627d1698bb13b9c9454dac9d22310219f6ab9ac793b71,False,0,nominal,False,2,"[0.7780081629753113, 0.843264102935791, -0.7832857370376587, 0.0006500529125332832, 0.004365616478025913, -0.0026542937848716974, -0.9388372898101807]",0,cpu,3272a28ae6703770bfa10827560c8c00906480eb142163c288e5c8a455da54c7,Place the red cube in the blue receptacle.,0.8207844891595659,mono,0,0.1565947513995782,0.15665148163212989,12.442549981642514,13.684420037316158,3.604650031775236,4.211989993928,200104,11.0,220,False,16.109799966216087,17.34350502374582,1,0.004,4.647655899985693,False,True
pytorch,artifacts\main_runs\mono_s1\best.pt,5e37ba1e7c7fa3ea6d1627d1698bb13b9c9454dac9d22310219f6ab9ac793b71,False,0,nominal,False,2,"[0.7992613315582275, -0.7719523310661316, -0.7967410087585449, 0.006323092617094517, 0.00729586835950613, -0.009818891063332558, -1.0]",0,cpu,cfa305b62281aed9f63144192c13fc35d0f62d294b755355125494be3d20958c,Place the red cube in the blue receptacle.,0.8243695805209303,mono,0,0.16124681762764526,0.16130191172670244,12.675000005401671,13.771665014792234,3.2968500163406134,4.1053299442864954,200105,11.0,220,False,16.110199969261885,17.255629954161122,1,0.004,4.565510599990375,False,False
pytorch,artifacts\main_runs\mono_s1\best.pt,5e37ba1e7c7fa3ea6d1627d1698bb13b9c9454dac9d22310219f6ab9ac793b71,False,0,nominal,False,2,"[0.7952355742454529, -0.7847888469696045, -0.7902721166610718, 0.0064313700422644615, 0.00736903864890337, -0.009789306670427322, -1.0]",0,cpu,ad1da59ca4ef9fd15d2fec69d26d8f279ca324127f2c08a030c8d307b80fd83b,Place the red cube in the blue receptacle.,0.8207844891595659,mono,0,0.2579200094634446,0.25795445685870433,13.191849982831627,14.136945031350477,3.2038999488577247,4.202125011943281,200106,11.0,220,False,16.50940004037693,17.51097504165955,1,0.004,4.770222699968144,False,True
pytorch,artifacts\main_runs\mono_s1\best.pt,5e37ba1e7c7fa3ea6d1627d1698bb13b9c9454dac9d22310219f6ab9ac793b71,False,0,nominal,False,2,"[0.7827247977256775, -0.7890570759773254, -0.7886370420455933, 0.00649221520870924, 0.0073918988928198814, -0.00971992127597332, -1.0]",0,cpu,b7788b674c1681c3c46907e5a65c3f9f8c1577e8a6cb953ec3bc9075cce16561,Place the red cube in the blue receptacle.,0.8207844891595659,mono,0,0.18811587720212708,0.1881631042132638,12.597699940670282,13.791114994091913,3.391750040464103,4.133754980284721,200107,11.0,220,False,16.002749965991825,17.543870024383068,1,0.004,4.711182699888013,False,True
pytorch,artifacts\main_runs\mono_s1\best.pt,5e37ba1e7c7fa3ea6d1627d1698bb13b9c9454dac9d22310219f6ab9ac793b71,False,0,nominal,False,2,"[0.783124566078186, -0.8248587846755981, -0.784002423286438, 0.006531849503517151, 0.007379015441983938, -0.009839041158556938, -0.9874281883239746]",0,cpu,66d3ab2a609eac7b226bf3c9fa663fdbc960532531d77b202cd14d54bea6f7ce,Place the red cube in the blue receptacle.,0.9906505693832792,mono,0,0.017205568351001208,0.01747089826178129,12.469650071579963,13.227210013428703,3.3675499726086855,4.097340011503547,200108,5.2,104,True,15.832950011827052,16.962179989786815,1,0.004,2.226903999922797,False,False
pytorch,artifacts\main_runs\mono_s1\best.pt,5e37ba1e7c7fa3ea6d1627d1698bb13b9c9454dac9d22310219f6ab9ac793b71,False,0,nominal,False,2,"[0.7864612936973572, 0.8404309153556824, -0.7902956008911133, 0.0009844661690294743, 0.004250052385032177, -0.0028011989779770374, -0.9635355472564697]",0,cpu,9ac0aadfd5a1f112f321aab7c46860df854e7835b726c9d237f8b6e74bfc547d,Place the red cube in the blue receptacle.,0.8207844891595659,mono,0,0.1949463629192572,0.19499193559502034,12.515400012489408,14.223449933342636,3.2598000252619386,4.069285007426515,200109,11.0,220,False,16.043849987909198,17.637254955479875,1,0.004,4.6975613998947665,False,True
pytorch,artifacts\main_runs\mono_s1\best.pt,5e37ba1e7c7fa3ea6d1627d1698bb13b9c9454dac9d22310219f6ab9ac793b71,False,0,nominal,False,2,"[0.7853232026100159, 0.7765092849731445, -0.8484766483306885, 0.001295420341193676, 0.0045122564770281315, -0.0030872379429638386, -0.9763534069061279]",1,cpu,73a3a6f1a4bc09c8d2a9f6f0747f4ecc69d772d31df6d741b26cc9b3b9b29c86,Place the red cube in the yellow receptacle.,0.9897231016973305,mono,0,0.03054243852468646,0.03067993269249836,12.904500064905733,14.32859999476932,3.651050035841763,4.210324987070635,200100,5.55,111,True,16.426000045612454,18.131824996089563,1,0.004,2.209603799972683,False,False
pytorch,artifacts\main_runs\mono_s1\best.pt,5e37ba1e7c7fa3ea6d1627d1698bb13b9c9454dac9d22310219f6ab9ac793b71,False,0,nominal,False,2,"[0.7909635901451111, 0.7161756157875061, -0.8331537246704102, 0.0016157326754182577, 0.004574652761220932, -0.003608649829402566, -0.9817101955413818]",1,cpu,19f7e89b9a8e4e3a51c218c474c0f37db2b7a2d863b4dee118dd5c4ffcc5f581,Place the red cube in the yellow receptacle.,0.8207844891595659,mono,0,0.16992155455401783,0.16997383690938989,13.076150033157319,14.283429941860959,3.232399991247803,4.018629970960319,200101,11.0,220,False,16.42190001439303,17.38451499841176,1,0.004,4.455452299909666,False,False
pytorch,artifacts\main_runs\mono_s1\best.pt,5e37ba1e7c7fa3ea6d1627d1698bb13b9c9454dac9d22310219f6ab9ac793b71,False,0,nominal,False,2,"[0.8219788670539856, -0.6244027614593506, -0.7936874628067017, 0.006193152628839016, 0.0071377563290297985, -0.009573642164468765, -1.0]",1,cpu,e3531ef36f9b88e7c7c1b17db0960f6bd9eba0159796d91b69180153140802f2,Place the red cube in the yellow receptacle.,0.8207844891595659,mono,0,0.16009042115790967,0.16014591308604387,13.332800008356571,14.202929974999279,3.3637500018812716,4.15087504661642,200102,11.0,220,False,16.725349996704608,17.825285042636096,1,0.004,4.629133699927479,False,False
pytorch,artifacts\main_runs\mono_s1\best.pt,5e37ba1e7c7fa3ea6d1627d1698bb13b9c9454dac9d22310219f6ab9ac793b71,False,0,nominal,False,2,"[0.806873083114624, -0.7091952562332153, -0.8018252849578857, 0.006346073001623154, 0.007176395505666733, -0.0097274761646986, -1.0]",1,cpu,8bf9496ab00b40e87f5cd13ff1cf03c5c0402d7823d33a4b047a232ab5dd2b72,Place the red cube in the yellow receptacle.,0.8207928452551214,mono,0,0.26809308311647617,0.2681262235338863,13.01065000006929,14.221344998804852,3.3066999167203903,4.129564989125356,200103,11.0,220,False,16.435650002676994,17.436800035648048,1,0.004,4.627293700003065,False,False
pytorch,artifacts\main_runs\mono_s1\best.pt,5e37ba1e7c7fa3ea6d1627d1698bb13b9c9454dac9d22310219f6ab9ac793b71,True,1,nominal,False,2,"[0.7783025503158569, 0.8402715921401978, -0.7974259853363037, 0.0007691842038184404, 0.004311129450798035, -0.0026833913289010525, -0.93274986743927]",1,cpu,3272a28ae6703770bfa10827560c8c00906480eb142163c288e5c8a455da54c7,Place the red cube in the yellow receptacle.,0.8207844891595659,mono,0,0.31235342060645416,0.31238186550470287,13.220600027125329,14.174884959356858,3.3801000099629164,4.183139972155914,200104,11.0,220,False,16.63055003155023,17.98175004660152,1,0.004,4.8240127000026405,False,True
pytorch,artifacts\main_runs\mono_s1\best.pt,5e37ba1e7c7fa3ea6d1627d1698bb13b9c9454dac9d22310219f6ab9ac793b71,False,0,nominal,False,2,"[0.8050569891929626, -0.741594672203064, -0.8057376146316528, 0.006310712546110153, 0.007254726719111204, -0.00978439673781395, -1.0]",1,cpu,cfa305b62281aed9f63144192c13fc35d0f62d294b755355125494be3d20958c,Place the red cube in the yellow receptacle.,0.9920410591751467,mono,0,0.027354146098638718,0.027513934062692633,13.042550010140985,13.925990025745705,3.462049935478717,4.111320059746504,200105,5.0,100,True,16.55389997176826,17.738484969595447,1,0.004,2.153603499988094,False,False
pytorch,artifacts\main_runs\mono_s1\best.pt,5e37ba1e7c7fa3ea6d1627d1698bb13b9c9454dac9d22310219f6ab9ac793b71,False,0,nominal,False,2,"[0.7998887300491333, -0.7568180561065674, -0.7980293035507202, 0.006413138471543789, 0.007350092753767967, -0.009743702597916126, -1.0]",1,cpu,ad1da59ca4ef9fd15d2fec69d26d8f279ca324127f2c08a030c8d307b80fd83b,Place the red cube in the yellow receptacle.,0.8207844891595659,mono,0,0.13603671556891433,0.13610201510052494,13.091699976939708,13.784880010643974,3.3376000355929136,4.077930020866916,200106,11.0,220,False,16.46939996862784,17.371030076174065,1,0.004,4.712457200046629,False,True
pytorch,artifacts\main_runs\mono_s1\best.pt,5e37ba1e7c7fa3ea6d1627d1698bb13b9c9454dac9d22310219f6ab9ac793b71,True,1,nominal,False,2,"[0.7969038486480713, 0.6968173384666443, -0.8571063280105591, 0.0019805666524916887, 0.004422230180352926, -0.00386178120970726, -0.9904454946517944]",1,cpu,b7788b674c1681c3c46907e5a65c3f9f8c1577e8a6cb953ec3bc9075cce16561,Place the red cube in the yellow receptacle.,0.9920044552445365,mono,0,0.03192228369924237,0.03347346591359466,13.22019996587187,13.932349975220859,3.425800008699298,4.154200025368482,200107,5.05,101,True,16.549300053156912,17.635199998039752,1,0.004,2.2025560999754816,False,False
pytorch,artifacts\main_runs\mono_s1\best.pt,5e37ba1e7c7fa3ea6d1627d1698bb13b9c9454dac9d22310219f6ab9ac793b71,False,0,nominal,False,2,"[0.8033396005630493, -0.7761201858520508, -0.8020503520965576, 0.0064897071570158005, 0.007281143683940172, -0.009850595146417618, -1.0]",1,cpu,66d3ab2a609eac7b226bf3c9fa663fdbc960532531d77b202cd14d54bea6f7ce,Place the red cube in the yellow receptacle.,0.9873202402419545,mono,0,0.005825565540091413,0.006653602689638812,13.034699950367212,13.936440052930266,3.4530999837443233,4.035515012219548,200108,4.35,87,True,16.543100005947053,17.667245055781677,1,0.004,1.8864782999735326,False,False
pytorch,artifacts\main_runs\mono_s1\best.pt,5e37ba1e7c7fa3ea6d1627d1698bb13b9c9454dac9d22310219f6ab9ac793b71,False,0,nominal,False,2,"[0.7862712740898132, 0.8458921909332275, -0.8047465085983276, 0.0011231894604861736, 0.00413842499256134, -0.0027826884761452675, -0.9580386877059937]",1,cpu,9ac0aadfd5a1f112f321aab7c46860df854e7835b726c9d237f8b6e74bfc547d,Place the red cube in the yellow receptacle.,0.8207844891595659,mono,0,0.31336516197597375,0.31339351504438323,13.129100028891116,14.680580055573955,3.387299948371947,4.102999978931621,200109,11.0,220,False,16.494299983605742,18.17029003868811,1,0.004,4.7480664000613615,False,True
pytorch,artifacts\main_runs\mono_s1\best.pt,5e37ba1e7c7fa3ea6d1627d1698bb13b9c9454dac9d22310219f6ab9ac793b71,False,0,nominal,False,2,"[0.7853760719299316, 0.6976372599601746, -0.8767379522323608, 0.001622922020033002, 0.0046846745535731316, -0.0035393573343753815, -0.9885417222976685]",0,cpu,73a3a6f1a4bc09c8d2a9f6f0747f4ecc69d772d31df6d741b26cc9b3b9b29c86,Place the green cube in the blue receptacle.,0.8207844891595659,mono,1,0.2774695065956806,0.2775015272428176,12.8106499905698,13.933289976557717,3.43804998556152,4.155954980524257,200100,11.0,220,False,16.292849963065237,17.437079950468615,1,0.004,4.259855899959803,False,False
pytorch,artifacts\main_runs\mono_s1\best.pt,5e37ba1e7c7fa3ea6d1627d1698bb13b9c9454dac9d22310219f6ab9ac793b71,False,0,nominal,False,2,"[0.7981743216514587, -0.741707980632782, -0.7983343601226807, 0.006291234865784645, 0.007305476348847151, -0.009657047688961029, -1.0]",0,cpu,19f7e89b9a8e4e3a51c218c474c0f37db2b7a2d863b4dee118dd5c4ffcc5f581,Place the green cube in the blue receptacle.,0.8207844891595659,mono,1,0.14115004644272716,0.14121298149401793,12.881699949502945,13.270329986698925,3.2409499981440604,4.010185011429711,200101,11.0,220,False,16.174650052562356,17.083820013795048,1,0.004,4.535392099991441,False,False
pytorch,artifacts\main_runs\mono_s1\best.pt,5e37ba1e7c7fa3ea6d1627d1698bb13b9c9454dac9d22310219f6ab9ac793b71,False,0,nominal,False,2,"[0.8042477965354919, -0.7713083624839783, -0.7931339740753174, 0.00648928340524435, 0.007241187617182732, -0.009835639968514442, -1.0]",0,cpu,e3531ef36f9b88e7c7c1b17db0960f6bd9eba0159796d91b69180153140802f2,Place the green cube in the blue receptacle.,0.9920212517251374,mono,1,0.01886763940024098,0.019282609624708704,12.849000049754977,13.201119937002659,3.5680000437423587,4.072840046137571,200102,4.5,90,True,16.423100023530424,17.07360001746565,1,0.004,1.9004449000349268,False,False
pytorch,artifacts\main_runs\mono_s1\best.pt,5e37ba1e7c7fa3ea6d1627d1698bb13b9c9454dac9d22310219f6ab9ac793b71,False,0,nominal,False,2,"[0.7962472438812256, -0.7632313966751099, -0.7971364259719849, 0.006388331763446331, 0.007240848150104284, -0.009774178266525269, -1.0]",0,cpu,8bf9496ab00b40e87f5cd13ff1cf03c5c0402d7823d33a4b047a232ab5dd2b72,Place the green cube in the blue receptacle.,0.8207844891595659,mono,1,0.3268912811722716,0.3269184611460402,12.88624998414889,13.435329997446386,3.27965005999431,4.106220003450289,200103,11.0,220,False,16.01309992838651,17.352454987121746,1,0.004,4.557513099978678,False,False
pytorch,artifacts\main_runs\mono_s1\best.pt,5e37ba1e7c7fa3ea6d1627d1698bb13b9c9454dac9d22310219f6ab9ac793b71,False,0,nominal,False,2,"[0.774509608745575, 0.8275569677352905, -0.7900248765945435, 0.000704730162397027, 0.004404076375067234, -0.0027266191318631172, -0.9317566156387329]",0,cpu,3272a28ae6703770bfa10827560c8c00906480eb142163c288e5c8a455da54c7,Place the green cube in the blue receptacle.,0.9826544095167171,mono,1,0.027978330976924672,0.02799845951949516,12.795599992386997,13.15562505624257,3.4273499622941017,4.190910037141292,200104,6.15,123,True,16.07005001278594,17.10518998443149,1,0.004,2.6353313999716192,False,False
pytorch,artifacts\main_runs\mono_s1\best.pt,5e37ba1e7c7fa3ea6d1627d1698bb13b9c9454dac9d22310219f6ab9ac793b71,False,0,nominal,False,2,"[0.7907754182815552, -0.7894350290298462, -0.7943874597549438, 0.0063517214730381966, 0.0073111532256007195, -0.009813018143177032, -0.9938074350357056]",0,cpu,cfa305b62281aed9f63144192c13fc35d0f62d294b755355125494be3d20958c,Place the green cube in the blue receptacle.,0.8207844891595659,mono,1,0.2858731459682993,0.28590422542777916,12.877200031653047,13.139805040555075,3.3799500088207424,4.15317501174286,200105,11.0,220,False,16.265799989923835,17.05379998893477,1,0.004,4.608271699980833,False,False
pytorch,artifacts\main_runs\mono_s1\best.pt,5e37ba1e7c7fa3ea6d1627d1698bb13b9c9454dac9d22310219f6ab9ac793b71,False,0,nominal,False,2,"[0.7864302396774292, -0.8043783903121948, -0.7876083850860596, 0.006460183300077915, 0.0073796771466732025, -0.009787344373762608, -0.9947187900543213]",0,cpu,ad1da59ca4ef9fd15d2fec69d26d8f279ca324127f2c08a030c8d307b80fd83b,Place the green cube in the blue receptacle.,0.9880754436632209,mono,1,0.023022712402750316,0.023381761789717712,12.993299984373152,13.330240000505,3.613400040194392,4.245420033112168,200106,4.3,86,True,16.65779994800687,17.220229958184063,1,0.004,1.8784835999831557,False,False
pytorch,artifacts\main_runs\mono_s1\best.pt,5e37ba1e7c7fa3ea6d1627d1698bb13b9c9454dac9d22310219f6ab9ac793b71,False,0,nominal,False,2,"[0.7741713523864746, -0.8119284510612488, -0.787117600440979, 0.006529786624014378, 0.007361486554145813, -0.009734711609780788, -0.9761248826980591]",0,cpu,b7788b674c1681c3c46907e5a65c3f9f8c1577e8a6cb953ec3bc9075cce16561,Place the green cube in the blue receptacle.,0.9916599544837345,mono,1,0.027447874989109017,0.027509608196855717,12.785099970642477,13.133205042686313,3.237050026655197,4.2417750402819365,200107,5.0,100,True,15.943250036798418,17.017715011024848,1,0.004,2.072756899986416,False,False
pytorch,artifacts\main_runs\mono_s1\best.pt,5e37ba1e7c7fa3ea6d1627d1698bb13b9c9454dac9d22310219f6ab9ac793b71,False,0,nominal,False,2,"[0.7757466435432434, -0.8344454765319824, -0.782822847366333, 0.006534024141728878, 0.007357860915362835, -0.009818915277719498, -0.9690490961074829]",0,cpu,66d3ab2a609eac7b226bf3c9fa663fdbc960532531d77b202cd14d54bea6f7ce,Place the green cube in the blue receptacle.,0.8207844891595659,mono,1,0.15685629811246782,0.15691293378556526,12.95219996245578,13.583410030696541,3.43290000455454,4.166395048378035,200108,11.0,220,False,16.360049950890243,17.503700067754835,1,0.004,4.7227200999623165,False,True
pytorch,artifacts\main_runs\mono_s1\best.pt,5e37ba1e7c7fa3ea6d1627d1698bb13b9c9454dac9d22310219f6ab9ac793b71,False,0,nominal,False,2,"[0.7835157513618469, 0.8146176934242249, -0.8025020360946655, 0.0010819982271641493, 0.004290173761546612, -0.0029533838387578726, -0.9560002088546753]",0,cpu,9ac0aadfd5a1f112f321aab7c46860df854e7835b726c9d237f8b6e74bfc547d,Place the green cube in the blue receptacle.,0.9898044058657645,mono,1,0.033967069254371186,0.034074090577836766,12.983399967197329,13.487055024597794,3.61295003676787,4.08042004564777,200109,5.15,103,True,16.54735003830865,17.150410037720576,1,0.004,2.2253034999594092,False,False
pytorch,artifacts\main_runs\mono_s1\best.pt,5e37ba1e7c7fa3ea6d1627d1698bb13b9c9454dac9d22310219f6ab9ac793b71,False,0,nominal,False,2,"[0.7822381854057312, 0.7485495805740356, -0.8625982999801636, 0.001446868060156703, 0.004472220316529274, -0.003248086664825678, -0.9606341123580933]",1,cpu,73a3a6f1a4bc09c8d2a9f6f0747f4ecc69d772d31df6d741b26cc9b3b9b29c86,Place the green cube in the yellow receptacle.,0.8207844891595659,mono,1,0.18563934431577606,0.18568720120039797,12.936700019054115,14.589399943361059,3.2288500224240124,4.080899991095066,200100,11.0,220,False,16.250799933914095,17.65344495070167,1,0.004,4.228175900061615,False,True
pytorch,artifacts\main_runs\mono_s1\best.pt,5e37ba1e7c7fa3ea6d1627d1698bb13b9c9454dac9d22310219f6ab9ac793b71,False,0,nominal,False,2,"[0.8071519136428833, -0.6156967878341675, -0.8038442134857178, 0.006006971001625061, 0.007178196217864752, -0.0093776173889637, -1.0]",1,cpu,19f7e89b9a8e4e3a51c218c474c0f37db2b7a2d863b4dee118dd5c4ffcc5f581,Place the green cube in the yellow receptacle.,0.9932496449126248,mono,1,0.03966029017170162,0.03977658497243215,13.341099955141544,14.29174004588276,3.5481000086292624,4.163400013931096,200101,4.9,98,True,16.880800016224384,18.18281991872936,1,0.004,2.1086911999154836,False,False
pytorch,artifacts\main_runs\mono_s1\best.pt,5e37ba1e7c7fa3ea6d1627d1698bb13b9c9454dac9d22310219f6ab9ac793b71,False,0,nominal,False,2,"[0.8118771314620972, -0.7097715139389038, -0.8000911474227905, 0.006414755247533321, 0.0071453917771577835, -0.009738460183143616, -1.0]",1,cpu,e3531ef36f9b88e7c7c1b17db0960f6bd9eba0159796d91b69180153140802f2,Place the green cube in the yellow receptacle.,0.986228510648039,mono,1,0.0066945751457906,0.007475358247080822,13.091300032101572,14.13630002643913,3.386800060980022,4.173520044423639,200102,4.9,98,True,16.539399977773428,17.468499997630712,1,0.004,2.141370600089431,False,False
pytorch,artifacts\main_runs\mono_s1\best.pt,5e37ba1e7c7fa3ea6d1627d1698bb13b9c9454dac9d22310219f6ab9ac793b71,False,0,nominal,False,2,"[0.8021407127380371, -0.725089430809021, -0.8052502870559692, 0.006360610947012901, 0.007174746133387089, -0.009726653806865215, -1.0]",1,cpu,8bf9496ab00b40e87f5cd13ff1cf03c5c0402d7823d33a4b047a232ab5dd2b72,Place the green cube in the yellow receptacle.,0.8207844891595659,mono,1,0.18685921925852572,0.1869067637982949,13.081449957098812,14.06297498033382,3.3424499561078846,3.9906600024551153,200103,11.0,220,False,16.517899988684803,17.37933502299711,1,0.004,4.676800800021738,False,False
pytorch,artifacts\main_runs\mono_s1\best.pt,5e37ba1e7c7fa3ea6d1627d1698bb13b9c9454dac9d22310219f6ab9ac793b71,False,0,nominal,False,2,"[0.7748128175735474, 0.8240256309509277, -0.8050053119659424, 0.0008362603839486837, 0.00431900704279542, -0.002761888550594449, -0.922653317451477]",1,cpu,3272a28ae6703770bfa10827560c8c00906480eb142163c288e5c8a455da54c7,Place the green cube in the yellow receptacle.,0.9871866545910174,mono,1,0.03558357785953853,0.035606175396219034,13.294800068251789,14.501749945338815,3.3449999755248427,4.401450045406818,200104,5.1,102,True,16.762100160121918,18.452699994668365,1,0.004,2.25153190002311,False,False
pytorch,artifacts\main_runs\mono_s1\best.pt,5e37ba1e7c7fa3ea6d1627d1698bb13b9c9454dac9d22310219f6ab9ac793b71,False,0,nominal,False,2,"[0.7980400919914246, -0.7577933669090271, -0.8053276538848877, 0.006343722343444824, 0.007246455177664757, -0.009785722009837627, -1.0]",1,cpu,cfa305b62281aed9f63144192c13fc35d0f62d294b755355125494be3d20958c,Place the green cube in the yellow receptacle.,0.8207844891595659,mono,1,0.15189225238107323,0.15195073828396316,13.191299978643656,14.670084969839081,3.283000027295202,4.193769971607253,200105,11.0,220,False,16.543450008612126,18.456720013637096,1,0.004,4.74878909997642,False,True
pytorch,artifacts\main_runs\mono_s1\best.pt,5e37ba1e7c7fa3ea6d1627d1698bb13b9c9454dac9d22310219f6ab9ac793b71,False,0,nominal,False,2,"[0.7930642366409302, -0.7765887975692749, -0.7987139225006104, 0.006459853611886501, 0.007321032229810953, -0.009763164445757866, -1.0]",1,cpu,ad1da59ca4ef9fd15d2fec69d26d8f279ca324127f2c08a030c8d307b80fd83b,Place the green cube in the yellow receptacle.,0.9897104549738844,mono,1,0.009444394960537216,0.010097730190731092,12.962799984961748,13.41880498221144,3.341049945447594,4.225445043994114,200106,4.8,96,True,16.2768000154756,17.21444994909689,1,0.004,2.04407689999789,False,False
pytorch,artifacts\main_runs\mono_s1\best.pt,5e37ba1e7c7fa3ea6d1627d1698bb13b9c9454dac9d22310219f6ab9ac793b71,False,0,nominal,False,2,"[0.802394449710846, -0.4617646634578705, -0.8397884368896484, 0.005665193311870098, 0.006868467666208744, -0.00877847895026207, -1.0]",1,cpu,b7788b674c1681c3c46907e5a65c3f9f8c1577e8a6cb953ec3bc9075cce16561,Place the green cube in the yellow receptacle.,0.8223528883808774,mono,1,0.17654580541693965,0.17659612663351862,13.02319997921586,13.852380024036393,3.123899979982525,4.152490006526932,200107,11.0,220,False,16.264549922198057,17.707284964853898,1,0.004,4.631529100006446,False,False
pytorch,artifacts\main_runs\mono_s1\best.pt,5e37ba1e7c7fa3ea6d1627d1698bb13b9c9454dac9d22310219f6ab9ac793b71,False,0,nominal,False,2,"[0.7966068983078003, -0.7851725220680237, -0.8021456003189087, 0.006502857431769371, 0.007243230007588863, -0.009844847023487091, -1.0]",1,cpu,66d3ab2a609eac7b226bf3c9fa663fdbc960532531d77b202cd14d54bea6f7ce,Place the green cube in the yellow receptacle.,0.8207844891595659,mono,1,0.2560163393052762,0.25605104280771857,13.045799976680428,14.058559999102727,3.176350030116737,4.110560013214126,200108,11.0,220,False,16.3256999803707,17.37106000073254,1,0.004,4.701823299983516,False,True
pytorch,artifacts\main_runs\mono_s1\best.pt,5e37ba1e7c7fa3ea6d1627d1698bb13b9c9454dac9d22310219f6ab9ac793b71,False,0,nominal,False,2,"[0.7825626134872437, 0.822729766368866, -0.8150603771209717, 0.0011984780430793762, 0.004151643719524145, -0.0029072854667901993, -0.9454348087310791]",1,cpu,9ac0aadfd5a1f112f321aab7c46860df854e7835b726c9d237f8b6e74bfc547d,Place the green cube in the yellow receptacle.,0.9837756290289781,mono,1,0.03547152956769999,0.03548413141011657,13.09964997926727,13.822810031706467,3.4056499716825783,4.089389956789091,200109,4.35,87,True,16.658750013448298,17.397319962037727,1,0.004,1.9017338999547064,False,False
pytorch,artifacts\main_runs\mono_s2\best.pt,104e00f84f457e897bcca5e1c3f8661157c5e3a8cf09601c0e4c833dc90125f9,False,0,nominal,False,2,"[0.7684285044670105, 0.732913076877594, -0.7899545431137085, 0.0017489378806203604, 0.005205878522247076, -0.003024643287062645, -1.0]",0,cpu,73a3a6f1a4bc09c8d2a9f6f0747f4ecc69d772d31df6d741b26cc9b3b9b29c86,Place the red cube in the blue receptacle.,0.8257256443634997,mono,0,0.13694774535863982,0.13701261069865311,13.085649989079684,13.860654993914068,3.026149934157729,4.174655006499961,200100,11.0,220,False,16.253899957519025,17.358350032009184,2,0.004,4.2161709000356495,False,False
pytorch,artifacts\main_runs\mono_s2\best.pt,104e00f84f457e897bcca5e1c3f8661157c5e3a8cf09601c0e4c833dc90125f9,True,1,nominal,False,2,"[0.7976157069206238, -0.7589322924613953, -0.8265355825424194, 0.0068122344091534615, 0.006736181676387787, -0.009504573419690132, -1.0]",0,cpu,19f7e89b9a8e4e3a51c218c474c0f37db2b7a2d863b4dee118dd5c4ffcc5f581,Place the red cube in the blue receptacle.,0.8207844891595659,mono,0,0.28782756483683497,0.2878584332819663,13.209650001954287,14.146284980233757,2.9901000089012086,4.1261599864810705,200101,11.0,220,False,16.391500015743077,17.73235501605086,2,0.004,4.6490529999136925,False,True
pytorch,artifacts\main_runs\mono_s2\best.pt,104e00f84f457e897bcca5e1c3f8661157c5e3a8cf09601c0e4c833dc90125f9,False,0,nominal,False,2,"[0.8052193522453308, -0.7374984622001648, -0.8280630111694336, 0.006827021948993206, 0.00667628413066268, -0.009463649243116379, -1.0]",0,cpu,e3531ef36f9b88e7c7c1b17db0960f6bd9eba0159796d91b69180153140802f2,Place the red cube in the blue receptacle.,0.8207844891595659,mono,0,0.29410585688951385,0.29413606645285956,13.194549945183098,13.892079988727346,3.276399918831885,4.0076700039207935,200102,11.0,220,False,16.480899939779192,17.47610006132163,2,0.004,4.790432999958284,False,True
pytorch,artifacts\main_runs\mono_s2\best.pt,104e00f84f457e897bcca5e1c3f8661157c5e3a8cf09601c0e4c833dc90125f9,False,0,nominal,False,2,"[0.7653040289878845, 0.7713285088539124, -0.7854501008987427, 0.0016294822562485933, 0.0048981234431266785, -0.0029635929968208075, -0.9991694688796997]",0,cpu,8bf9496ab00b40e87f5cd13ff1cf03c5c0402d7823d33a4b047a232ab5dd2b72,Place the red cube in the blue receptacle.,0.8207844891595659,mono,0,0.13666167014084762,0.13672667119962975,13.256050006020814,14.736779965460299,2.953350020106882,3.9676799962762743,200103,11.0,220,False,16.332949977368116,18.056094960775226,2,0.004,4.680870400043204,False,False
pytorch,artifacts\main_runs\mono_s2\best.pt,104e00f84f457e897bcca5e1c3f8661157c5e3a8cf09601c0e4c833dc90125f9,False,0,nominal,False,2,"[0.7689533829689026, 0.781075119972229, -0.7688877582550049, 0.0014710912946611643, 0.004934164695441723, -0.002955075353384018, -1.0]",0,cpu,3272a28ae6703770bfa10827560c8c00906480eb142163c288e5c8a455da54c7,Place the red cube in the blue receptacle.,0.8207844891595659,mono,0,0.1565947513995782,0.15665148163212989,13.294050004333258,14.285015070345253,3.194599994458258,4.078500025207176,200104,11.0,220,False,16.58275001682341,17.708610062254593,2,0.004,4.655187799944542,False,False
pytorch,artifacts\main_runs\mono_s2\best.pt,104e00f84f457e897bcca5e1c3f8661157c5e3a8cf09601c0e4c833dc90125f9,False,0,nominal,False,2,"[0.7894181609153748, -0.798952579498291, -0.808030366897583, 0.006699507124722004, 0.007142247632145882, -0.00957118347287178, -1.0]",0,cpu,cfa305b62281aed9f63144192c13fc35d0f62d294b755355125494be3d20958c,Place the red cube in the blue receptacle.,0.9913965754995325,mono,0,0.035648047132374516,0.03578724286016833,13.44775001052767,14.734554977621883,3.322749980725348,4.016970022348687,200105,5.0,100,True,16.967200092040002,18.753419991116967,2,0.004,2.217413599952124,False,False
pytorch,artifacts\main_runs\mono_s2\best.pt,104e00f84f457e897bcca5e1c3f8661157c5e3a8cf09601c0e4c833dc90125f9,False,0,nominal,False,2,"[0.7722235321998596, 0.7251831293106079, -0.7827098369598389, 0.001894127344712615, 0.005186120513826609, -0.003082119394093752, -1.0]",0,cpu,ad1da59ca4ef9fd15d2fec69d26d8f279ca324127f2c08a030c8d307b80fd83b,Place the red cube in the blue receptacle.,0.985793884800866,mono,0,0.011488794217268816,0.012061353387587412,13.343649974558502,14.480099995853378,2.965849998872727,4.042524995747954,200106,5.2,104,True,16.393700032494962,17.600610048975796,2,0.004,2.2864140999736264,False,False
pytorch,artifacts\main_runs\mono_s2\best.pt,104e00f84f457e897bcca5e1c3f8661157c5e3a8cf09601c0e4c833dc90125f9,True,1,nominal,False,2,"[0.8011607527732849, -0.7374680042266846, -0.8185244798660278, 0.006790013983845711, 0.006808931939303875, -0.009326653555035591, -1.0]",0,cpu,b7788b674c1681c3c46907e5a65c3f9f8c1577e8a6cb953ec3bc9075cce16561,Place the red cube in the blue receptacle.,0.8207844891595659,mono,0,0.18811587720212708,0.1881631042132638,13.233799953013659,14.600065042031929,2.9910000157542527,4.1631100757513195,200107,11.0,220,False,16.557049995753914,17.908554972382262,2,0.004,4.847696800017729,False,True
pytorch,artifacts\main_runs\mono_s2\best.pt,104e00f84f457e897bcca5e1c3f8661157c5e3a8cf09601c0e4c833dc90125f9,False,0,nominal,False,2,"[0.7899625301361084, -0.803187906742096, -0.8264813423156738, 0.006817377172410488, 0.006966913118958473, -0.009532677009701729, -1.0]",0,cpu,66d3ab2a609eac7b226bf3c9fa663fdbc960532531d77b202cd14d54bea6f7ce,Place the red cube in the blue receptacle.,0.9955414437711003,mono,0,0.004875332179410458,0.006015009163036304,13.186200056225061,13.823119993321598,3.366700024344027,4.215220012702047,200108,5.25,105,True,16.618500114418566,17.727480013854798,2,0.004,2.3093751999549568,False,False
pytorch,artifacts\main_runs\mono_s2\best.pt,104e00f84f457e897bcca5e1c3f8661157c5e3a8cf09601c0e4c833dc90125f9,False,0,nominal,False,2,"[0.8010601997375488, -0.6781638860702515, -0.8328366279602051, 0.006661529652774334, 0.006367910653352737, -0.00909690372645855, -0.9825226068496704]",0,cpu,9ac0aadfd5a1f112f321aab7c46860df854e7835b726c9d237f8b6e74bfc547d,Place the red cube in the blue receptacle.,0.9883839912327108,mono,0,0.4368295377452938,0.43684803389814963,13.255599944386631,14.01597501244396,3.048699989449233,4.099904984468594,200109,11.0,220,False,16.45459997234866,17.644069995731115,2,0.004,4.842900399933569,False,False
pytorch,artifacts\main_runs\mono_s2\best.pt,104e00f84f457e897bcca5e1c3f8661157c5e3a8cf09601c0e4c833dc90125f9,False,0,nominal,False,2,"[0.7781379222869873, 0.7582384347915649, -0.7737948894500732, 0.001601161202415824, 0.005270546767860651, -0.0030329134315252304, -1.0]",1,cpu,73a3a6f1a4bc09c8d2a9f6f0747f4ecc69d772d31df6d741b26cc9b3b9b29c86,Place the red cube in the yellow receptacle.,0.9922712262980363,mono,0,0.033087569703332,0.0332797425966133,12.502199970185757,13.05152002023533,2.9994999058544636,3.9281100733205676,200100,5.45,109,True,15.66949998959899,16.586589952930808,2,0.004,2.0990804000757635,False,False
pytorch,artifacts\main_runs\mono_s2\best.pt,104e00f84f457e897bcca5e1c3f8661157c5e3a8cf09601c0e4c833dc90125f9,False,0,nominal,False,2,"[0.7882260084152222, -0.5013711452484131, -0.7889271974563599, 0.006531642749905586, 0.005070559214800596, -0.00824056938290596, -0.892653226852417]",1,cpu,19f7e89b9a8e4e3a51c218c474c0f37db2b7a2d863b4dee118dd5c4ffcc5f581,Place the red cube in the yellow receptacle.,0.8207844891595659,mono,0,0.16992155455401783,0.16997383690938989,12.477449956350029,13.42389498022385,2.8881499893032014,4.006519995164126,200101,11.0,220,False,15.610350004862994,16.65677999262698,2,0.004,4.219197000027634,False,False
pytorch,artifacts\main_runs\mono_s2\best.pt,104e00f84f457e897bcca5e1c3f8661157c5e3a8cf09601c0e4c833dc90125f9,False,0,nominal,False,2,"[0.7618517279624939, 0.7538372278213501, -0.7730028629302979, 0.001662656432017684, 0.0051365988329052925, -0.002925821114331484, -1.0]",1,cpu,e3531ef36f9b88e7c7c1b17db0960f6bd9eba0159796d91b69180153140802f2,Place the red cube in the yellow receptacle.,0.9858391307324983,mono,0,0.009485531865253728,0.009592159515115458,12.485150014981627,13.58287499169819,3.1885000062175095,3.945224918425083,200102,4.6,92,True,15.692250046413392,16.70090001425706,2,0.004,1.9272585000144318,False,False
pytorch,artifacts\main_runs\mono_s2\best.pt,104e00f84f457e897bcca5e1c3f8661157c5e3a8cf09601c0e4c833dc90125f9,False,0,nominal,False,2,"[0.7585941553115845, 0.8043695092201233, -0.7768003940582275, 0.0014981755521148443, 0.004862365312874317, -0.0027250098064541817, -0.9787474870681763]",1,cpu,8bf9496ab00b40e87f5cd13ff1cf03c5c0402d7823d33a4b047a232ab5dd2b72,Place the red cube in the yellow receptacle.,0.8207844891595659,mono,0,0.2681102532231562,0.26814339151847605,12.804050056729466,16.035545035265386,3.070749982725829,3.8975599920377135,200103,11.0,220,False,16.15840004524216,18.84445998002775,2,0.004,4.79411630006507,False,False
pytorch,artifacts\main_runs\mono_s2\best.pt,104e00f84f457e897bcca5e1c3f8661157c5e3a8cf09601c0e4c833dc90125f9,False,0,nominal,False,2,"[0.7632502913475037, 0.8188442587852478, -0.759575605392456, 0.001278516836464405, 0.004884001798927784, -0.0027131366077810526, -0.9898113012313843]",1,cpu,3272a28ae6703770bfa10827560c8c00906480eb142163c288e5c8a455da54c7,Place the red cube in the yellow receptacle.,0.8207844891595659,mono,0,0.31235342060645416,0.31238186550470287,12.649949989281595,14.711974945385009,3.040799987502396,4.159344994695857,200104,11.0,220,False,15.977100003510714,18.10031498898752,2,0.004,4.836704700021073,False,True
pytorch,artifacts\main_runs\mono_s2\best.pt,104e00f84f457e897bcca5e1c3f8661157c5e3a8cf09601c0e4c833dc90125f9,False,0,nominal,False,2,"[0.7926478385925293, -0.6994511485099792, -0.8047356605529785, 0.006590930745005608, 0.006741818971931934, -0.009273662231862545, -1.0]",1,cpu,cfa305b62281aed9f63144192c13fc35d0f62d294b755355125494be3d20958c,Place the red cube in the yellow receptacle.,0.9885554336383697,mono,0,0.012343767077454496,0.012468187621801253,12.691600015386939,13.600910018431023,3.142650006338954,4.035849985666573,200105,4.95,99,True,16.01374999154359,17.25848999340087,2,0.004,2.1131791999796405,False,False
pytorch,artifacts\main_runs\mono_s2\best.pt,104e00f84f457e897bcca5e1c3f8661157c5e3a8cf09601c0e4c833dc90125f9,False,0,nominal,False,2,"[0.767928957939148, 0.7808898687362671, -0.7692984342575073, 0.0016500006895512342, 0.005109503865242004, -0.0028207770083099604, -1.0]",1,cpu,ad1da59ca4ef9fd15d2fec69d26d8f279ca324127f2c08a030c8d307b80fd83b,Place the red cube in the yellow receptacle.,0.9861581779853681,mono,0,0.01733096730439268,0.017424416457119882,12.915600091218948,13.613900053314865,2.9823000077158213,4.093400086276233,200106,4.1,82,True,16.00429997779429,17.134400084614754,2,0.004,1.7697086000116542,False,False
pytorch,artifacts\main_runs\mono_s2\best.pt,104e00f84f457e897bcca5e1c3f8661157c5e3a8cf09601c0e4c833dc90125f9,False,0,nominal,False,2,"[0.8144737482070923, -0.6394956707954407, -0.7984539270401001, 0.006644220091402531, 0.006520381197333336, -0.009014586918056011, -1.0]",1,cpu,b7788b674c1681c3c46907e5a65c3f9f8c1577e8a6cb953ec3bc9075cce16561,Place the red cube in the yellow receptacle.,0.8207844891595659,mono,0,0.28948815663449395,0.28951884802769423,12.605750001966953,13.633960054721683,3.0827000155113637,4.177080013323575,200107,11.0,220,False,15.983649995177984,17.430499976035208,2,0.004,4.761986199999228,False,True
pytorch,artifacts\main_runs\mono_s2\best.pt,104e00f84f457e897bcca5e1c3f8661157c5e3a8cf09601c0e4c833dc90125f9,False,0,nominal,False,2,"[0.8010199069976807, -0.7321630716323853, -0.8048833608627319, 0.006642337888479233, 0.006854471750557423, -0.009447567164897919, -1.0]",1,cpu,66d3ab2a609eac7b226bf3c9fa663fdbc960532531d77b202cd14d54bea6f7ce,Place the red cube in the yellow receptacle.,0.9906599452637339,mono,0,0.015580398631148032,0.015842732525861093,12.481899990234524,13.022265018662438,3.047749982215464,4.215574968839064,200108,4.8,96,True,15.637699980288744,17.260684981010854,2,0.004,2.029099200037308,False,False
pytorch,artifacts\main_runs\mono_s2\best.pt,104e00f84f457e897bcca5e1c3f8661157c5e3a8cf09601c0e4c833dc90125f9,False,0,nominal,False,2,"[0.7617399096488953, 0.7694095969200134, -0.771288275718689, 0.0015704685356467962, 0.005124999675899744, -0.0027928524650633335, -1.0]",1,cpu,9ac0aadfd5a1f112f321aab7c46860df854e7835b726c9d237f8b6e74bfc547d,Place the red cube in the yellow receptacle.,0.8207844891595659,mono,0,0.31336516197597375,0.31339351504438323,12.555500026792288,13.475570047739893,2.8722999850288033,3.979170031379908,200109,11.0,220,False,15.622549981344491,16.726369998650625,2,0.004,4.64634970005136,False,True
pytorch,artifacts\main_runs\mono_s2\best.pt,104e00f84f457e897bcca5e1c3f8661157c5e3a8cf09601c0e4c833dc90125f9,False,0,nominal,False,2,"[0.7704712152481079, 0.6943177580833435, -0.8017618656158447, 0.0019217573571950197, 0.005181801505386829, -0.0031746309250593185, -1.0]",0,cpu,73a3a6f1a4bc09c8d2a9f6f0747f4ecc69d772d31df6d741b26cc9b3b9b29c86,Place the green cube in the blue receptacle.,0.8207844891595659,mono,1,0.2774695065956806,0.2775015272428176,18.10980000300333,31.747135013574734,4.227199999149889,6.626245070947333,200100,11.0,220,False,22.6548999780789,37.3307449510321,2,0.004,6.998988899984397,False,False
pytorch,artifacts\main_runs\mono_s2\best.pt,104e00f84f457e897bcca5e1c3f8661157c5e3a8cf09601c0e4c833dc90125f9,False,0,nominal,False,2,"[0.7922947406768799, -0.8125525116920471, -0.8357460498809814, 0.00689293909817934, 0.006819198373705149, -0.009631862863898277, -0.9938156604766846]",0,cpu,19f7e89b9a8e4e3a51c218c474c0f37db2b7a2d863b4dee118dd5c4ffcc5f581,Place the green cube in the blue receptacle.,0.9901196534206252,mono,1,0.03830002419908882,0.03878409083930395,25.962500018067658,30.86066003888845,5.3050999995321035,7.477579964324832,200101,4.9,98,True,31.289299950003624,38.01958004478365,2,0.004,3.8770236999262124,False,False
pytorch,artifacts\main_runs\mono_s2\best.pt,104e00f84f457e897bcca5e1c3f8661157c5e3a8cf09601c0e4c833dc90125f9,False,0,nominal,False,2,"[0.798856258392334, -0.8129086494445801, -0.8382837772369385, 0.006947179324924946, 0.0068687936291098595, -0.009698331356048584, -1.0]",0,cpu,e3531ef36f9b88e7c7c1b17db0960f6bd9eba0159796d91b69180153140802f2,Place the green cube in the blue receptacle.,0.9876931741919441,mono,1,0.0025016505126685554,0.0028756496522399535,25.65174992196262,30.19048498244956,5.302650039084256,7.5718549836892635,200102,4.4,88,True,30.767249991185963,37.642675009556115,2,0.004,3.462910500005819,False,False
pytorch,artifacts\main_runs\mono_s2\best.pt,104e00f84f457e897bcca5e1c3f8661157c5e3a8cf09601c0e4c833dc90125f9,False,0,nominal,False,2,"[0.7671114206314087, 0.7406064867973328, -0.7942397594451904, 0.0017651163507252932, 0.004866158124059439, -0.003107325406745076, -0.9958616495132446]",0,cpu,8bf9496ab00b40e87f5cd13ff1cf03c5c0402d7823d33a4b047a232ab5dd2b72,Place the green cube in the blue receptacle.,0.8207844891595659,mono,1,0.3268912811722716,0.3269184611460402,13.933699985500425,29.950410005403683,3.5206000320613384,7.122485025320202,200103,11.0,220,False,17.32470002025366,36.87648000777699,2,0.004,6.017302799969912,False,False
pytorch,artifacts\main_runs\mono_s2\best.pt,104e00f84f457e897bcca5e1c3f8661157c5e3a8cf09601c0e4c833dc90125f9,False,0,nominal,False,2,"[0.7706350684165955, 0.7505061030387878, -0.7755464315414429, 0.001610900042578578, 0.004912271164357662, -0.0030957763083279133, -1.0]",0,cpu,3272a28ae6703770bfa10827560c8c00906480eb142163c288e5c8a455da54c7,Place the green cube in the blue receptacle.,0.8239835318675058,mono,1,0.2908342211088905,0.2908647704684444,13.41085002059117,14.665745006641373,3.1696500373072922,4.11067497334443,200104,11.0,220,False,16.7673000250943,18.29330502077937,2,0.004,5.042055999976583,False,False
pytorch,artifacts\main_runs\mono_s2\best.pt,104e00f84f457e897bcca5e1c3f8661157c5e3a8cf09601c0e4c833dc90125f9,False,0,nominal,False,2,"[0.7852563261985779, -0.8435243964195251, -0.8153781890869141, 0.006783013232052326, 0.007156415842473507, -0.009646816179156303, -0.9948797225952148]",0,cpu,cfa305b62281aed9f63144192c13fc35d0f62d294b755355125494be3d20958c,Place the green cube in the blue receptacle.,0.8207844891595659,mono,1,0.2858731459682993,0.28590422542777916,13.29194993013516,13.863174949074164,3.0541500309482217,4.087920021265745,200105,11.0,220,False,16.570900043006986,17.634140083100647,2,0.004,4.706819600076415,False,True
pytorch,artifacts\main_runs\mono_s2\best.pt,104e00f84f457e897bcca5e1c3f8661157c5e3a8cf09601c0e4c833dc90125f9,False,0,nominal,False,2,"[0.7720792889595032, 0.6733641028404236, -0.7970329523086548, 0.0021341994870454073, 0.0051451087929308414, -0.003242394421249628, -1.0]",0,cpu,ad1da59ca4ef9fd15d2fec69d26d8f279ca324127f2c08a030c8d307b80fd83b,Place the green cube in the blue receptacle.,0.8207844891595659,mono,1,0.13868502862079796,0.1387490817814567,13.44410004094243,15.91857994208112,3.4062499762512743,4.2616399470716715,200106,11.0,220,False,16.95079996716231,20.041230047354475,2,0.004,4.897425799979828,False,True
pytorch,artifacts\main_runs\mono_s2\best.pt,104e00f84f457e897bcca5e1c3f8661157c5e3a8cf09601c0e4c833dc90125f9,False,0,nominal,False,2,"[0.7971730828285217, -0.7969672083854675, -0.8279038667678833, 0.006888308562338352, 0.006933761294931173, -0.009499592706561089, -1.0]",0,cpu,b7788b674c1681c3c46907e5a65c3f9f8c1577e8a6cb953ec3bc9075cce16561,Place the green cube in the blue receptacle.,0.989807419491711,mono,1,0.03452075252117507,0.034666709751446693,13.196249958127737,13.859559962293133,3.205350018106401,4.145690007135272,200107,5.0,100,True,16.537349962163717,17.56605503614992,2,0.004,2.092625300050713,False,False
pytorch,artifacts\main_runs\mono_s2\best.pt,104e00f84f457e897bcca5e1c3f8661157c5e3a8cf09601c0e4c833dc90125f9,True,1,nominal,False,2,"[0.7837920784950256, -0.8278414011001587, -0.8378199338912964, 0.006864622235298157, 0.006907610222697258, -0.009525315836071968, -0.9779258966445923]",0,cpu,66d3ab2a609eac7b226bf3c9fa663fdbc960532531d77b202cd14d54bea6f7ce,Place the green cube in the blue receptacle.,0.8207844891595659,mono,1,0.15685629811246782,0.15691293378556526,13.200149987824261,13.949064986081794,3.198099962901324,4.083809949224815,200108,11.0,220,False,16.512000001966953,17.7410299947951,2,0.004,4.686377400066704,False,True
pytorch,artifacts\main_runs\mono_s2\best.pt,104e00f84f457e897bcca5e1c3f8661157c5e3a8cf09601c0e4c833dc90125f9,False,0,nominal,True,2,"[0.7943891882896423, -0.7685139775276184, -0.837643027305603, 0.00675464142113924, 0.006697705015540123, -0.009440207853913307, -0.9862574338912964]",0,cpu,9ac0aadfd5a1f112f321aab7c46860df854e7835b726c9d237f8b6e74bfc547d,Place the green cube in the blue receptacle.,0.8207844891595659,mono,1,0.26226820276254226,0.26230207912241144,13.190400029998273,13.550030073383823,3.093249979428947,4.020209994632751,200109,11.0,220,False,16.315650020260364,17.35349998343736,2,0.004,4.6235704000573605,False,True
pytorch,artifacts\main_runs\mono_s2\best.pt,104e00f84f457e897bcca5e1c3f8661157c5e3a8cf09601c0e4c833dc90125f9,False,0,nominal,False,2,"[0.779198408126831, 0.7241784930229187, -0.7852474451065063, 0.0017564005684107542, 0.005259049590677023, -0.0031622592359781265, -1.0]",1,cpu,73a3a6f1a4bc09c8d2a9f6f0747f4ecc69d772d31df6d741b26cc9b3b9b29c86,Place the green cube in the yellow receptacle.,0.8207844891595659,mono,1,0.18563934431577606,0.18568720120039797,18.85789999505505,30.95614502672106,3.8463000091724098,7.166420022258535,200100,11.0,220,False,23.141899961046875,38.05091503309086,2,0.004,6.3152203999925405,False,False
pytorch,artifacts\main_runs\mono_s2\best.pt,104e00f84f457e897bcca5e1c3f8661157c5e3a8cf09601c0e4c833dc90125f9,False,0,nominal,False,2,"[0.8079729080200195, -0.6952833533287048, -0.8222813606262207, 0.00703674741089344, 0.005860545672476292, -0.009287424385547638, -0.967037558555603]",1,cpu,19f7e89b9a8e4e3a51c218c474c0f37db2b7a2d863b4dee118dd5c4ffcc5f581,Place the green cube in the yellow receptacle.,0.980575316997864,mono,1,0.018793737456462373,0.018924737516015724,16.776000033132732,19.880549982190132,3.4997500479221344,4.566824936773628,200101,4.6,92,True,20.612500025890768,23.966425040271133,2,0.004,2.359260999946855,False,False
pytorch,artifacts\main_runs\mono_s2\best.pt,104e00f84f457e897bcca5e1c3f8661157c5e3a8cf09601c0e4c833dc90125f9,False,0,nominal,False,2,"[0.8074050545692444, -0.4572862386703491, -0.8673539161682129, 0.006683092564344406, 0.0043838247656822205, -0.007968385703861713, -0.8083384037017822]",1,cpu,e3531ef36f9b88e7c7c1b17db0960f6bd9eba0159796d91b69180153140802f2,Place the green cube in the yellow receptacle.,0.8207844891595658,mono,1,0.3230944497191535,0.32312194907026737,28.367099992465228,35.78105004853568,5.368499958422035,7.772015006048605,200102,11.0,220,False,34.090249973814934,41.729499940993264,2,0.004,8.274604700040072,False,False
pytorch,artifacts\main_runs\mono_s2\best.pt,104e00f84f457e897bcca5e1c3f8661157c5e3a8cf09601c0e4c833dc90125f9,False,0,nominal,False,2,"[0.7611100673675537, 0.7838538289070129, -0.7855954170227051, 0.0016065083909779787, 0.00482266116887331, -0.00283639132976532, -0.9752106666564941]",1,cpu,8bf9496ab00b40e87f5cd13ff1cf03c5c0402d7823d33a4b047a232ab5dd2b72,Place the green cube in the yellow receptacle.,0.8207844891595659,mono,1,0.18685921925852572,0.1869067637982949,28.288899979088455,32.822484988719225,5.461249966174364,7.511650014203042,200103,11.0,220,False,33.592950028833,39.32197004323825,2,0.004,8.098436899948865,False,False
pytorch,artifacts\main_runs\mono_s2\best.pt,104e00f84f457e897bcca5e1c3f8661157c5e3a8cf09601c0e4c833dc90125f9,False,0,nominal,False,2,"[0.7637739777565002, 0.7991567850112915, -0.7668228149414062, 0.0013804060872644186, 0.00485523696988821, -0.002799984533339739, -0.985211968421936]",1,cpu,3272a28ae6703770bfa10827560c8c00906480eb142163c288e5c8a455da54c7,Place the green cube in the yellow receptacle.,0.9793440428331517,mono,1,0.036551988233816196,0.03658761652425276,26.03459998499602,31.00320002995431,5.292500020004809,7.102899998426437,200104,5.65,113,True,31.243499950505793,37.70123997237533,2,0.004,4.479375499999151,False,False
pytorch,artifacts\main_runs\mono_s2\best.pt,104e00f84f457e897bcca5e1c3f8661157c5e3a8cf09601c0e4c833dc90125f9,True,1,nominal,False,2,"[0.789507269859314, -0.746184766292572, -0.8151891231536865, 0.006691383197903633, 0.006797063164412975, -0.009430471807718277, -0.9940601587295532]",1,cpu,cfa305b62281aed9f63144192c13fc35d0f62d294b755355125494be3d20958c,Place the green cube in the yellow receptacle.,0.8207844891595659,mono,1,0.15189225238107323,0.15195073828396316,25.321950088255107,30.373590067029,4.980350029654801,7.160680019296706,200105,11.0,220,False,30.91144998325035,37.14156000060029,2,0.004,8.44795099995099,False,True
pytorch,artifacts\main_runs\mono_s2\best.pt,104e00f84f457e897bcca5e1c3f8661157c5e3a8cf09601c0e4c833dc90125f9,False,0,nominal,False,2,"[0.7690860033035278, 0.7558215856552124, -0.7783936262130737, 0.0017740929033607244, 0.005076427944004536, -0.002931243274360895, -1.0]",1,cpu,ad1da59ca4ef9fd15d2fec69d26d8f279ca324127f2c08a030c8d307b80fd83b,Place the green cube in the yellow receptacle.,0.8207844891595659,mono,1,0.2800655871159122,0.28009731097999924,25.850500038359314,30.52446004585363,5.309800035320222,7.271294994279742,200106,11.0,220,False,31.112250057049096,37.4402399873361,2,0.004,8.63307950005401,False,True
pytorch,artifacts\main_runs\mono_s2\best.pt,104e00f84f457e897bcca5e1c3f8661157c5e3a8cf09601c0e4c833dc90125f9,False,0,nominal,False,2,"[0.8095508813858032, -0.7271405458450317, -0.8076964616775513, 0.00675900187343359, 0.0068091172724962234, -0.009392846375703812, -1.0]",1,cpu,b7788b674c1681c3c46907e5a65c3f9f8c1577e8a6cb953ec3bc9075cce16561,Place the green cube in the yellow receptacle.,0.9854658114887164,mono,1,0.026492024727019163,0.0266568194545758,28.811000054702163,33.72550999047235,5.620200070552528,7.796849904116243,200107,4.25,85,True,35.178399994038045,40.65847999881953,2,0.004,3.585207700030878,False,False
pytorch,artifacts\main_runs\mono_s2\best.pt,104e00f84f457e897bcca5e1c3f8661157c5e3a8cf09601c0e4c833dc90125f9,False,0,nominal,False,2,"[0.7972419261932373, -0.773347795009613, -0.8178156614303589, 0.006758741103112698, 0.0068763201124966145, -0.009544938802719116, -1.0]",1,cpu,66d3ab2a609eac7b226bf3c9fa663fdbc960532531d77b202cd14d54bea6f7ce,Place the green cube in the yellow receptacle.,0.8207844891595659,mono,1,0.2560163393052762,0.25605104280771857,26.201400032732636,30.18156997859478,5.308900028467178,7.278169930214062,200108,11.0,220,False,31.705199973657727,37.30639995774254,2,0.004,8.12231620005332,False,True
pytorch,artifacts\main_runs\mono_s2\best.pt,104e00f84f457e897bcca5e1c3f8661157c5e3a8cf09601c0e4c833dc90125f9,True,1,nominal,False,2,"[0.7545354962348938, 0.6825408339500427, -0.8066762685775757, 0.002128163119778037, 0.00505424989387393, -0.002936112694442272, -0.9762240648269653]",1,cpu,9ac0aadfd5a1f112f321aab7c46860df854e7835b726c9d237f8b6e74bfc547d,Place the green cube in the yellow receptacle.,0.9858133626209862,mono,1,0.034287544422888526,0.03440357465139692,27.209300082176924,30.12469995301217,5.189800052903593,7.065920019522309,200109,4.5,90,True,32.26640005595982,36.993859987705946,2,0.004,3.200930600054562,False,False
pytorch,artifacts\main_runs\fusion_s0\best.pt,444aa2e097000653ffff70bcc420740f13ffd7e1b26c6bd3e1e444eb4bea9263,False,0,nominal,False,2,"[0.7744025588035583, 0.8409416079521179, -0.8108175992965698, 0.0009308031294494867, 0.005226560868322849, -0.0034040678292512894, -1.0]",0,cpu,73a3a6f1a4bc09c8d2a9f6f0747f4ecc69d772d31df6d741b26cc9b3b9b29c86,Place the red cube in the blue receptacle.,0.9886871109118633,fusion,0,0.02143333584774475,0.02152327196365937,13.413299922831357,15.342639968730508,6.132900016382337,7.7928799903020245,200100,4.5,90,True,19.56159994006157,22.975880000740283,0,0.004,1.9805260000284761,False,False
pytorch,artifacts\main_runs\fusion_s0\best.pt,444aa2e097000653ffff70bcc420740f13ffd7e1b26c6bd3e1e444eb4bea9263,False,0,nominal,False,2,"[0.7871422171592712, -0.8319970965385437, -0.7882773876190186, 0.00633867084980011, 0.006818283349275589, -0.00966532900929451, -1.0]",0,cpu,19f7e89b9a8e4e3a51c218c474c0f37db2b7a2d863b4dee118dd5c4ffcc5f581,Place the red cube in the blue receptacle.,0.8207844891595659,fusion,0,0.28782756483683497,0.2878584332819663,13.073650014121085,13.413909915834665,5.801050050649792,6.781420053448528,200101,11.0,220,False,18.88460002373904,19.818284997018054,0,0.004,4.73025060002692,False,True
pytorch,artifacts\main_runs\fusion_s0\best.pt,444aa2e097000653ffff70bcc420740f13ffd7e1b26c6bd3e1e444eb4bea9263,False,0,nominal,False,2,"[0.7863366007804871, -0.8492390513420105, -0.7735791206359863, 0.006405562162399292, 0.006847952958196402, -0.009691700339317322, -0.9959361553192139]",0,cpu,e3531ef36f9b88e7c7c1b17db0960f6bd9eba0159796d91b69180153140802f2,Place the red cube in the blue receptacle.,0.8207844891595659,fusion,0,0.29410585688951385,0.29413606645285956,13.063049991615117,13.65835994365625,5.817950004711747,6.875754985958337,200102,11.0,220,False,18.907200021203607,20.172934990841895,0,0.004,4.979291799943894,False,True
pytorch,artifacts\main_runs\fusion_s0\best.pt,444aa2e097000653ffff70bcc420740f13ffd7e1b26c6bd3e1e444eb4bea9263,False,0,nominal,False,2,"[0.7750969529151917, 0.8628923296928406, -0.8086825609207153, 0.001022248063236475, 0.005011826753616333, -0.00339158670976758, -1.0]",0,cpu,8bf9496ab00b40e87f5cd13ff1cf03c5c0402d7823d33a4b047a232ab5dd2b72,Place the red cube in the blue receptacle.,0.8207844891595659,fusion,0,0.13666167014084762,0.13672667119962975,13.024999992921948,14.55436503747478,5.772099946625531,6.855189969064667,200103,11.0,220,False,18.727349990513176,21.138450078433376,0,0.004,4.9495181000093,False,False
pytorch,artifacts\main_runs\fusion_s0\best.pt,444aa2e097000653ffff70bcc420740f13ffd7e1b26c6bd3e1e444eb4bea9263,False,0,nominal,False,2,"[0.7766008973121643, -0.8869358897209167, -0.7739313840866089, 0.006523768417537212, 0.006831949111074209, -0.009703220799565315, -0.9653387069702148]",0,cpu,3272a28ae6703770bfa10827560c8c00906480eb142163c288e5c8a455da54c7,Place the red cube in the blue receptacle.,0.9872085609187378,fusion,0,0.030251104606147494,0.030284332339484892,13.00614996580407,13.469744991743937,5.829200032167137,6.975835020421073,200104,5.0,100,True,18.948149983771145,20.18838999210857,0,0.004,2.277331899967976,False,False
pytorch,artifacts\main_runs\fusion_s0\best.pt,444aa2e097000653ffff70bcc420740f13ffd7e1b26c6bd3e1e444eb4bea9263,False,0,nominal,False,2,"[0.7878032922744751, -0.8308322429656982, -0.7772493362426758, 0.006365559063851833, 0.0069054667837917805, -0.00967310555279255, -1.0]",0,cpu,cfa305b62281aed9f63144192c13fc35d0f62d294b755355125494be3d20958c,Place the red cube in the blue receptacle.,0.9876964226815622,fusion,0,0.03912568485561715,0.0392031706742203,12.992000090889633,13.767999946139753,5.947900004684925,6.732960045337677,200105,5.3,106,True,18.976699910126626,20.10143999941647,0,0.004,2.3878333000466228,False,False
pytorch,artifacts\main_runs\fusion_s0\best.pt,444aa2e097000653ffff70bcc420740f13ffd7e1b26c6bd3e1e444eb4bea9263,False,0,nominal,False,2,"[0.7789384126663208, 0.8421429991722107, -0.7919822931289673, 0.0009436223190277815, 0.005245445761829615, -0.003495896700769663, -1.0]",0,cpu,ad1da59ca4ef9fd15d2fec69d26d8f279ca324127f2c08a030c8d307b80fd83b,Place the red cube in the blue receptacle.,0.9865616514487355,fusion,0,0.00499966572609262,0.0059859512022870775,13.02790001500398,13.421399984508753,6.0683999909088016,7.026019995100795,200106,4.9,98,True,19.153399975039065,20.317640015855428,0,0.004,2.275186299928464,False,False
pytorch,artifacts\main_runs\fusion_s0\best.pt,444aa2e097000653ffff70bcc420740f13ffd7e1b26c6bd3e1e444eb4bea9263,False,0,nominal,False,2,"[0.7808220982551575, 0.8723101615905762, -0.8045245409011841, 0.0009534852579236031, 0.00513611501082778, -0.0032862722873687744, -1.0]",0,cpu,b7788b674c1681c3c46907e5a65c3f9f8c1577e8a6cb953ec3bc9075cce16561,Place the red cube in the blue receptacle.,0.9855602001917837,fusion,0,0.3888378129332018,0.38886367427535923,13.07059999089688,13.384640030562878,5.986250063870102,6.878150039119646,200107,11.0,220,False,19.107500032987446,20.10025000781752,0,0.004,5.042768100043759,True,False
pytorch,artifacts\main_runs\fusion_s0\best.pt,444aa2e097000653ffff70bcc420740f13ffd7e1b26c6bd3e1e444eb4bea9263,False,0,nominal,False,2,"[0.7854439616203308, 0.8447567224502563, -0.8086251020431519, 0.000926922308281064, 0.005229055415838957, -0.003463133005425334, -1.0]",0,cpu,66d3ab2a609eac7b226bf3c9fa663fdbc960532531d77b202cd14d54bea6f7ce,Place the red cube in the blue receptacle.,0.8207844891595659,fusion,0,0.3014816415240195,0.3015111120799086,13.024500047322363,13.40561998076737,5.878500000108033,6.861324975034222,200108,11.0,220,False,18.895350047387183,20.053284958703443,0,0.004,4.945202099974267,False,True
pytorch,artifacts\main_runs\fusion_s0\best.pt,444aa2e097000653ffff70bcc420740f13ffd7e1b26c6bd3e1e444eb4bea9263,False,0,nominal,False,2,"[0.7814016938209534, 0.8528932929039001, -0.8043100833892822, 0.0011382955126464367, 0.005035079549998045, -0.003475293517112732, -1.0]",0,cpu,9ac0aadfd5a1f112f321aab7c46860df854e7835b726c9d237f8b6e74bfc547d,Place the red cube in the blue receptacle.,0.8274200481049995,fusion,0,0.19529879890622984,0.19534428936076378,12.998799909837544,13.301570003386587,5.708649987354875,6.716695026261732,200109,11.0,220,False,18.671399971935898,19.791060057468712,0,0.004,4.890347699983977,False,False
pytorch,artifacts\main_runs\fusion_s0\best.pt,444aa2e097000653ffff70bcc420740f13ffd7e1b26c6bd3e1e444eb4bea9263,False,0,nominal,False,2,"[0.7698682546615601, 0.8607771992683411, -0.8013498783111572, 0.0008862433023750782, 0.005149348173290491, -0.0033107674680650234, -1.0]",1,cpu,73a3a6f1a4bc09c8d2a9f6f0747f4ecc69d772d31df6d741b26cc9b3b9b29c86,Place the red cube in the yellow receptacle.,0.9882582089830448,fusion,0,0.014980255673557138,0.01532028645489616,12.59360002586618,14.436304965056475,6.145999941509217,7.189724995987488,200100,5.4,108,True,18.765549990348518,20.91050494345836,0,0.004,2.271662300103344,False,False
pytorch,artifacts\main_runs\fusion_s0\best.pt,444aa2e097000653ffff70bcc420740f13ffd7e1b26c6bd3e1e444eb4bea9263,False,0,nominal,False,2,"[0.7842826247215271, -0.8098198175430298, -0.805693507194519, 0.006183464080095291, 0.006906559225171804, -0.009642965160310268, -0.9984780550003052]",1,cpu,19f7e89b9a8e4e3a51c218c474c0f37db2b7a2d863b4dee118dd5c4ffcc5f581,Place the red cube in the yellow receptacle.,0.8207844891595659,fusion,0,0.16992155455401783,0.16997383690938989,12.773950002156198,13.968765013851225,5.75170002412051,6.892080028774217,200101,11.0,220,False,18.655799969565123,20.308564964216202,0,0.004,4.781982899992727,False,True
pytorch,artifacts\main_runs\fusion_s0\best.pt,444aa2e097000653ffff70bcc420740f13ffd7e1b26c6bd3e1e444eb4bea9263,True,1,nominal,False,2,"[0.7844855189323425, -0.8263978958129883, -0.7918263673782349, 0.00625506229698658, 0.0069302706979215145, -0.009667769074440002, -0.9953751564025879]",1,cpu,e3531ef36f9b88e7c7c1b17db0960f6bd9eba0159796d91b69180153140802f2,Place the red cube in the yellow receptacle.,0.8207844891595659,fusion,0,0.16009042115790967,0.16014591308604387,12.420350045431405,13.44724497757852,5.632099986542016,6.653729971731082,200102,11.0,220,False,18.182649975642562,19.41926500876434,0,0.004,4.688292500097305,False,False
pytorch,artifacts\main_runs\fusion_s0\best.pt,444aa2e097000653ffff70bcc420740f13ffd7e1b26c6bd3e1e444eb4bea9263,False,0,nominal,False,2,"[0.7695382833480835, 0.8946115374565125, -0.7960410118103027, 0.0009602408390492201, 0.004899254534393549, -0.0032143662683665752, -0.988798975944519]",1,cpu,8bf9496ab00b40e87f5cd13ff1cf03c5c0402d7823d33a4b047a232ab5dd2b72,Place the red cube in the yellow receptacle.,0.8207844891595659,fusion,0,0.2681102532231562,0.26814339151847605,12.509000021964312,13.66351501783356,5.797150020953268,7.010459998855367,200103,11.0,220,False,18.493350071366876,19.715365080628544,0,0.004,4.863777499995194,False,False
pytorch,artifacts\main_runs\fusion_s0\best.pt,444aa2e097000653ffff70bcc420740f13ffd7e1b26c6bd3e1e444eb4bea9263,False,0,nominal,False,2,"[0.7753928899765015, -0.8620858192443848, -0.7930728197097778, 0.00640060193836689, 0.006877986714243889, -0.009677081368863583, -0.9637773036956787]",1,cpu,3272a28ae6703770bfa10827560c8c00906480eb142163c288e5c8a455da54c7,Place the red cube in the yellow receptacle.,0.9933948742610222,fusion,0,0.015540583610485907,0.01591804484278858,12.645050010178238,13.648564979666842,5.905299971345812,7.033334980951621,200104,5.0,100,True,18.795999989379197,19.88470994401723,0,0.004,2.2984637999907136,False,False
pytorch,artifacts\main_runs\fusion_s0\best.pt,444aa2e097000653ffff70bcc420740f13ffd7e1b26c6bd3e1e444eb4bea9263,False,0,nominal,False,2,"[0.7870693802833557, -0.7818811535835266, -0.7984064817428589, 0.0061132637783885, 0.007001051213592291, -0.009603690356016159, -1.0]",1,cpu,cfa305b62281aed9f63144192c13fc35d0f62d294b755355125494be3d20958c,Place the red cube in the yellow receptacle.,0.9947773810126478,fusion,0,0.04299333533922995,0.04312783035379141,12.661600019782782,13.758400059305131,6.177700008265674,7.12141995318234,200105,5.7,114,True,18.950399942696095,19.90182006265968,0,0.004,2.596282299957238,False,False
pytorch,artifacts\main_runs\fusion_s0\best.pt,444aa2e097000653ffff70bcc420740f13ffd7e1b26c6bd3e1e444eb4bea9263,False,0,nominal,False,2,"[0.7738215327262878, 0.8800756335258484, -0.7772796154022217, 0.0009078262373805046, 0.005093695130199194, -0.003297187853604555, -1.0]",1,cpu,ad1da59ca4ef9fd15d2fec69d26d8f279ca324127f2c08a030c8d307b80fd83b,Place the red cube in the yellow receptacle.,0.9837224132385477,fusion,0,0.041450900856365325,0.04145104240412191,12.379400024656206,13.282384985359386,5.831099988427013,7.104600098682566,200106,4.15,83,True,18.46540003316477,19.28963498212397,0,0.004,1.872988099930808,False,False
pytorch,artifacts\main_runs\fusion_s0\best.pt,444aa2e097000653ffff70bcc420740f13ffd7e1b26c6bd3e1e444eb4bea9263,False,0,nominal,False,2,"[0.7748329639434814, 0.8850159049034119, -0.7967584133148193, 0.0009093205444514751, 0.005080418195575476, -0.0032160263508558273, -1.0]",1,cpu,b7788b674c1681c3c46907e5a65c3f9f8c1577e8a6cb953ec3bc9075cce16561,Place the red cube in the yellow receptacle.,0.9844474843416058,fusion,0,0.016874112951566822,0.016914879115072154,12.668750016018748,13.703824917320162,5.9919499908573925,7.199835020583122,200107,4.95,99,True,18.775800010189414,19.853444944601506,0,0.004,2.283807500032708,False,False
pytorch,artifacts\main_runs\fusion_s0\best.pt,444aa2e097000653ffff70bcc420740f13ffd7e1b26c6bd3e1e444eb4bea9263,False,0,nominal,False,2,"[0.7781047821044922, 0.8571729063987732, -0.8048510551452637, 0.000898048048838973, 0.005160321947187185, -0.0033941310830414295, -1.0]",1,cpu,66d3ab2a609eac7b226bf3c9fa663fdbc960532531d77b202cd14d54bea6f7ce,Place the red cube in the yellow receptacle.,0.8207844891595659,fusion,0,0.16420571202517106,0.16425981368959125,12.667600007262081,14.07670503249392,5.591849971096963,6.8473700201138845,200108,11.0,220,False,18.318049900699407,20.122294971952215,0,0.004,4.867569699999876,False,False
pytorch,artifacts\main_runs\fusion_s0\best.pt,444aa2e097000653ffff70bcc420740f13ffd7e1b26c6bd3e1e444eb4bea9263,False,0,nominal,False,2,"[0.776162326335907, 0.8942182660102844, -0.7927926778793335, 0.0010655575897544622, 0.00488318083807826, -0.0032512464094907045, -1.0]",1,cpu,9ac0aadfd5a1f112f321aab7c46860df854e7835b726c9d237f8b6e74bfc547d,Place the red cube in the yellow receptacle.,0.8254610573844149,fusion,0,0.3128363431084656,0.3128647441005832,12.473899987526238,13.381625019246712,5.634050001390278,6.989435025025158,200109,11.0,220,False,18.31979997223243,19.51087501947768,0,0.004,4.856989299994893,False,False
pytorch,artifacts\main_runs\fusion_s0\best.pt,444aa2e097000653ffff70bcc420740f13ffd7e1b26c6bd3e1e444eb4bea9263,False,0,nominal,False,2,"[0.7733802795410156, 0.7922828793525696, -0.8249884843826294, 0.0010926283430308104, 0.005286622326821089, -0.003635960863903165, -1.0]",0,cpu,73a3a6f1a4bc09c8d2a9f6f0747f4ecc69d772d31df6d741b26cc9b3b9b29c86,Place the green cube in the blue receptacle.,0.8207844891595659,fusion,1,0.2774695065956806,0.2775015272428176,12.714899959973991,14.614584943046793,6.4411499770358205,7.2949400171637535,200100,11.0,220,False,19.274150079581887,20.90922998613678,0,0.004,4.692210800014436,False,True
pytorch,artifacts\main_runs\fusion_s0\best.pt,444aa2e097000653ffff70bcc420740f13ffd7e1b26c6bd3e1e444eb4bea9263,False,0,nominal,False,2,"[0.779525876045227, -0.8606113791465759, -0.8051584959030151, 0.006593042053282261, 0.006692225579172373, -0.009614693000912666, -0.9689624309539795]",0,cpu,19f7e89b9a8e4e3a51c218c474c0f37db2b7a2d863b4dee118dd5c4ffcc5f581,Place the green cube in the blue receptacle.,0.9858076633423944,fusion,1,0.02692519455389418,0.026987293025615693,12.744100065901875,13.440240081399677,6.500100018456578,7.518779975362121,200101,4.5,90,True,19.33040004223585,20.25236003100872,0,0.004,2.0636632000096142,False,False
pytorch,artifacts\main_runs\fusion_s0\best.pt,444aa2e097000653ffff70bcc420740f13ffd7e1b26c6bd3e1e444eb4bea9263,False,0,nominal,False,2,"[0.7818732261657715, -0.8830990791320801, -0.7849242687225342, 0.006685205735266209, 0.006747509352862835, -0.00969037227332592, -0.9723842144012451]",0,cpu,e3531ef36f9b88e7c7c1b17db0960f6bd9eba0159796d91b69180153140802f2,Place the green cube in the blue receptacle.,0.9940660806352375,fusion,1,0.03927193595076689,0.039461656405274895,12.565999990329146,13.737040013074875,6.61100004799664,7.581379986368119,200102,4.85,97,True,19.2256000591442,20.50947998650372,0,0.004,2.209899800014682,False,False
pytorch,artifacts\main_runs\fusion_s0\best.pt,444aa2e097000653ffff70bcc420740f13ffd7e1b26c6bd3e1e444eb4bea9263,False,0,nominal,False,2,"[0.7667089700698853, 0.8268590569496155, -0.8184313774108887, 0.001118688378483057, 0.004998194053769112, -0.0035253227688372135, -0.978222131729126]",0,cpu,8bf9496ab00b40e87f5cd13ff1cf03c5c0402d7823d33a4b047a232ab5dd2b72,Place the green cube in the blue receptacle.,0.8207844891595659,fusion,1,0.3268912811722716,0.3269184611460402,12.6551499706693,13.942245044745505,6.278000015299767,7.33816500287503,200103,11.0,220,False,18.877900030929595,20.75793997501023,0,0.004,4.9579836000921205,False,False
pytorch,artifacts\main_runs\fusion_s0\best.pt,444aa2e097000653ffff70bcc420740f13ffd7e1b26c6bd3e1e444eb4bea9263,True,1,nominal,False,2,"[0.7666199803352356, -0.9029811024665833, -0.7921502590179443, 0.0067045679315924644, 0.006621358450502157, -0.009591810405254364, -0.9196081161499023]",0,cpu,3272a28ae6703770bfa10827560c8c00906480eb142163c288e5c8a455da54c7,Place the green cube in the blue receptacle.,0.8207844891595659,fusion,1,0.292136347294108,0.2921667605015832,12.674800062086433,13.701070006936789,6.403449981007725,7.256404997315258,200104,11.0,220,False,19.138599978759885,20.276175014441833,0,0.004,5.096829400048591,False,True
pytorch,artifacts\main_runs\fusion_s0\best.pt,444aa2e097000653ffff70bcc420740f13ffd7e1b26c6bd3e1e444eb4bea9263,False,0,nominal,False,2,"[0.7780383825302124, -0.8533030152320862, -0.7971318960189819, 0.006587170995771885, 0.006701210979372263, -0.00957421213388443, -0.9644961357116699]",0,cpu,cfa305b62281aed9f63144192c13fc35d0f62d294b755355125494be3d20958c,Place the green cube in the blue receptacle.,0.8207844891595659,fusion,1,0.2858731459682993,0.28590422542777916,13.23734998004511,15.734584938036273,6.226300029084086,7.032780029112472,200105,11.0,220,False,19.4047000259161,22.331109910737723,0,0.004,5.236774499993771,False,True
pytorch,artifacts\main_runs\fusion_s0\best.pt,444aa2e097000653ffff70bcc420740f13ffd7e1b26c6bd3e1e444eb4bea9263,False,0,nominal,False,2,"[0.7853020429611206, -0.6549643278121948, -0.8224917650222778, 0.005804006941616535, 0.0067700729705393314, -0.009196696802973747, -1.0]",0,cpu,ad1da59ca4ef9fd15d2fec69d26d8f279ca324127f2c08a030c8d307b80fd83b,Place the green cube in the blue receptacle.,0.9873741300897557,fusion,1,0.029547741117880336,0.029679758596617513,12.7231499645859,14.066944946534932,6.549600046128035,7.325579936150461,200106,4.35,87,True,19.121899909805506,20.597915031248704,0,0.004,2.0308841998921707,False,False
pytorch,artifacts\main_runs\fusion_s0\best.pt,444aa2e097000653ffff70bcc420740f13ffd7e1b26c6bd3e1e444eb4bea9263,False,0,nominal,False,2,"[0.7801588773727417, 0.8279891610145569, -0.8198114633560181, 0.0011071569751948118, 0.005200195591896772, -0.0035156989470124245, -1.0]",0,cpu,b7788b674c1681c3c46907e5a65c3f9f8c1577e8a6cb953ec3bc9075cce16561,Place the green cube in the blue receptacle.,0.8207844891595659,fusion,1,0.3123013189103902,0.3123297685537116,12.532050022855401,13.827980018686501,6.3522999989800155,7.165949954651296,200107,11.0,220,False,18.973099999129772,20.139625010779127,0,0.004,5.030277300043963,False,True
pytorch,artifacts\main_runs\fusion_s0\best.pt,444aa2e097000653ffff70bcc420740f13ffd7e1b26c6bd3e1e444eb4bea9263,False,0,nominal,False,2,"[0.7751168608665466, 0.8103727102279663, -0.8202325105667114, 0.0009916485287249088, 0.005235202610492706, -0.003564218059182167, -1.0]",0,cpu,66d3ab2a609eac7b226bf3c9fa663fdbc960532531d77b202cd14d54bea6f7ce,Place the green cube in the blue receptacle.,0.9900199031647097,fusion,1,0.3244416551389461,0.3244637267053094,12.85965007264167,14.153769961558282,6.431749963667244,7.3674149927683175,200108,11.0,220,False,19.296649959869683,20.80369494506158,0,0.004,5.1329570999369025,True,False
pytorch,artifacts\main_runs\fusion_s0\best.pt,444aa2e097000653ffff70bcc420740f13ffd7e1b26c6bd3e1e444eb4bea9263,False,0,nominal,False,2,"[0.7706852555274963, 0.8126950860023499, -0.8166940212249756, 0.0012283266987651587, 0.005031573120504618, -0.003616051748394966, -0.9893310070037842]",0,cpu,9ac0aadfd5a1f112f321aab7c46860df854e7835b726c9d237f8b6e74bfc547d,Place the green cube in the blue receptacle.,0.8231318497994454,fusion,1,0.27600272251117675,0.27603491330849333,12.506400002166629,14.45126504986547,6.291849946137518,7.18613498029299,200109,11.0,220,False,18.901149975135922,21.409675071481615,0,0.004,4.996899199904874,False,False
pytorch,artifacts\main_runs\fusion_s0\best.pt,444aa2e097000653ffff70bcc420740f13ffd7e1b26c6bd3e1e444eb4bea9263,True,2,nominal,False,2,"[0.7718983292579651, 0.8209420442581177, -0.8179051876068115, 0.0010585843119770288, 0.005188893526792526, -0.0035350853577256203, -1.0]",1,cpu,73a3a6f1a4bc09c8d2a9f6f0747f4ecc69d772d31df6d741b26cc9b3b9b29c86,Place the green cube in the yellow receptacle.,0.8207844891595659,fusion,1,0.18563934431577606,0.18568720120039797,12.641799985431135,14.395129983313382,5.837649980094284,6.996065040584653,200100,11.0,220,False,18.5815499862656,21.021444926736876,0,0.004,4.552701300010085,False,True
pytorch,artifacts\main_runs\fusion_s0\best.pt,444aa2e097000653ffff70bcc420740f13ffd7e1b26c6bd3e1e444eb4bea9263,False,0,nominal,False,2,"[0.783746600151062, -0.8392239809036255, -0.8161790370941162, 0.006431172601878643, 0.006806030869483948, -0.00964244082570076, -0.9818953275680542]",1,cpu,19f7e89b9a8e4e3a51c218c474c0f37db2b7a2d863b4dee118dd5c4ffcc5f581,Place the green cube in the yellow receptacle.,0.9902610139817835,fusion,1,0.02575149453393854,0.025969290427635724,12.59875000687316,13.353959983214736,5.919500021263957,6.926725024823099,200101,5.0,100,True,18.594399967696518,19.481934985378757,0,0.004,2.1995480000041425,False,False
pytorch,artifacts\main_runs\fusion_s0\best.pt,444aa2e097000653ffff70bcc420740f13ffd7e1b26c6bd3e1e444eb4bea9263,False,0,nominal,False,2,"[0.7876073718070984, -0.8555896878242493, -0.7982478141784668, 0.00650323461741209, 0.006843179930001497, -0.009702620096504688, -0.9872727394104004]",1,cpu,e3531ef36f9b88e7c7c1b17db0960f6bd9eba0159796d91b69180153140802f2,Place the green cube in the yellow receptacle.,0.9830939380544529,fusion,1,0.018160622575745505,0.018260316863222888,12.533799977973104,13.4730999590829,5.924900062382221,6.906000012531877,200102,4.9,98,True,18.458600039593875,20.030939974822104,0,0.004,2.194601299939677,False,False
pytorch,artifacts\main_runs\fusion_s0\best.pt,444aa2e097000653ffff70bcc420740f13ffd7e1b26c6bd3e1e444eb4bea9263,False,0,nominal,False,2,"[0.7707313299179077, 0.8590660095214844, -0.8080179691314697, 0.0010815782006829977, 0.004937542602419853, -0.003403858747333288, -0.9806276559829712]",1,cpu,8bf9496ab00b40e87f5cd13ff1cf03c5c0402d7823d33a4b047a232ab5dd2b72,Place the green cube in the yellow receptacle.,0.8207844891595659,fusion,1,0.18685921925852572,0.1869067637982949,12.5730000436306,14.240054972469807,5.705050018150359,6.715784943662584,200103,11.0,220,False,18.37179996073246,20.580929989228025,0,0.004,4.8383195999776945,False,False
pytorch,artifacts\main_runs\fusion_s0\best.pt,444aa2e097000653ffff70bcc420740f13ffd7e1b26c6bd3e1e444eb4bea9263,False,0,nominal,False,2,"[0.7744444608688354, -0.8731901049613953, -0.8047634363174438, 0.006535072810947895, 0.006716775707900524, -0.009616764262318611, -0.9401893615722656]",1,cpu,3272a28ae6703770bfa10827560c8c00906480eb142163c288e5c8a455da54c7,Place the green cube in the yellow receptacle.,0.8207844891595659,fusion,1,0.1684001362653479,0.16855466609408887,12.349050026386976,13.092004932696,5.785849993117154,6.779310025740414,200104,11.0,220,False,18.198100035078824,19.474814977729693,0,0.004,4.867452800041065,False,True
pytorch,artifacts\main_runs\fusion_s0\best.pt,444aa2e097000653ffff70bcc420740f13ffd7e1b26c6bd3e1e444eb4bea9263,False,0,nominal,False,2,"[0.7852383852005005, -0.8052915930747986, -0.8109309673309326, 0.006311965174973011, 0.006841239985078573, -0.009562265127897263, -0.9877698421478271]",1,cpu,cfa305b62281aed9f63144192c13fc35d0f62d294b755355125494be3d20958c,Place the green cube in the yellow receptacle.,0.8207844891595659,fusion,1,0.15189225238107323,0.15195073828396316,12.575400003697723,13.784615049371496,5.763549997936934,6.593360018450767,200105,11.0,220,False,18.525649968069047,19.90929501480423,0,0.004,4.898730000015348,False,True
pytorch,artifacts\main_runs\fusion_s0\best.pt,444aa2e097000653ffff70bcc420740f13ffd7e1b26c6bd3e1e444eb4bea9263,False,0,nominal,False,2,"[0.7795549035072327, 0.8270189762115479, -0.7956123352050781, 0.0010637897066771984, 0.005202685482800007, -0.003603822086006403, -1.0]",1,cpu,ad1da59ca4ef9fd15d2fec69d26d8f279ca324127f2c08a030c8d307b80fd83b,Place the green cube in the yellow receptacle.,0.8207844891595659,fusion,1,0.2800655871159122,0.28009731097999924,12.482750054914504,13.7469100067392,5.827450018841773,6.85295001603663,200106,11.0,220,False,18.48740002606064,19.63817497016862,0,0.004,4.85770940000657,False,True
pytorch,artifacts\main_runs\fusion_s0\best.pt,444aa2e097000653ffff70bcc420740f13ffd7e1b26c6bd3e1e444eb4bea9263,False,0,nominal,False,2,"[0.7786833047866821, 0.8447884321212769, -0.8144228458404541, 0.0010825241915881634, 0.00514310784637928, -0.0034629451110959053, -1.0]",1,cpu,b7788b674c1681c3c46907e5a65c3f9f8c1577e8a6cb953ec3bc9075cce16561,Place the green cube in the yellow receptacle.,0.8207844891595659,fusion,1,0.17632305358491712,0.17637343835497274,12.475550000090152,13.729720003902912,5.794299999251962,6.714395020389929,200107,11.0,220,False,18.453550001140684,19.72111003124155,0,0.004,4.89793760003522,False,True
pytorch,artifacts\main_runs\fusion_s0\best.pt,444aa2e097000653ffff70bcc420740f13ffd7e1b26c6bd3e1e444eb4bea9263,False,0,nominal,False,2,"[0.7733775973320007, 0.8267143964767456, -0.8176523447036743, 0.0010214573703706264, 0.005152010824531317, -0.003520638681948185, -1.0]",1,cpu,66d3ab2a609eac7b226bf3c9fa663fdbc960532531d77b202cd14d54bea6f7ce,Place the green cube in the yellow receptacle.,0.989721131895682,fusion,1,0.04499618338010118,0.04515416406679294,12.425499968230724,13.870859966846183,5.806000030133873,6.6221799585036925,200108,11.0,220,False,18.07120000012219,20.19756005029194,0,0.004,4.878817899967544,False,False
pytorch,artifacts\main_runs\fusion_s0\best.pt,444aa2e097000653ffff70bcc420740f13ffd7e1b26c6bd3e1e444eb4bea9263,False,0,nominal,False,2,"[0.7747825980186462, 0.8575249910354614, -0.8060555458068848, 0.001181068830192089, 0.004917639773339033, -0.0034360652789473534, -0.9875259399414062]",1,cpu,9ac0aadfd5a1f112f321aab7c46860df854e7835b726c9d237f8b6e74bfc547d,Place the green cube in the yellow receptacle.,0.8207844891595659,fusion,1,0.15392255538646835,0.15398027012687773,12.462999962735921,13.422949961386621,5.705750023480505,6.45898996735923,200109,11.0,220,False,18.18539999658242,19.355049962177873,0,0.004,4.83525720005855,False,False
pytorch,artifacts\main_runs\fusion_s1\best.pt,8e9d7c89fd4ea9ce7ab2eab434bb60082435a7fb9ec74389fa3c79a03f8d5447,False,0,nominal,False,2,"[0.7780178189277649, 0.8052451014518738, -0.826163649559021, 0.001051648985594511, 0.0049194153398275375, -0.0024616981390863657, -1.0]",0,cpu,73a3a6f1a4bc09c8d2a9f6f0747f4ecc69d772d31df6d741b26cc9b3b9b29c86,Place the red cube in the blue receptacle.,0.9855909163891224,fusion,0,0.019233776359725986,0.01934169971568033,13.386900012847036,14.502950012683868,6.569449906237423,7.316150062251836,200100,4.6,92,True,19.84804996754974,21.217924979282543,1,0.004,2.0276510000694543,False,False
pytorch,artifacts\main_runs\fusion_s1\best.pt,8e9d7c89fd4ea9ce7ab2eab434bb60082435a7fb9ec74389fa3c79a03f8d5447,False,0,nominal,False,2,"[0.8094837069511414, 0.7219622135162354, -0.825007438659668, 0.001495239557698369, 0.004877802915871143, -0.0034509962424635887, -1.0]",0,cpu,19f7e89b9a8e4e3a51c218c474c0f37db2b7a2d863b4dee118dd5c4ffcc5f581,Place the red cube in the blue receptacle.,0.9914282428285207,fusion,0,0.021177568941505014,0.021443142376930208,13.392900000326335,14.280300005339086,6.679699989035726,7.696349988691509,200101,5.05,101,True,20.141900051385164,21.120549936313182,1,0.004,2.224453300004825,False,False
pytorch,artifacts\main_runs\fusion_s1\best.pt,8e9d7c89fd4ea9ce7ab2eab434bb60082435a7fb9ec74389fa3c79a03f8d5447,False,0,nominal,False,2,"[0.8192569017410278, -0.6972465515136719, -0.8078874349594116, 0.006072116084396839, 0.006773762870579958, -0.009599525481462479, -1.0]",0,cpu,e3531ef36f9b88e7c7c1b17db0960f6bd9eba0159796d91b69180153140802f2,Place the red cube in the blue receptacle.,0.8207844891595659,fusion,0,0.29410585688951385,0.29413606645285956,13.140449998900294,14.03560500475578,5.968899931758642,7.075305026955903,200102,11.0,220,False,19.073400006163865,20.77895503025502,1,0.004,4.960483000031672,False,True
pytorch,artifacts\main_runs\fusion_s1\best.pt,8e9d7c89fd4ea9ce7ab2eab434bb60082435a7fb9ec74389fa3c79a03f8d5447,False,0,nominal,False,2,"[0.8121894001960754, -0.7438416481018066, -0.8095798492431641, 0.006221824325621128, 0.006790636107325554, -0.009702399373054504, -1.0]",0,cpu,8bf9496ab00b40e87f5cd13ff1cf03c5c0402d7823d33a4b047a232ab5dd2b72,Place the red cube in the blue receptacle.,0.8207844891595659,fusion,0,0.13666167014084762,0.13672667119962975,13.177599990740418,14.248040044913068,6.112949980888516,7.088305009528995,200103,11.0,220,False,19.384299986995757,20.537345035700127,1,0.004,4.964965800056234,False,False
pytorch,artifacts\main_runs\fusion_s1\best.pt,8e9d7c89fd4ea9ce7ab2eab434bb60082435a7fb9ec74389fa3c79a03f8d5447,False,0,nominal,False,2,"[0.7788000702857971, 0.8215453624725342, -0.7990015745162964, 0.0007617436349391937, 0.004720062483102083, -0.002601153217256069, -0.9741592407226562]",0,cpu,3272a28ae6703770bfa10827560c8c00906480eb142163c288e5c8a455da54c7,Place the red cube in the blue receptacle.,0.8207844891595659,fusion,0,0.1565947513995782,0.15665148163212989,13.271649950183928,14.430819975677878,6.085100001655519,7.107429986353964,200104,11.0,220,False,19.554899947252125,20.768994954414666,1,0.004,4.978912500082515,False,True
pytorch,artifacts\main_runs\fusion_s1\best.pt,8e9d7c89fd4ea9ce7ab2eab434bb60082435a7fb9ec74389fa3c79a03f8d5447,False,0,nominal,False,2,"[0.7971503734588623, -0.7819139361381531, -0.7955672740936279, 0.006211100146174431, 0.006922365631908178, -0.009726308286190033, -0.9966422319412231]",0,cpu,cfa305b62281aed9f63144192c13fc35d0f62d294b755355125494be3d20958c,Place the red cube in the blue receptacle.,0.8207844891595659,fusion,0,0.1611782775284578,0.161233395047944,13.140200055204332,13.991375057958066,6.142000027466565,7.146069983718917,200105,11.0,220,False,19.328300026245415,20.44139492791146,1,0.004,4.9416053999448195,False,False
pytorch,artifacts\main_runs\fusion_s1\best.pt,8e9d7c89fd4ea9ce7ab2eab434bb60082435a7fb9ec74389fa3c79a03f8d5447,False,0,nominal,False,2,"[0.7940332889556885, -0.7557588815689087, -0.7868613004684448, 0.006143274717032909, 0.006966536398977041, -0.009530896320939064, -1.0]",0,cpu,ad1da59ca4ef9fd15d2fec69d26d8f279ca324127f2c08a030c8d307b80fd83b,Place the red cube in the blue receptacle.,0.8207844891595659,fusion,0,0.2579200094634446,0.25795445685870433,13.156450062524527,14.4363050814718,5.9852999984286726,7.276215008459985,200106,11.0,220,False,19.214649975765496,20.614369941176847,1,0.004,4.957643800065853,False,True
pytorch,artifacts\main_runs\fusion_s1\best.pt,8e9d7c89fd4ea9ce7ab2eab434bb60082435a7fb9ec74389fa3c79a03f8d5447,False,0,nominal,False,2,"[0.7975955009460449, -0.7193174958229065, -0.8173741102218628, 0.006077594123780727, 0.006961742416024208, -0.00949840433895588, -1.0]",0,cpu,b7788b674c1681c3c46907e5a65c3f9f8c1577e8a6cb953ec3bc9075cce16561,Place the red cube in the blue receptacle.,0.8207844891595659,fusion,0,0.18811587720212708,0.1881631042132638,13.183750037569553,14.095364994136617,6.3878000364638865,7.192825042875484,200107,11.0,220,False,19.69694998115301,20.774165028706193,1,0.004,5.113407999975607,False,True
pytorch,artifacts\main_runs\fusion_s1\best.pt,8e9d7c89fd4ea9ce7ab2eab434bb60082435a7fb9ec74389fa3c79a03f8d5447,False,0,nominal,False,2,"[0.7839738130569458, -0.8182695508003235, -0.7951674461364746, 0.006435604766011238, 0.007029972039163113, -0.009724595583975315, -0.991279125213623]",0,cpu,66d3ab2a609eac7b226bf3c9fa663fdbc960532531d77b202cd14d54bea6f7ce,Place the red cube in the blue receptacle.,0.9924266324171306,fusion,0,0.009355846618846187,0.009859842125993524,13.287500012665987,14.084769989131019,6.536450062412769,7.122065045405179,200108,5.2,104,True,19.885849964339286,21.036399976583198,1,0.004,2.4126613000407815,False,False
pytorch,artifacts\main_runs\fusion_s1\best.pt,8e9d7c89fd4ea9ce7ab2eab434bb60082435a7fb9ec74389fa3c79a03f8d5447,False,0,nominal,False,2,"[0.7897117137908936, 0.8390558958053589, -0.7941356897354126, 0.0010246725287288427, 0.004566899500787258, -0.0026446515694260597, -0.9988033771514893]",0,cpu,9ac0aadfd5a1f112f321aab7c46860df854e7835b726c9d237f8b6e74bfc547d,Place the red cube in the blue receptacle.,0.8207844891595659,fusion,0,0.1949463629192572,0.19499193559502034,13.226549956016243,14.371995022520423,6.240900023840368,7.148624979890883,200109,11.0,220,False,19.50324996141717,20.75868004467338,1,0.004,5.005792999989353,False,False
pytorch,artifacts\main_runs\fusion_s1\best.pt,8e9d7c89fd4ea9ce7ab2eab434bb60082435a7fb9ec74389fa3c79a03f8d5447,False,0,nominal,False,2,"[0.781938910484314, 0.7851434946060181, -0.8473072052001953, 0.0013297582045197487, 0.0047634379006922245, -0.0027172653935849667, -0.9930593967437744]",1,cpu,73a3a6f1a4bc09c8d2a9f6f0747f4ecc69d772d31df6d741b26cc9b3b9b29c86,Place the red cube in the yellow receptacle.,0.9941861502009036,fusion,0,0.0405819479264164,0.0406842901779349,13.151000021025538,13.920480012893677,6.715000024996698,7.257179962471126,200100,5.7,114,True,19.76599998306483,20.928940013982352,1,0.004,2.4191833999939263,False,False
pytorch,artifacts\main_runs\fusion_s1\best.pt,8e9d7c89fd4ea9ce7ab2eab434bb60082435a7fb9ec74389fa3c79a03f8d5447,False,0,nominal,False,2,"[0.8109894394874573, -0.6496565937995911, -0.8040181398391724, 0.005888020619750023, 0.006874979939311743, -0.00943891890347004, -1.0]",1,cpu,19f7e89b9a8e4e3a51c218c474c0f37db2b7a2d863b4dee118dd5c4ffcc5f581,Place the red cube in the yellow receptacle.,0.8207844891595659,fusion,0,0.16992155455401783,0.16997383690938989,13.157449953723699,13.656285003526136,6.170050066430122,7.121905032545328,200101,11.0,220,False,19.37199995154515,20.371454989071935,1,0.004,4.808711599907838,False,True
pytorch,artifacts\main_runs\fusion_s1\best.pt,8e9d7c89fd4ea9ce7ab2eab434bb60082435a7fb9ec74389fa3c79a03f8d5447,False,0,nominal,False,2,"[0.8095537424087524, -0.7142466902732849, -0.7939455509185791, 0.006259375251829624, 0.006847291719168425, -0.009621979668736458, -1.0]",1,cpu,e3531ef36f9b88e7c7c1b17db0960f6bd9eba0159796d91b69180153140802f2,Place the red cube in the yellow receptacle.,0.8207844891595659,fusion,0,0.16009042115790967,0.16014591308604387,13.104550016578287,13.728809985332191,6.005699979141355,6.718535028630867,200102,11.0,220,False,19.11034999648109,20.016080024652183,1,0.004,4.93285010010004,False,False
pytorch,artifacts\main_runs\fusion_s1\best.pt,8e9d7c89fd4ea9ce7ab2eab434bb60082435a7fb9ec74389fa3c79a03f8d5447,False,0,nominal,False,2,"[0.8044542074203491, -0.7463865280151367, -0.7991223335266113, 0.006379338912665844, 0.006817942950874567, -0.009713231585919857, -1.0]",1,cpu,8bf9496ab00b40e87f5cd13ff1cf03c5c0402d7823d33a4b047a232ab5dd2b72,Place the red cube in the yellow receptacle.,0.8207844891595659,fusion,0,0.2681102532231562,0.26814339151847605,13.072250003460795,13.346554996678606,5.7950999471358955,7.019640016369522,200103,11.0,220,False,18.806150008458644,20.031840045703575,1,0.004,4.88736739999149,False,False
pytorch,artifacts\main_runs\fusion_s1\best.pt,8e9d7c89fd4ea9ce7ab2eab434bb60082435a7fb9ec74389fa3c79a03f8d5447,False,0,nominal,False,2,"[0.7792096734046936, 0.7943953275680542, -0.8261433839797974, 0.0010303796734660864, 0.004667804576456547, -0.002815674524754286, -0.9620615243911743]",1,cpu,3272a28ae6703770bfa10827560c8c00906480eb142163c288e5c8a455da54c7,Place the red cube in the yellow receptacle.,0.8207844891595659,fusion,0,0.31235342060645416,0.31238186550470287,13.02865002071485,13.316669937921688,6.144899991340935,7.049334933981299,200104,11.0,220,False,19.152649969328195,20.14647496980615,1,0.004,4.973490200005472,False,True
pytorch,artifacts\main_runs\fusion_s1\best.pt,8e9d7c89fd4ea9ce7ab2eab434bb60082435a7fb9ec74389fa3c79a03f8d5447,False,0,nominal,False,2,"[0.7916422486305237, -0.7770081758499146, -0.7872474193572998, 0.006352628581225872, 0.006925306282937527, -0.009730643592774868, -0.9843728542327881]",1,cpu,cfa305b62281aed9f63144192c13fc35d0f62d294b755355125494be3d20958c,Place the red cube in the yellow receptacle.,0.9914707963080267,fusion,0,0.02560732023584961,0.025799179726568772,12.962899985723197,13.727219984866679,6.052900105714798,7.146960031241178,200105,4.85,97,True,19.168100086972117,20.284540043212473,1,0.004,2.1983776000561193,False,False
pytorch,artifacts\main_runs\fusion_s1\best.pt,8e9d7c89fd4ea9ce7ab2eab434bb60082435a7fb9ec74389fa3c79a03f8d5447,False,0,nominal,False,2,"[0.7844789028167725, -0.7620064616203308, -0.7722877264022827, 0.006284474395215511, 0.007041736505925655, -0.009529178962111473, -1.0]",1,cpu,ad1da59ca4ef9fd15d2fec69d26d8f279ca324127f2c08a030c8d307b80fd83b,Place the red cube in the yellow receptacle.,0.8207844891595659,fusion,0,0.13603671556891433,0.13610201510052494,13.06865003425628,13.39028503280133,5.9839499881491065,7.077394978841766,200106,11.0,220,False,19.099599972832948,20.250574935926124,1,0.004,4.9322035000659525,False,True
pytorch,artifacts\main_runs\fusion_s1\best.pt,8e9d7c89fd4ea9ce7ab2eab434bb60082435a7fb9ec74389fa3c79a03f8d5447,False,0,nominal,False,2,"[0.8113637566566467, -0.598225474357605, -0.8163895606994629, 0.005719717592000961, 0.006863181479275227, -0.00932257529348135, -1.0]",1,cpu,b7788b674c1681c3c46907e5a65c3f9f8c1577e8a6cb953ec3bc9075cce16561,Place the red cube in the yellow receptacle.,0.8207844891595659,fusion,0,0.28948815663449395,0.28951884802769423,13.196300016716123,14.035900047747418,5.920800031162798,6.960590020753443,200107,11.0,220,False,19.0467499778606,20.52077001426369,1,0.004,5.124137799954042,False,False
pytorch,artifacts\main_runs\fusion_s1\best.pt,8e9d7c89fd4ea9ce7ab2eab434bb60082435a7fb9ec74389fa3c79a03f8d5447,False,0,nominal,False,2,"[0.7938277721405029, -0.7952730655670166, -0.7913607358932495, 0.006545049138367176, 0.006927108857780695, -0.009778349660336971, -0.9914615154266357]",1,cpu,66d3ab2a609eac7b226bf3c9fa663fdbc960532531d77b202cd14d54bea6f7ce,Place the red cube in the yellow receptacle.,0.9864591465177802,fusion,0,0.013248698907665528,0.013350258972208486,13.033600058406591,13.326175016118214,6.049749965313822,7.362875010585412,200108,4.6,92,True,19.177200039848685,20.48865004326217,1,0.004,2.0923481000354514,False,False
pytorch,artifacts\main_runs\fusion_s1\best.pt,8e9d7c89fd4ea9ce7ab2eab434bb60082435a7fb9ec74389fa3c79a03f8d5447,False,0,nominal,False,2,"[0.7990949749946594, 0.7936491966247559, -0.833438515663147, 0.0015210595447570086, 0.004495632369071245, -0.0030682533979415894, -1.0]",1,cpu,9ac0aadfd5a1f112f321aab7c46860df854e7835b726c9d237f8b6e74bfc547d,Place the red cube in the yellow receptacle.,0.8207844891595659,fusion,0,0.31336516197597375,0.31339351504438323,13.044449966400862,13.386525004170835,5.988100019749254,6.924169976264238,200109,11.0,220,False,19.071900052949786,20.012629975099117,1,0.004,4.934636400081217,False,True
pytorch,artifacts\main_runs\fusion_s1\best.pt,8e9d7c89fd4ea9ce7ab2eab434bb60082435a7fb9ec74389fa3c79a03f8d5447,False,0,nominal,False,2,"[0.778881847858429, 0.7711406350135803, -0.8451573848724365, 0.0012086844071745872, 0.004915762692689896, -0.002673164941370487, -1.0]",0,cpu,73a3a6f1a4bc09c8d2a9f6f0747f4ecc69d772d31df6d741b26cc9b3b9b29c86,Place the green cube in the blue receptacle.,0.8207844891595659,fusion,1,0.2774695065956806,0.2775015272428176,12.278400012291968,12.7371400303673,6.428649998269975,7.051214959938079,200100,11.0,220,False,18.686349969357252,19.502375036245212,1,0.004,4.504935799981467,False,True
pytorch,artifacts\main_runs\fusion_s1\best.pt,8e9d7c89fd4ea9ce7ab2eab434bb60082435a7fb9ec74389fa3c79a03f8d5447,False,0,nominal,False,2,"[0.8017308115959167, -0.733771800994873, -0.8110349178314209, 0.006081520579755306, 0.0068704187870025635, -0.00960050243884325, -1.0]",0,cpu,19f7e89b9a8e4e3a51c218c474c0f37db2b7a2d863b4dee118dd5c4ffcc5f581,Place the green cube in the blue receptacle.,0.8207844891595659,fusion,1,0.14115004644272716,0.14121298149401793,12.307500001043081,12.635244987905025,5.958549969363958,6.729450006969273,200101,11.0,220,False,18.31239997409284,19.132954988162965,1,0.004,4.7494796999963,False,False
pytorch,artifacts\main_runs\fusion_s1\best.pt,8e9d7c89fd4ea9ce7ab2eab434bb60082435a7fb9ec74389fa3c79a03f8d5447,False,0,nominal,False,2,"[0.8030009865760803, -0.7653883099555969, -0.802388072013855, 0.006302467547357082, 0.006832000333815813, -0.009722153656184673, -1.0]",0,cpu,e3531ef36f9b88e7c7c1b17db0960f6bd9eba0159796d91b69180153140802f2,Place the green cube in the blue receptacle.,0.9915832367165723,fusion,1,0.021997016476732533,0.022324655286820098,12.299899943172932,12.73092005867511,6.417699973098934,7.173219951801001,200102,4.5,90,True,18.71249999385327,19.427699991501868,1,0.004,2.005566900013946,False,False
pytorch,artifacts\main_runs\fusion_s1\best.pt,8e9d7c89fd4ea9ce7ab2eab434bb60082435a7fb9ec74389fa3c79a03f8d5447,False,0,nominal,False,2,"[0.8016988635063171, -0.7554252743721008, -0.80958092212677, 0.006216375157237053, 0.0067642731592059135, -0.009710850194096565, -0.9986478090286255]",0,cpu,8bf9496ab00b40e87f5cd13ff1cf03c5c0402d7823d33a4b047a232ab5dd2b72,Place the green cube in the blue receptacle.,0.8207844891595659,fusion,1,0.3268912811722716,0.3269184611460402,12.31284998357296,12.716310023097321,5.9973999741487205,6.93523000809364,200103,11.0,220,False,18.26864993199706,19.248504989081994,1,0.004,4.813836399931461,False,False
pytorch,artifacts\main_runs\fusion_s1\best.pt,8e9d7c89fd4ea9ce7ab2eab434bb60082435a7fb9ec74389fa3c79a03f8d5447,False,0,nominal,False,2,"[0.7723656296730042, 0.8105055689811707, -0.8094485998153687, 0.0008163589518517256, 0.004630571696907282, -0.0026432026643306017, -0.9502030611038208]",0,cpu,3272a28ae6703770bfa10827560c8c00906480eb142163c288e5c8a455da54c7,Place the green cube in the blue receptacle.,0.989925971489187,fusion,1,0.03817882999950656,0.03827886524202251,12.265600031241775,12.683700071647763,6.299500004388392,7.062199991196394,200104,6.05,121,True,18.55559996329248,19.67740000691265,1,0.004,2.683935199980624,False,False
pytorch,artifacts\main_runs\fusion_s1\best.pt,8e9d7c89fd4ea9ce7ab2eab434bb60082435a7fb9ec74389fa3c79a03f8d5447,False,0,nominal,False,2,"[0.785396933555603, -0.7915695905685425, -0.7937295436859131, 0.006213294342160225, 0.006901552900671959, -0.00972261093556881, -0.9719909429550171]",0,cpu,cfa305b62281aed9f63144192c13fc35d0f62d294b755355125494be3d20958c,Place the green cube in the blue receptacle.,0.8207844891595659,fusion,1,0.2858731459682993,0.28590422542777916,12.29149999562651,12.625920021673664,5.8726000133901834,6.855034956242889,200105,11.0,220,False,18.18670000648126,19.2107999115251,1,0.004,4.810052899993025,False,False
pytorch,artifacts\main_runs\fusion_s1\best.pt,8e9d7c89fd4ea9ce7ab2eab434bb60082435a7fb9ec74389fa3c79a03f8d5447,False,0,nominal,False,2,"[0.7819297909736633, -0.785228431224823, -0.7858413457870483, 0.006233791820704937, 0.006996931973844767, -0.009587554261088371, -0.9896112680435181]",0,cpu,ad1da59ca4ef9fd15d2fec69d26d8f279ca324127f2c08a030c8d307b80fd83b,Place the green cube in the blue receptacle.,0.9864493398808576,fusion,1,0.028918635383449683,0.02909195393546267,12.351899989880621,12.807440012693405,6.34570000693202,7.211719988845289,200106,4.5,90,True,18.58689996879548,19.599419995211065,1,0.004,2.0044588000746444,False,False
pytorch,artifacts\main_runs\fusion_s1\best.pt,8e9d7c89fd4ea9ce7ab2eab434bb60082435a7fb9ec74389fa3c79a03f8d5447,False,0,nominal,False,2,"[0.7809370756149292, -0.7968940734863281, -0.8059343099594116, 0.0063409218564629555, 0.007025779224932194, -0.009645462036132812, -0.9938367605209351]",0,cpu,b7788b674c1681c3c46907e5a65c3f9f8c1577e8a6cb953ec3bc9075cce16561,Place the green cube in the blue receptacle.,0.9929007222234396,fusion,1,0.021229819721579352,0.02147587885046064,12.363549962174147,12.809434958035126,6.264550029300153,7.084095012396574,200107,4.95,99,True,18.622349947690964,19.42303998512216,1,0.004,2.209504700032994,False,False
pytorch,artifacts\main_runs\fusion_s1\best.pt,8e9d7c89fd4ea9ce7ab2eab434bb60082435a7fb9ec74389fa3c79a03f8d5447,False,0,nominal,False,2,"[0.7739510536193848, -0.8277221918106079, -0.7934304475784302, 0.0064278533682227135, 0.007028534077107906, -0.009733526036143303, -0.9701298475265503]",0,cpu,66d3ab2a609eac7b226bf3c9fa663fdbc960532531d77b202cd14d54bea6f7ce,Place the green cube in the blue receptacle.,0.8207844891595659,fusion,1,0.15685629811246782,0.15691293378556526,12.252199929207563,12.649915023939682,6.286100018769503,7.097090024035424,200108,11.0,220,False,18.567849998362362,19.55172998132184,1,0.004,4.925608100020327,False,True
pytorch,artifacts\main_runs\fusion_s1\best.pt,8e9d7c89fd4ea9ce7ab2eab434bb60082435a7fb9ec74389fa3c79a03f8d5447,False,0,nominal,False,2,"[0.784058153629303, 0.8242685198783875, -0.8033143281936646, 0.0010464072693139315, 0.00452052615582943, -0.0027115950360894203, -0.9768887758255005]",0,cpu,9ac0aadfd5a1f112f321aab7c46860df854e7835b726c9d237f8b6e74bfc547d,Place the green cube in the blue receptacle.,0.9897765293217399,fusion,1,0.03759185856623727,0.03768630815362914,12.253399996552616,12.924870039569214,6.462650024332106,7.1984850452281535,200109,5.15,103,True,18.729400006122887,20.086820004507896,1,0.004,2.3035754000302404,False,False
pytorch,artifacts\main_runs\fusion_s1\best.pt,8e9d7c89fd4ea9ce7ab2eab434bb60082435a7fb9ec74389fa3c79a03f8d5447,False,0,nominal,False,2,"[0.7817705273628235, 0.7567326426506042, -0.8617846965789795, 0.0014393327292054892, 0.004770537838339806, -0.0028839970473200083, -0.9855036735534668]",1,cpu,73a3a6f1a4bc09c8d2a9f6f0747f4ecc69d772d31df6d741b26cc9b3b9b29c86,Place the green cube in the yellow receptacle.,0.8207844891595659,fusion,1,0.18563934431577606,0.18568720120039797,12.586000026203692,14.03602003119886,6.108500005211681,7.141959940781817,200100,11.0,220,False,18.701050023082644,20.410984981572255,1,0.004,4.5342612999957055,False,True
pytorch,artifacts\main_runs\fusion_s1\best.pt,8e9d7c89fd4ea9ce7ab2eab434bb60082435a7fb9ec74389fa3c79a03f8d5447,False,0,nominal,False,2,"[0.7986656427383423, -0.7226637005805969, -0.8035337924957275, 0.006162313744425774, 0.006919735111296177, -0.009574230760335922, -1.0]",1,cpu,19f7e89b9a8e4e3a51c218c474c0f37db2b7a2d863b4dee118dd5c4ffcc5f581,Place the green cube in the yellow receptacle.,0.9919290950270391,fusion,1,0.04078778153525431,0.04091346255612962,12.973149947356433,13.290765037527308,6.5606500138528645,7.250380027107894,200101,4.95,99,True,19.366800028365105,20.283274992834777,1,0.004,2.257177000050433,False,False
pytorch,artifacts\main_runs\fusion_s1\best.pt,8e9d7c89fd4ea9ce7ab2eab434bb60082435a7fb9ec74389fa3c79a03f8d5447,False,0,nominal,False,2,"[0.7989158630371094, -0.7566589713096619, -0.7942477464675903, 0.006387846544384956, 0.006892864592373371, -0.00969056598842144, -1.0]",1,cpu,e3531ef36f9b88e7c7c1b17db0960f6bd9eba0159796d91b69180153140802f2,Place the green cube in the yellow receptacle.,0.9906761820152598,fusion,1,0.027187101340827167,0.027293369568241032,12.351399986073375,13.151400024071336,6.4718000357970595,7.24864995572716,200102,5.1,102,True,18.944900017231703,20.015800022520125,1,0.004,2.3002552000107244,False,False
pytorch,artifacts\main_runs\fusion_s1\best.pt,8e9d7c89fd4ea9ce7ab2eab434bb60082435a7fb9ec74389fa3c79a03f8d5447,False,0,nominal,False,2,"[0.7978735566139221, -0.7472074627876282, -0.8057020902633667, 0.0063274092972278595, 0.0068009961396455765, -0.009689483791589737, -0.9963351488113403]",1,cpu,8bf9496ab00b40e87f5cd13ff1cf03c5c0402d7823d33a4b047a232ab5dd2b72,Place the green cube in the yellow receptacle.,0.8207844891595659,fusion,1,0.18685921925852572,0.1869067637982949,12.825900048483163,13.340634980704634,5.99535001674667,7.2225699841510504,200103,11.0,220,False,18.760699953418225,20.162755029741675,1,0.004,4.886202699970454,False,False
pytorch,artifacts\main_runs\fusion_s1\best.pt,8e9d7c89fd4ea9ce7ab2eab434bb60082435a7fb9ec74389fa3c79a03f8d5447,False,0,nominal,False,2,"[0.7711681127548218, 0.8018791675567627, -0.824874758720398, 0.0009585253428667784, 0.004571840167045593, -0.0027264459058642387, -0.9404098987579346]",1,cpu,3272a28ae6703770bfa10827560c8c00906480eb142163c288e5c8a455da54c7,Place the green cube in the yellow receptacle.,0.9855863323893105,fusion,1,0.037660443643154864,0.0376921576154462,12.948899937327951,13.776799995684994,6.250650039874017,7.051475037587807,200104,5.15,103,True,19.21564998337999,20.455725019564852,1,0.004,2.342976300045848,False,False
pytorch,artifacts\main_runs\fusion_s1\best.pt,8e9d7c89fd4ea9ce7ab2eab434bb60082435a7fb9ec74389fa3c79a03f8d5447,False,0,nominal,False,2,"[0.7877006530761719, -0.7687077522277832, -0.7939968109130859, 0.0062751322984695435, 0.00688693905249238, -0.00969775766134262, -0.9771558046340942]",1,cpu,cfa305b62281aed9f63144192c13fc35d0f62d294b755355125494be3d20958c,Place the green cube in the yellow receptacle.,0.8262750017537657,fusion,1,0.15258677128090326,0.1526449910792244,12.935249949805439,13.541949959471822,6.232249957975,7.152305031195283,200105,11.0,220,False,19.109099986962974,20.39605497266166,1,0.004,4.936586900032125,False,True
pytorch,artifacts\main_runs\fusion_s1\best.pt,8e9d7c89fd4ea9ce7ab2eab434bb60082435a7fb9ec74389fa3c79a03f8d5447,False,0,nominal,False,2,"[0.7757052183151245, -0.7853297591209412, -0.775181770324707, 0.0063485028222203255, 0.007072943728417158, -0.009566969238221645, -0.9848344326019287]",1,cpu,ad1da59ca4ef9fd15d2fec69d26d8f279ca324127f2c08a030c8d307b80fd83b,Place the green cube in the yellow receptacle.,0.9892273887159168,fusion,1,0.010270518470841743,0.010656139342886378,12.506900005973876,13.366075040539727,6.652650015894324,7.380215008743107,200106,4.75,95,True,19.150200008880347,20.28575495351106,1,0.004,2.187436699983664,False,False
pytorch,artifacts\main_runs\fusion_s1\best.pt,8e9d7c89fd4ea9ce7ab2eab434bb60082435a7fb9ec74389fa3c79a03f8d5447,False,0,nominal,False,2,"[0.7930837273597717, -0.7582607269287109, -0.8022304773330688, 0.006397542543709278, 0.006941851694136858, -0.00966293178498745, -1.0]",1,cpu,b7788b674c1681c3c46907e5a65c3f9f8c1577e8a6cb953ec3bc9075cce16561,Place the green cube in the yellow receptacle.,0.9912505428431898,fusion,1,0.017580616575701154,0.018078687184136195,12.871049984823912,13.201835029758513,6.451549998018891,7.252840063301846,200107,4.4,88,True,19.302750006318092,20.207340002525598,1,0.004,1.9858856999780983,False,False
pytorch,artifacts\main_runs\fusion_s1\best.pt,8e9d7c89fd4ea9ce7ab2eab434bb60082435a7fb9ec74389fa3c79a03f8d5447,False,0,nominal,False,2,"[0.7877117991447449, -0.7994804978370667, -0.7938947677612305, 0.0065341247245669365, 0.006940578110516071, -0.009776633232831955, -0.9811182022094727]",1,cpu,66d3ab2a609eac7b226bf3c9fa663fdbc960532531d77b202cd14d54bea6f7ce,Place the green cube in the yellow receptacle.,0.8207844891595659,fusion,1,0.2560163393052762,0.25605104280771857,12.358199979644269,13.280110026244074,6.322450004518032,7.2175850393250585,200108,11.0,220,False,18.705350055824965,20.194994966732338,1,0.004,5.011988899903372,False,True
pytorch,artifacts\main_runs\fusion_s1\best.pt,8e9d7c89fd4ea9ce7ab2eab434bb60082435a7fb9ec74389fa3c79a03f8d5447,False,0,nominal,False,2,"[0.7909740805625916, 0.7878777980804443, -0.836097002029419, 0.001399589003995061, 0.00447795819491148, -0.0030348459258675575, -0.9790894985198975]",1,cpu,9ac0aadfd5a1f112f321aab7c46860df854e7835b726c9d237f8b6e74bfc547d,Place the green cube in the yellow receptacle.,0.9850030709040641,fusion,1,0.02737032665545045,0.02738739948009017,12.842099997214973,13.164019933901727,6.7402999848127365,7.299779914319515,200109,4.25,85,True,19.107500091195107,19.948889990337193,1,0.004,1.947587599977851,False,False
pytorch,artifacts\main_runs\fusion_s2\best.pt,a08333b957f2fd3342a44101b9e7d50f5b5989393c57e66c05d5406ad08ae65f,False,0,nominal,False,2,"[0.7701708078384399, 0.7442709803581238, -0.8006598949432373, 0.0017001230735331774, 0.0052957311272621155, -0.0030041516292840242, -1.0]",0,cpu,73a3a6f1a4bc09c8d2a9f6f0747f4ecc69d772d31df6d741b26cc9b3b9b29c86,Place the red cube in the blue receptacle.,0.9633236586667903,fusion,0,0.08059336221614197,0.0866861047794355,12.268949940335006,12.934339954517782,5.9139999793842435,7.062340044649318,200100,11.0,220,False,18.29984999494627,19.49188497965224,2,0.004,4.464913200004958,False,False
pytorch,artifacts\main_runs\fusion_s2\best.pt,a08333b957f2fd3342a44101b9e7d50f5b5989393c57e66c05d5406ad08ae65f,False,0,nominal,False,2,"[0.8030925393104553, -0.7230455279350281, -0.8351199626922607, 0.007108299061655998, 0.006105607375502586, -0.00936046615242958, -0.9810878038406372]",0,cpu,19f7e89b9a8e4e3a51c218c474c0f37db2b7a2d863b4dee118dd5c4ffcc5f581,Place the red cube in the blue receptacle.,0.8207844891595659,fusion,0,0.28782756483683497,0.2878584332819663,12.548149970825762,13.440149987582117,6.244900054298341,7.038114976603538,200101,11.0,220,False,18.716700025834143,20.00502504524775,2,0.004,4.86647340003401,False,False
pytorch,artifacts\main_runs\fusion_s2\best.pt,a08333b957f2fd3342a44101b9e7d50f5b5989393c57e66c05d5406ad08ae65f,False,0,nominal,False,2,"[0.8077049255371094, -0.6799701452255249, -0.8409651517868042, 0.007020111195743084, 0.005994353909045458, -0.009177295491099358, -0.9748200178146362]",0,cpu,e3531ef36f9b88e7c7c1b17db0960f6bd9eba0159796d91b69180153140802f2,Place the red cube in the blue receptacle.,0.8207844891595659,fusion,0,0.29410585688951385,0.29413606645285956,12.468850007280707,13.889430032577366,6.212850043084472,7.053779967827722,200102,11.0,220,False,18.742349988315254,20.28488001669757,2,0.004,4.978392299963161,False,True
pytorch,artifacts\main_runs\fusion_s2\best.pt,a08333b957f2fd3342a44101b9e7d50f5b5989393c57e66c05d5406ad08ae65f,False,0,nominal,False,2,"[0.7686147689819336, 0.779109001159668, -0.794196367263794, 0.0016958785708993673, 0.0049837930127978325, -0.002979927696287632, -1.0]",0,cpu,8bf9496ab00b40e87f5cd13ff1cf03c5c0402d7823d33a4b047a232ab5dd2b72,Place the red cube in the blue receptacle.,0.8207844891595659,fusion,0,0.13666167014084762,0.13672667119962975,12.47049996163696,13.25628999620676,6.14034995669499,6.971214996883646,200103,11.0,220,False,18.75710004242137,19.545614975504577,2,0.004,4.896992299938574,False,False
pytorch,artifacts\main_runs\fusion_s2\best.pt,a08333b957f2fd3342a44101b9e7d50f5b5989393c57e66c05d5406ad08ae65f,False,0,nominal,False,2,"[0.7681287527084351, 0.7604900002479553, -0.7865744829177856, 0.0016545203980058432, 0.005166327115148306, -0.0029926407150924206, -1.0]",0,cpu,3272a28ae6703770bfa10827560c8c00906480eb142163c288e5c8a455da54c7,Place the red cube in the blue receptacle.,0.8207844891595659,fusion,0,0.1565947513995782,0.15665148163212989,12.511100037954748,13.624684943351895,5.928600032348186,7.30874502332881,200104,11.0,220,False,18.630000005941838,20.321780000813305,2,0.004,4.786619400023483,False,False
pytorch,artifacts\main_runs\fusion_s2\best.pt,a08333b957f2fd3342a44101b9e7d50f5b5989393c57e66c05d5406ad08ae65f,False,0,nominal,False,2,"[0.792208194732666, -0.8010942339897156, -0.801822304725647, 0.006983092986047268, 0.0066731031984090805, -0.009498103521764278, -0.993140697479248]",0,cpu,cfa305b62281aed9f63144192c13fc35d0f62d294b755355125494be3d20958c,Place the red cube in the blue receptacle.,0.9838711370789982,fusion,0,0.029410747326092977,0.029433879078169044,12.531250016763806,13.502945011714473,6.382149993441999,7.321185036562383,200105,4.95,99,True,19.02410003822297,19.97093996615149,2,0.004,2.2689934000372887,False,False
pytorch,artifacts\main_runs\fusion_s2\best.pt,a08333b957f2fd3342a44101b9e7d50f5b5989393c57e66c05d5406ad08ae65f,False,0,nominal,False,2,"[0.7680158615112305, 0.721315324306488, -0.7990250587463379, 0.0018128796946257353, 0.005274126306176186, -0.0029797374736517668, -1.0]",0,cpu,ad1da59ca4ef9fd15d2fec69d26d8f279ca324127f2c08a030c8d307b80fd83b,Place the red cube in the blue receptacle.,0.9849662879459354,fusion,0,0.01380739803201875,0.014487195431209342,12.384000001475215,13.147375005064532,6.303849979303777,7.105964998481795,200106,5.2,104,True,18.871999986004084,19.75388508872129,2,0.004,2.3186765999998897,False,False
pytorch,artifacts\main_runs\fusion_s2\best.pt,a08333b957f2fd3342a44101b9e7d50f5b5989393c57e66c05d5406ad08ae65f,False,0,nominal,False,2,"[0.809952974319458, -0.7080627679824829, -0.8034569025039673, 0.006838824599981308, 0.006507279817014933, -0.009235547855496407, -1.0]",0,cpu,b7788b674c1681c3c46907e5a65c3f9f8c1577e8a6cb953ec3bc9075cce16561,Place the red cube in the blue receptacle.,0.8207844891595659,fusion,0,0.18811587720212708,0.1881631042132638,12.79724994674325,14.223045011749491,6.362199957948178,7.452230039052665,200107,11.0,220,False,19.091700029093772,20.56028995430097,2,0.004,5.092276200070046,False,True
pytorch,artifacts\main_runs\fusion_s2\best.pt,a08333b957f2fd3342a44101b9e7d50f5b5989393c57e66c05d5406ad08ae65f,False,0,nominal,False,2,"[0.7939096093177795, -0.7831498384475708, -0.8135277032852173, 0.0070674363523721695, 0.006433026399463415, -0.009483464062213898, -0.9805128574371338]",0,cpu,66d3ab2a609eac7b226bf3c9fa663fdbc960532531d77b202cd14d54bea6f7ce,Place the red cube in the blue receptacle.,0.99533146789751,fusion,0,0.0034781921180094973,0.004969790336543185,12.431100010871887,13.493740046396852,6.614500074647367,7.746799965389073,200108,5.25,105,True,18.99430004414171,20.647380012087524,2,0.004,2.3983305000001565,False,False
pytorch,artifacts\main_runs\fusion_s2\best.pt,a08333b957f2fd3342a44101b9e7d50f5b5989393c57e66c05d5406ad08ae65f,False,0,nominal,False,2,"[0.8043354153633118, -0.607002317905426, -0.8244373798370361, 0.006723314523696899, 0.0056828465312719345, -0.00884028896689415, -0.9337685108184814]",0,cpu,9ac0aadfd5a1f112f321aab7c46860df854e7835b726c9d237f8b6e74bfc547d,Place the red cube in the blue receptacle.,0.9749208623016771,fusion,0,0.016130284910375218,0.016146595482334346,12.609099969267845,13.204520009458065,6.326299975626171,7.179359998553991,200109,4.45,89,True,18.909199978224933,20.012399996630847,2,0.004,2.0473350000102073,False,False
pytorch,artifacts\main_runs\fusion_s2\best.pt,a08333b957f2fd3342a44101b9e7d50f5b5989393c57e66c05d5406ad08ae65f,False,0,nominal,False,2,"[0.7714564204216003, 0.7670658230781555, -0.7880289554595947, 0.0016508593689650297, 0.005324164405465126, -0.002969715977087617, -1.0]",1,cpu,73a3a6f1a4bc09c8d2a9f6f0747f4ecc69d772d31df6d741b26cc9b3b9b29c86,Place the red cube in the yellow receptacle.,0.9884922996963298,fusion,0,0.03652654040702722,0.040088188773909995,12.702199979685247,15.09530001785606,5.943999974988401,7.401320082135498,200100,5.65,113,True,18.700500018894672,21.892119990661737,2,0.004,2.4090324999997392,False,False
pytorch,artifacts\main_runs\fusion_s2\best.pt,a08333b957f2fd3342a44101b9e7d50f5b5989393c57e66c05d5406ad08ae65f,False,0,nominal,False,2,"[0.7967092394828796, -0.483525812625885, -0.8194823265075684, 0.00690431147813797, 0.004207353573292494, -0.008230628445744514, -0.8467248678207397]",1,cpu,19f7e89b9a8e4e3a51c218c474c0f37db2b7a2d863b4dee118dd5c4ffcc5f581,Place the red cube in the yellow receptacle.,0.8207844891595659,fusion,0,0.16992155455401783,0.16997383690938989,12.627749994862825,13.679154985584319,5.75449998723343,6.965514982584864,200101,11.0,220,False,18.342549970839173,19.822874991223216,2,0.004,4.5931177999591455,False,False
pytorch,artifacts\main_runs\fusion_s2\best.pt,a08333b957f2fd3342a44101b9e7d50f5b5989393c57e66c05d5406ad08ae65f,False,0,nominal,False,2,"[0.7710595726966858, 0.7483651041984558, -0.7897497415542603, 0.0017297302838414907, 0.0052529023960232735, -0.00308298971503973, -1.0]",1,cpu,e3531ef36f9b88e7c7c1b17db0960f6bd9eba0159796d91b69180153140802f2,Place the red cube in the yellow receptacle.,0.9881235902132544,fusion,0,0.013095414726118526,0.013208238581314298,12.668500014115125,14.011850027600303,6.497699941974133,7.061225041979924,200102,4.6,92,True,19.056999997701496,20.724950038129464,2,0.004,2.12946889991872,False,False
pytorch,artifacts\main_runs\fusion_s2\best.pt,a08333b957f2fd3342a44101b9e7d50f5b5989393c57e66c05d5406ad08ae65f,False,0,nominal,False,2,"[0.7664621472358704, 0.8249760270118713, -0.7821134328842163, 0.001615801127627492, 0.004869448486715555, -0.002858851570636034, -1.0]",1,cpu,8bf9496ab00b40e87f5cd13ff1cf03c5c0402d7823d33a4b047a232ab5dd2b72,Place the red cube in the yellow receptacle.,0.8207844891595659,fusion,0,0.2681102532231562,0.26814339151847605,12.645200011320412,13.80968996672891,6.142650032415986,7.104680017801002,200103,11.0,220,False,18.769150017760694,19.965794996824116,2,0.004,4.890287599992007,False,False
pytorch,artifacts\main_runs\fusion_s2\best.pt,a08333b957f2fd3342a44101b9e7d50f5b5989393c57e66c05d5406ad08ae65f,False,0,nominal,False,2,"[0.7656548023223877, 0.8112657070159912, -0.7766590118408203, 0.001551853260025382, 0.005071059335023165, -0.0028436975553631783, -1.0]",1,cpu,3272a28ae6703770bfa10827560c8c00906480eb142163c288e5c8a455da54c7,Place the red cube in the yellow receptacle.,0.8207844891595659,fusion,0,0.31235342060645416,0.31238186550470287,12.539700022898614,13.42800994752906,6.147500069346279,7.067400019150227,200104,11.0,220,False,18.71730003040284,19.96437493362464,2,0.004,5.036567199975252,False,True
pytorch,artifacts\main_runs\fusion_s2\best.pt,a08333b957f2fd3342a44101b9e7d50f5b5989393c57e66c05d5406ad08ae65f,False,0,nominal,False,2,"[0.7988249659538269, -0.7183430790901184, -0.8039140701293945, 0.006904511712491512, 0.00638831639662385, -0.009294698014855385, -0.9931861162185669]",1,cpu,cfa305b62281aed9f63144192c13fc35d0f62d294b755355125494be3d20958c,Place the red cube in the yellow receptacle.,0.9874128900848209,fusion,0,0.018193156539078804,0.018300674199152704,12.823049968574196,13.866850017802788,6.310199969448149,7.144070009235293,200105,4.95,99,True,19.05349997105077,20.608434930909425,2,0.004,2.2931653999257833,False,False
pytorch,artifacts\main_runs\fusion_s2\best.pt,a08333b957f2fd3342a44101b9e7d50f5b5989393c57e66c05d5406ad08ae65f,False,0,nominal,False,2,"[0.7661038041114807, 0.7896277904510498, -0.7846716642379761, 0.0017005887348204851, 0.005139588378369808, -0.002817896194756031, -1.0]",1,cpu,ad1da59ca4ef9fd15d2fec69d26d8f279ca324127f2c08a030c8d307b80fd83b,Place the red cube in the yellow receptacle.,0.9862872379186738,fusion,0,0.01553064579549945,0.015687648941974084,12.741400045342743,13.692800072021782,6.236599991098046,7.29700003284961,200106,4.1,82,True,18.972299993038177,20.164000103250146,2,0.004,1.85268809995614,False,False
pytorch,artifacts\main_runs\fusion_s2\best.pt,a08333b957f2fd3342a44101b9e7d50f5b5989393c57e66c05d5406ad08ae65f,False,0,nominal,False,2,"[0.8147704601287842, -0.5888421535491943, -0.7965123653411865, 0.006704727187752724, 0.00591617776080966, -0.008746040984988213, -0.9747381210327148]",1,cpu,b7788b674c1681c3c46907e5a65c3f9f8c1577e8a6cb953ec3bc9075cce16561,Place the red cube in the yellow receptacle.,0.8207844891595659,fusion,0,0.28948815663449395,0.28951884802769423,12.540800031274557,13.679085031617431,5.693999992217869,6.86692995368503,200107,11.0,220,False,18.30240001436323,19.954819983104244,2,0.004,4.835096599999815,False,True
pytorch,artifacts\main_runs\fusion_s2\best.pt,a08333b957f2fd3342a44101b9e7d50f5b5989393c57e66c05d5406ad08ae65f,False,0,nominal,False,2,"[0.8002726435661316, -0.7474744915962219, -0.8083198070526123, 0.006996527314186096, 0.00639246916398406, -0.009446214884519577, -0.9987232685089111]",1,cpu,66d3ab2a609eac7b226bf3c9fa663fdbc960532531d77b202cd14d54bea6f7ce,Place the red cube in the yellow receptacle.,0.9884434059450605,fusion,0,0.016556087088722325,0.01677537213343874,12.449300033040345,13.490209972951561,6.158749980386347,7.066354970447719,200108,4.8,96,True,18.905450007878244,19.89538497873582,2,0.004,2.1476100999861956,False,False
pytorch,artifacts\main_runs\fusion_s2\best.pt,a08333b957f2fd3342a44101b9e7d50f5b5989393c57e66c05d5406ad08ae65f,False,0,nominal,False,2,"[0.7720231413841248, 0.7913116216659546, -0.7731231451034546, 0.001625267555937171, 0.00507919630035758, -0.0029817987233400345, -1.0]",1,cpu,9ac0aadfd5a1f112f321aab7c46860df854e7835b726c9d237f8b6e74bfc547d,Place the red cube in the yellow receptacle.,0.8207844891595659,fusion,0,0.31336516197597375,0.31339351504438323,12.590199941769242,14.093870075885206,5.92329993378371,7.145950000267475,200109,11.0,220,False,18.62390001770109,20.31869000638835,2,0.004,4.897956299944781,False,True
pytorch,artifacts\main_runs\fusion_s2\best.pt,a08333b957f2fd3342a44101b9e7d50f5b5989393c57e66c05d5406ad08ae65f,True,1,nominal,False,2,"[0.7735586762428284, 0.7029850482940674, -0.8118265867233276, 0.0017889433074742556, 0.005300887860357761, -0.003177848644554615, -1.0]",0,cpu,73a3a6f1a4bc09c8d2a9f6f0747f4ecc69d772d31df6d741b26cc9b3b9b29c86,Place the green cube in the blue receptacle.,0.8207844891595659,fusion,1,0.2774695065956806,0.2775015272428176,12.312599981669337,14.743924944195895,6.065099965780973,7.109289994696155,200100,11.0,220,False,18.44019995769486,21.337535040220246,2,0.004,4.413667100016028,False,False
pytorch,artifacts\main_runs\fusion_s2\best.pt,a08333b957f2fd3342a44101b9e7d50f5b5989393c57e66c05d5406ad08ae65f,False,0,nominal,False,2,"[0.7995248436927795, -0.7836288809776306, -0.8489933013916016, 0.00726587139070034, 0.006241288501769304, -0.0095585398375988, -0.978176474571228]",0,cpu,19f7e89b9a8e4e3a51c218c474c0f37db2b7a2d863b4dee118dd5c4ffcc5f581,Place the green cube in the blue receptacle.,0.8229101510351503,fusion,1,0.13458240852950243,0.13464841334842273,12.564699980430305,13.441045006038621,5.980299960356206,7.0617449877317995,200101,11.0,220,False,18.611099978443235,19.95980503852479,2,0.004,4.859738099970855,False,False
pytorch,artifacts\main_runs\fusion_s2\best.pt,a08333b957f2fd3342a44101b9e7d50f5b5989393c57e66c05d5406ad08ae65f,False,0,nominal,False,2,"[0.8047950863838196, -0.7693275809288025, -0.8558069467544556, 0.007247086614370346, 0.006287538446485996, -0.009517958387732506, -0.9910311698913574]",0,cpu,e3531ef36f9b88e7c7c1b17db0960f6bd9eba0159796d91b69180153140802f2,Place the green cube in the blue receptacle.,0.9882214165721029,fusion,1,0.006029374893607224,0.006236452227793046,12.669399962760508,14.287529949797317,6.56114995945245,7.36851001274772,200102,4.4,88,True,19.354700052645057,21.29509493825026,2,0.004,2.051158099900931,False,False
pytorch,artifacts\main_runs\fusion_s2\best.pt,a08333b957f2fd3342a44101b9e7d50f5b5989393c57e66c05d5406ad08ae65f,False,0,nominal,False,2,"[0.7705864906311035, 0.7479360103607178, -0.8047016859054565, 0.0017796179745346308, 0.004973839037120342, -0.003106679767370224, -1.0]",0,cpu,8bf9496ab00b40e87f5cd13ff1cf03c5c0402d7823d33a4b047a232ab5dd2b72,Place the green cube in the blue receptacle.,0.8207844891595659,fusion,1,0.3268912811722716,0.3269184611460402,12.462949962355196,13.155889994231984,5.9573500184342265,7.007469981908798,200103,11.0,220,False,18.61725002527237,19.941220030887052,2,0.004,4.901554299984127,False,False
pytorch,artifacts\main_runs\fusion_s2\best.pt,a08333b957f2fd3342a44101b9e7d50f5b5989393c57e66c05d5406ad08ae65f,False,0,nominal,False,2,"[0.7697352766990662, 0.7246156334877014, -0.8000556230545044, 0.0017507250886410475, 0.005136868450790644, -0.003125392599031329, -1.0]",0,cpu,3272a28ae6703770bfa10827560c8c00906480eb142163c288e5c8a455da54c7,Place the green cube in the blue receptacle.,0.8207844891595659,fusion,1,0.2917424851739194,0.29177293943596,12.502200028393418,13.683130050776526,5.783100030384958,6.8793700251262635,200104,11.0,220,False,18.279050011187792,19.80986995040439,2,0.004,4.81328250002116,False,False
pytorch,artifacts\main_runs\fusion_s2\best.pt,a08333b957f2fd3342a44101b9e7d50f5b5989393c57e66c05d5406ad08ae65f,False,0,nominal,False,2,"[0.7883538603782654, -0.8423348665237427, -0.8146445751190186, 0.007108744233846664, 0.00663415901362896, -0.009580615907907486, -0.9712361097335815]",0,cpu,cfa305b62281aed9f63144192c13fc35d0f62d294b755355125494be3d20958c,Place the green cube in the blue receptacle.,0.8207844891595659,fusion,1,0.2858731459682993,0.28590422542777916,12.629999953787774,13.740569952642543,5.989750032313168,7.09282499155961,200105,11.0,220,False,18.741250038146973,20.1382550643757,2,0.004,4.957015300053172,False,True
pytorch,artifacts\main_runs\fusion_s2\best.pt,a08333b957f2fd3342a44101b9e7d50f5b5989393c57e66c05d5406ad08ae65f,True,1,nominal,False,2,"[0.7695866227149963, 0.6642277240753174, -0.8183630704879761, 0.0019617925863713026, 0.005262219347059727, -0.00314742187038064, -1.0]",0,cpu,ad1da59ca4ef9fd15d2fec69d26d8f279ca324127f2c08a030c8d307b80fd83b,Place the green cube in the blue receptacle.,0.8207844891595659,fusion,1,0.13868502862079796,0.1387490817814567,12.513500056229532,13.551514979917556,6.147700070869178,7.224639999913052,200106,11.0,220,False,18.752650066744536,19.969660020433366,2,0.004,5.002190300030634,False,True
pytorch,artifacts\main_runs\fusion_s2\best.pt,a08333b957f2fd3342a44101b9e7d50f5b5989393c57e66c05d5406ad08ae65f,False,0,nominal,False,2,"[0.8061950206756592, -0.7737879157066345, -0.8150488138198853, 0.006997666321694851, 0.006659385748207569, -0.009449656121432781, -1.0]",0,cpu,b7788b674c1681c3c46907e5a65c3f9f8c1577e8a6cb953ec3bc9075cce16561,Place the green cube in the blue receptacle.,0.9902730265174606,fusion,1,0.031082432127811997,0.031269319603797495,12.826699996367097,13.910205021966249,6.619549996685237,7.530849991599098,200107,5.0,100,True,19.46820004377514,20.622914982959625,2,0.004,2.3108456999761984,False,False
pytorch,artifacts\main_runs\fusion_s2\best.pt,a08333b957f2fd3342a44101b9e7d50f5b5989393c57e66c05d5406ad08ae65f,False,0,nominal,False,2,"[0.7901110053062439, -0.8268829584121704, -0.8242330551147461, 0.007184101268649101, 0.006469386164098978, -0.009584816172719002, -0.9664069414138794]",0,cpu,66d3ab2a609eac7b226bf3c9fa663fdbc960532531d77b202cd14d54bea6f7ce,Place the green cube in the blue receptacle.,0.8207844891595659,fusion,1,0.15685629811246782,0.15691293378556526,12.610949983354658,13.56664996710606,6.2268999754451215,7.091995037626475,200108,11.0,220,False,18.802700040396303,20.16027497011237,2,0.004,5.020451700082049,False,True
pytorch,artifacts\main_runs\fusion_s2\best.pt,a08333b957f2fd3342a44101b9e7d50f5b5989393c57e66c05d5406ad08ae65f,False,0,nominal,False,2,"[0.8030738234519958, -0.7312512397766113, -0.834219217300415, 0.006980016827583313, 0.006239151582121849, -0.009357055649161339, -0.9807170629501343]",0,cpu,9ac0aadfd5a1f112f321aab7c46860df854e7835b726c9d237f8b6e74bfc547d,Place the green cube in the blue receptacle.,0.8207844891595659,fusion,1,0.26226820276254226,0.26230207912241144,12.555700028315187,13.636815099744126,5.9070499846711755,7.024374988395721,200109,11.0,220,False,18.600399955175817,20.169190014712512,2,0.004,5.007549399975687,False,True
pytorch,artifacts\main_runs\fusion_s2\best.pt,a08333b957f2fd3342a44101b9e7d50f5b5989393c57e66c05d5406ad08ae65f,False,0,nominal,False,2,"[0.7753955721855164, 0.7200742959976196, -0.800390362739563, 0.001774154370650649, 0.005350947845727205, -0.0031670313328504562, -1.0]",1,cpu,73a3a6f1a4bc09c8d2a9f6f0747f4ecc69d772d31df6d741b26cc9b3b9b29c86,Place the green cube in the yellow receptacle.,0.8207844891595659,fusion,1,0.18563934431577606,0.18568720120039797,12.493900081608444,13.602300046477467,6.223600008524954,7.335195015184581,200100,11.0,220,False,18.95150006748736,20.244675030699,2,0.004,4.500192000064999,False,False
pytorch,artifacts\main_runs\fusion_s2\best.pt,a08333b957f2fd3342a44101b9e7d50f5b5989393c57e66c05d5406ad08ae65f,False,0,nominal,False,2,"[0.8071227073669434, -0.6906160116195679, -0.8467639684677124, 0.007201668806374073, 0.005782674998044968, -0.009280340746045113, -0.9616521596908569]",1,cpu,19f7e89b9a8e4e3a51c218c474c0f37db2b7a2d863b4dee118dd5c4ffcc5f581,Place the green cube in the yellow receptacle.,0.985812660169238,fusion,1,0.01958290682423499,0.019732489508385742,12.610899982973933,13.459780067205427,6.475399946793914,7.167119975201786,200101,4.85,97,True,19.132899935357273,19.82328004669398,2,0.004,2.203230999992229,False,False
pytorch,artifacts\main_runs\fusion_s2\best.pt,a08333b957f2fd3342a44101b9e7d50f5b5989393c57e66c05d5406ad08ae65f,False,0,nominal,False,2,"[0.803527295589447, -0.41271424293518066, -0.8591127395629883, 0.006580077111721039, 0.004014294594526291, -0.007839636877179146, -0.7448136806488037]",1,cpu,e3531ef36f9b88e7c7c1b17db0960f6bd9eba0159796d91b69180153140802f2,Place the green cube in the yellow receptacle.,0.8220099016551483,fusion,1,0.3230636562386102,0.3230911582106584,12.576150009408593,13.970020023407415,6.120799924246967,7.091269979719073,200102,11.0,220,False,18.92954995855689,20.68258500075899,2,0.004,4.908829900086857,False,False
pytorch,artifacts\main_runs\fusion_s2\best.pt,a08333b957f2fd3342a44101b9e7d50f5b5989393c57e66c05d5406ad08ae65f,False,0,nominal,False,2,"[0.7693792581558228, 0.7885379791259766, -0.7964266538619995, 0.0017316245939582586, 0.004930684342980385, -0.0029949210584163666, -1.0]",1,cpu,8bf9496ab00b40e87f5cd13ff1cf03c5c0402d7823d33a4b047a232ab5dd2b72,Place the green cube in the yellow receptacle.,0.8207844891595659,fusion,1,0.18685921925852572,0.1869067637982949,12.511499924585223,13.078924996079877,6.175649992655963,7.23596002208069,200103,11.0,220,False,18.780199927277863,19.74866496748291,2,0.004,4.920649499981664,False,False
pytorch,artifacts\main_runs\fusion_s2\best.pt,a08333b957f2fd3342a44101b9e7d50f5b5989393c57e66c05d5406ad08ae65f,True,1,nominal,False,2,"[0.7676363587379456, 0.7780157923698425, -0.7915443181991577, 0.0016563229728490114, 0.005106821656227112, -0.002956804120913148, -1.0]",1,cpu,3272a28ae6703770bfa10827560c8c00906480eb142163c288e5c8a455da54c7,Place the green cube in the yellow receptacle.,0.9392439070255398,fusion,1,0.1565770526551533,0.1566337892979049,12.707899964880198,13.835020031547174,6.180399970617145,7.167939969804138,200104,11.0,220,False,18.81930005038157,20.153910014778376,2,0.004,4.981608600006439,False,False
pytorch,artifacts\main_runs\fusion_s2\best.pt,a08333b957f2fd3342a44101b9e7d50f5b5989393c57e66c05d5406ad08ae65f,False,0,nominal,False,2,"[0.7958196401596069, -0.7615015506744385, -0.8218388557434082, 0.007086147554218769, 0.00636338209733367, -0.009431244805455208, -0.9785201549530029]",1,cpu,cfa305b62281aed9f63144192c13fc35d0f62d294b755355125494be3d20958c,Place the green cube in the yellow receptacle.,0.8207844891595659,fusion,1,0.15189225238107323,0.15195073828396316,12.64635002007708,14.121365040773526,6.355549965519458,7.211425015702844,200105,11.0,220,False,19.183400028850883,20.44599000364542,2,0.004,5.003558799973689,False,True
pytorch,artifacts\main_runs\fusion_s2\best.pt,a08333b957f2fd3342a44101b9e7d50f5b5989393c57e66c05d5406ad08ae65f,False,0,nominal,False,2,"[0.7697856426239014, 0.7400200366973877, -0.8006806373596191, 0.0018433879595249891, 0.005204190965741873, -0.003001660807058215, -1.0]",1,cpu,ad1da59ca4ef9fd15d2fec69d26d8f279ca324127f2c08a030c8d307b80fd83b,Place the green cube in the yellow receptacle.,0.8207844891595659,fusion,1,0.2800655871159122,0.28009731097999924,12.54094997420907,13.570955011527985,6.2528999405913055,7.180010009324178,200106,11.0,220,False,18.978400039486587,19.885239988798276,2,0.004,4.98705770005472,False,True
pytorch,artifacts\main_runs\fusion_s2\best.pt,a08333b957f2fd3342a44101b9e7d50f5b5989393c57e66c05d5406ad08ae65f,False,0,nominal,False,2,"[0.8109086751937866, -0.7278075814247131, -0.807100772857666, 0.006953786127269268, 0.006522567011415958, -0.009355495683848858, -1.0]",1,cpu,b7788b674c1681c3c46907e5a65c3f9f8c1577e8a6cb953ec3bc9075cce16561,Place the green cube in the yellow receptacle.,0.9838864637964171,fusion,1,0.021519096131160802,0.021571942465197974,12.620850000530481,13.409949984634295,6.366649933625013,7.17229992733337,200107,4.55,91,True,19.015800033230335,20.281974982935935,2,0.004,2.074656800017692,False,False
pytorch,artifacts\main_runs\fusion_s2\best.pt,a08333b957f2fd3342a44101b9e7d50f5b5989393c57e66c05d5406ad08ae65f,False,0,nominal,False,2,"[0.7960605621337891, -0.7903232574462891, -0.8206877708435059, 0.0071530211716890335, 0.0064045824110507965, -0.009570421651005745, -0.9840797185897827]",1,cpu,66d3ab2a609eac7b226bf3c9fa663fdbc960532531d77b202cd14d54bea6f7ce,Place the green cube in the yellow receptacle.,0.8207844891595659,fusion,1,0.2560163393052762,0.25605104280771857,12.489550048485398,13.27818499994464,5.977399996481836,7.322074967669323,200108,11.0,220,False,18.63365003373474,19.794285082025453,2,0.004,4.989007900003344,False,True
pytorch,artifacts\main_runs\fusion_s2\best.pt,a08333b957f2fd3342a44101b9e7d50f5b5989393c57e66c05d5406ad08ae65f,False,0,nominal,False,2,"[0.7704111933708191, 0.7027381062507629, -0.8098771572113037, 0.0018712601158767939, 0.0052153607830405235, -0.0031488891690969467, -1.0]",1,cpu,9ac0aadfd5a1f112f321aab7c46860df854e7835b726c9d237f8b6e74bfc547d,Place the green cube in the yellow receptacle.,0.8233105624893176,fusion,1,0.15173888477665007,0.15179742977042565,12.553799955639988,13.632200029678643,6.097349978517741,7.09891002625227,200109,11.0,220,False,18.708800082094967,20.14817502349615,2,0.004,4.9392516000662,False,False
